nr	art	fortsetzung	von	bis	text
1	titel		p003:1	p003:1	Ganne Nettels,
2	untertitel		p003:2	p003:2	'ne lüttge Vertellig as Vorlat.
3	absatz		p003:4	p003:7	Up e ner olen Worth mank twei Wannen lebe vor Tiedten en Mann, de was vel in er Welt rummer weſt. Hei harre veele Städte un Länder eſeihn, ok harre hei ſek an veelen groten Höwwen ummedahn un as Diplomate manchen guen Rath utedeilt.
4	absatz		p003:9	p003:13	Wie dat ſau kümmet, mankedorch was ene dat Glücke hold eweſt, vor't Mehrſte aber was et ene nich na Wunſche gahn. Teleſt, as hei in de Jahre kam, was hei det Hantirens oberdrüſſig. Hei namm ſine ole Worth, de he bet dahen vermeiert harre, ſilben an, un dachte ſek te Rauhe te ſetten.
5	absatz		p003:15	p003:19	Klauk, as he was, meine hei, et mößte ene wol gelingen, ſinen How, de en Bettchen in Verfall ekommen, wedder in Gang te bringen, un wenn et de Herre geben wolle, ſau dachte hei ok noch ene gue Frigat te maken, un ſinen Stamm von de Veihwanns, de ſek na der olen Worth nämſen, fortteſetten.
6	absatz		p003:21	p003:22	Worumme ok nich? — Veihwann was noch in guen Jahren un von older Fomilig.
7	absatz		p003:24	p004:2	Sine Vorfahren harren ſek vor Olders, as noch de Düringer mit den Saſſen umme dat Land ſtrien deen, uteteiket. Se wärren te dem Male mit er olen Worth bigabet, dei vel eigene Gerechtſame an Waien, Wieſchen un Wold, Dieken un Deinſten, Land un Lüen harre. De How was gut, un manch jung Mäken härre ſek wat da uppe te gue dahn, as Frue up der olen Worth te reſidiren, denn e ne Reſidenz was de ole Worth.
8	absatz		p004:4	p004:7	Se was mit en Bollwalle beringet un harre midden inne enen groten Steinthoren ſtahn, up den en mit er Leire ſtien moßte, weil des, dat de Brügge, dei von den olen Huſe na den Thoren gung, all lange affefult un dal eſtörtet was.
9	absatz		p004:9	p004:23	Schon dat Older von ſau ener olen Borg hat vor Fruenslüe wat, dat antrecken deit. Sei denket ſek immer in de Tiedten terrügge, as noch de Ridders gentilken mit ſe umme gingen, un wor de Frölens tau de junken Mannslüe wedder gnädeklich deen. Diſſe Erinnerunge an de ole Luſt is bi en Fruenzen noch nich ganz uteſtreken, ne, ſe nimmet in diſſer uſer Tied mankedorch noch tau, vornut, wenn de Fomilig, ut der de Bredigam ſtammet, in er Naberſchop noch in guen Anſeihn ſteit. Dat was nu hier ſau, denn de olen Lüe vortellen ſek faken, dat de Veihwanns vor olen Tiedten up en Steinen von der olen weuſten Gerichtsſtidde, up er Brods-Enne eſeten, un dat ſe in Felle up en Tie ehr Weſen ehat harren; dat ehre Nakomen aber immer in guen Andenken eſtahn harren, dat was wiſſe. Wie wol ſe in der Naberſchop keine grote Frindſchop up te wieſen harren un nich in groten Anſeihn ſtunnen, ſau wärren ſe doch eachtet, gutmäuig, milddädig un jeder Mann gut Frind eweſt.
10	absatz		p004:25	p004:38	Veihwann ſilben, obſchonſt hei all en Sombart kreig, was lüiſch, un ſine Utſichten up ene gue Frigat wärren gar nich ſau weg te ſmieten, te malen hei der Meinunge was, dat bi der Kiſunge ener Brut Alles da up ankeime, dat ſe en geſund, dütſch Deren wärre, un dat ſe vor Allen de Hushällig ordentlich verſtünne: Saune Mäkens wärren nu te dem Male gar nich ſau ſeltſen, vorbat, wenn en ſe bi den Börgers- un Buers-Lüen ſochte. Veihwann harre dat Utſeuken, hei harre de Wahl un harre de Qual. Veihwann leit dat drumme vort Erſte obſiets. Weilen hei nu aber doch einmal frieiſch was, ſau dachte hei dran, ſek erſt en niet gladde Neſt te buen. Hei hacke drumme ſine Eiken, de umme de ole Worth rummerherſtünnen umme, un timmere ſek en frindlich ſtaatſch Hus. Dat lüchte ſau nitſchen in dat Land hendal, dat wol de Deren nieren da up wärren, wat dat wol vor en jung Burße möchte ſien, de ſek en ſau gladde ſchön Hüſeken bue? —
11	absatz		p004:40	p005:2	As nu Pingeſten in dat Land kamm, da ſach en ut allen Büſchen junke glante Mäkens kieken, wie et wol umme de Worth ſtünne, un wie ſek de Regente da ſau ſchöne innerichtet härre.
12	absatz		p005:4	p005:15	Mäkens ſind nietſchieren, wie en wol weit, vornut, wenn ſe wie de Häuner im Freujahr rohe Köppe kriet, denn iſt kein Holen mehr; dat geit ober Stieg un Tun in de Büſche un de Böme. Hier werd Blaumen eplücket, un dort werd Kränze bunnen, un dat Jagdtern is ut der Maten, un dat Schnacken hat nein Enne, vornut, wenn et ſek umt Frieen handelt. Denn werd innewennig un buttewennig elachet, un mankedorch, wenn dat nich ſau inſleit, denn kümmet ok wol en heimlich Groll. Denn werd ſe ſtrammbulſtrig un weent en Schuer, un de dicken Thranen fallet denn in en Schot, denn hänget ſe dat Köppken un ſeuket, as härren ſe wat verloren, un bi der Säukig finnet ſe en Kaublaumenſtengel un plücket dene af un beſeiet de Puſtern der anne un ſettet ſek dal un beet.
13	absatz		p005:17	p005:17	Hei hat mek doch leiv? — Leiv hat he mek doch!
14	absatz		p005:19	p005:27	Un denne blaſet ſe de Puſtern der von af un tellet, wo vel Jahre wol da ober hen gahen künnen. Un wie wol ſe feſte puſtet ſau bliebet doch noch vel te vel Puſtern ſitten. Verdreitern ſmietet ſe den Stengel ter Halbe un fänget von nien an den Knöppen aftetellen, ob dei wol grade oder ungrade ſind, un up teleſt ſind ſe alle mal grade, un wenn ſe nich grade weren willt, denn ſmietet ſe einen Knopp ober ſek weg, un denne is dat doch grade, un denn ſegget ſe „de Himmel hat dat ein mal ſau ewollt, un grade is et doch, un et ſchall einmal ſau ſien.“
15	absatz		p005:29	p005:30	Sau kam dat denn ok hier in miner Vertellig, wenn ok en bettchen anders.
16	absatz		p005:32	p006:11	As de Mäkens te Pingeſten ut den Buſche an der groten Wanne vor der olen Worth keimen da juchheißen ſe lue up, denn von der andern Halbe was ok en Tropp junke Lüe ut den Nabersdörpern ekomen. Se wenken ſek en ander tau, un et dure ok nich lange, da wärren ſe alle te Hope up er Wieſche, dei tau der olen Worth höre un vor den Worthholte lag. Man allene Ganne Nettels harre ſek an den Grenzſteine von ehres Vaers Wieſche daleſett, de in dat Worthholt un in de Worthwieſche inbuchte, un umme dei de Nettels lange Jahre mit den Veihwanns Striet ehat harren. Se harre ehren Korf up en Grabenbort ter Halbe ſtellt un ſortire de Blaumen un de junken Looftelgen, de ſe von den Maien eruppet harre un dee gar nich, as höre ſe der tau. Se keik ober den Grabenbrink na den nien Huſe up der olen Worth un dachte ſau biſek, wie doch Alles anders ward. — Süß hat en ſau ofte bi der Heuwenne de ole Worth mit ehren ruppigen Strohdäkern eſeihn, un nu ſchient dat ſau roth un ſau gladde her, as wärre dat in Sunnenſchiene Alles von Gold un Silber etimmert. Süß harren des Striets halber immer en Groll in Harten, wenn en de Worth bi en Heumaken te Geſichte kreig, un nu ſchient dat ſau fründlich hendal, as wolle ſe einen inlaen hentekomen un uterauen. —
17	absatz		p006:12	p006:13	As ſe ſau noch vor ſek henſprok un wier dremmele, da harren de junken Lüe all ene Kedde ſloten un wollen den Dridden afſlahn.
18	absatz		p006:14	p006:15	Se reipen ehr tau: Ganne wutt Du allene ſitten blieben, wenn wie Alle luſtig ſind? Du warſt doch neine Speelverdarberſche ſien! —
19	absatz		p006:16	p006:23	Nee dat nich, ſäe dat Mäken, aber wenn ek up miner Vaers Wiſche danzen un ſpelen kann, denne mag ek nich up ener fremmen rummerpoſen. Wenn jü diſſen Strietſtein kennen wie ecke, un wenn jü man en Biensken ſau dächtet wie ek, denn wollen jü jüg wol wahren un up fremmen Bodden rummerherlopen, te mal wenn dat, wie et wol ſcheien mag, nich emal verlöbet ward. Ek mag Nemes umme wat angahn oder gar te weddern ſien, wat ene nich anſteiht. Wat den Einen nich nehme, dat is en Andern nich lieke lang.
20	absatz		p006:24	p006:26	Ach wat! reipen ehr de junken Burßen un Deren tau un ſchillen. Du wutt man wedder de Stolte ſpelen, du meinſt dek man wat, weilen dien Vaer uppen Nettelhowwe ſitt.
21	absatz		p006:27	p006:29	Wie hätt alle Jahr te Pingeſten up er Worthwieſche eſpelt, un nein Minſche hat da wat bi ehat, aber Du biſt ſtolte as en Frölen, un biſt en Frölen, un haſt immer wat der bi, wenn wie luſtig ſind.
22	absatz		p006:30	p007:8	Dit Frölen ſtötte nu de Ganne harre an en Kopp, denn ſe harre vor wahr ſaunen lütchen Prickel, un dachte ſek en bettchen mehr te ſien, weilen ehre Vaer den Nettelhoww inne harre, dei in en Dörpe vor den älleſten How gult, un weil de Nettels ſek immer as grote un ſtolte Frieburen heilen. Se ſlaug ſachtchen de Oen dal un plücke en Paar Hälmeken aff, de tau ehren Fäuten ſtunnen, as wolle ſe affluren, ob nich noch en heikel Wort in ehre Ohr keime. Se batt ſek up de Lippe un trecke de affgeruppeten Grashalme vor en Geſichte dorch, as wolle ſe ſeck ne Miie affjaen; aber ehre lüttche Finger ſmatt ne bittere Thrane ter Halbe, dei nu dit mal Neiner ſeien ſolle, un de ok Neiner te marken kreig. Dar na namm ſe ene Raue un legte eine Blaume an de andere an, as wolle ſe en Kranz binnen, un as ſe noch ſau hen un her grübele, halff vor Aerger un halff vor Stolt, wat ſe eigentlich vorharre, da hör en mit einen Male lue upkriſchen.
23	absatz		p007:10	p007:13	De Herre kummt, Veihwann kummet! — De Deren un de junken Burßen wärren dralle ober den Graben un de Wanne in dat Buerholt elopen un harren Rietut enohmen, man allene Ganne Nettels was bi den Steine ſitten ebleben un märe mank ehren Blaumen.
24	absatz		p007:15	p007:16	Veihwann gung up ſe tau un ſäe: Guen Dag. Sinn jü allene ſitten bleben un de Andern ſind fort? —
25	absatz		p007:18	p007:19	Schönen Dank, twere Ganne an, dat will woll ſau weſen. De Häuner fleiet weg, wenn de Habuk kummt, un de Habuk meiet de Dören.
26	absatz		p007:21	p007:24	No wat den Habuk angeit, meine Veihwann, ſau wüßte ek nich, dat ek ſau griepfängig up de Häuner wärre, denn wenn dat ſau ſtünne, ſau künne ek jüg ja lichte infängen, un jue Vaer ſolle woll gue Wöre geben, dat hei ſinen Voggel wedder inhale.
27	absatz		p007:26	p007:34	Ja wenn diſſe Brink un Stein nich wärre, un de Wanne nich an mines Vaers Wiſche trecke, ſau härren jü woll en Recht te ſchillen, aber ek ſitte up den Uſigten. — Hinder den Steine is jue. — Un wenn jü Luſt verſpört intefängen? — De Weg geit ober de Drift in dat Buerholt; man ek globe, da werd woll wecke ſien, de dat wehret, un Dörenſtöcke waſſet da ok. Hier bin ek in Rechte, un wenn ek ok man en Mäken bin, wat min Recht un mine Frieheit bedütt, dat weit ek grade ſau gut wie jü. Wat da butten is, dat ſind mine Bohnen nich, hier aberſt bin ek up en Minigten; ek hete Ganne Nettels.
28	absatz		p007:36	p007:36	Damidde namm ſe ehren Korf un Blaumen un wolle gahn.
29	absatz		p007:38	p007:41	Veihwann ſach ſe ſek von unnen bet te boben an, un in ſinen Harten ſprok dat: Wat is dat vor en ſtolt, ſtatſch Deren! Bin ek doch wiet in der Welt rummer herkomen un hebbe ſau en ſlank, prutzig Fruenzen nich eſein.
30	absatz		p008:1	p008:2	Hei ſette fluchs ober den Grabenbort un kamm Ganne Nettels up er Drift in de Möte.
31	absatz		p008:4	p008:12	Jungfer, ſäe hei, Niſt vor ungut, ek harre dat mit den Infängen nich ſau erenſt emeint, ſieet drumme nicht allgrämig un verdreitern, un wenn jü na Hus komet, ſtellet juen Vaer en ſchönen Gruß tau von mek un ſegget, ek leite ene gue Naberſchop beien, un wenn hei et verlöbe, wolle ek ene biſenken. No ek kome; kome ek aberſt, denn ſied nich ſau prutzig tien mek as up Stunds. Nich wahr Jungfer, dat verſpreket jü mek! — Un da midde gaf hei Ganne de Hand taun Afſchiede, ehr ſe mal wußte, wor ſe der tau ekommen was, ſe antenehmen, un nich terügge te trecken.
32	absatz		p008:14	p008:17	Dat Mäken was dabi bet ober beide Ohren roth eworren un ſlüre längſchen ober de Wanne in dat Buerholt. Veihwann aber trat wedder up ſinen Plan un keik ehr lange na, bet de Büſche dat ſtolte, gladde Mäken mit den friſchen greunen Looftelgen taudecken.
33	absatz		p008:19	p008:29	Seer diſſer Tied was in Veihwann en ander Leben inekehrt. Hei konn et gar nich mehr afwahren, dat ſien niet ſchön Hüſeken fertig word, un dat de Diſchers un de Anſtriekers nich von der Stidde keimen. Hei ſchult un dreif. Alles gung ene te längſchen un ſachte. Wenn hei aberſt mal frie harre, denn gung hei na den Steine an er Wieſche un keik ober Nettels Grashow na en Kerkenthoren in Nabersdörpe, un ob Nettels Schüne, de ober de Woldböme henluge, noch dat Heilebartneſt wieſe mit ſinen frindlichen Voggelpaare, de ſek immer en ander anklappern, wenn de Eine un de Andere te Neſte flog. Denn dachte hei wol bi ſek: Wat ſind dei glücklich in ehren Sommerpalai wenn et dek doch ok ſau wärre! —
34	absatz		p008:31	p008:34	Hei gung wedder na Hus un keik in alle Ecken un telle alle Fäker na un brumme vor ſek hen. Et geit längſchen, et kummet nich wieer; de Kaare blifft allheil noch ſtahn. Hei legte ſek hen un ſummenire un dremmele un ſtund wedder up un harre neine Rauhe.
35	absatz		p008:36	p008:38	Dit duere ſau hen, bet de Meihers keimen un de Wieſche meihen. No, denn gung hei na er Wieſche, allene man, umme te ſeihen, ob woll de junken Burßen un Deren in Freujahr vel umepoſet harren.
36	absatz		p008:40	p008:42	Ob hei noch wat Anderes in Koppe harre, un ob hei meine Ganne Nettels bi der Heumakig up der Nettelwiſche te drepen, dat weit ek nich wiſſe, et kann aber möglich ſien.
37	absatz		p009:1	p009:9	En olen Junggeſellen, dene wie en olen Rehbocke nochmal de Knobben ſprotet, deme ward in en Maidaen dat Blaut lichte unfehrſch; hei möchte jimmer noch mal begegnen ſpelen. Wie wol hei weit, wat da bie rut kummet, hei kann er nich von laten. Vort Mehrſte is hei en Liſekentritt un, blöer as en Schauljunge, aber dat nützet niſt, de Mailuft drift un teleſt fallt hei doch rin, obſchonſt e noch ſau vele Wenns un Abers upſtellt. Un dat is ok man gut, vorbat, wenn hei en gut Gegenpart find, denn ſüſſ blebe hei ja leddig as en olt Jungburße, un wat wolle denn ut der Welt weren.
38	absatz		p009:11	p009:19	Mit uſen Veihwann was dat ſcheier ok ſau. Et was in den Maidaen ober ene kommen un ſpeuke nu bi ene na. Hei trampe wedder na en Strietſteine un keik ower de Böme na Nettels Howwe. Hei härre geren na Ganne utegluſtert un freue ſek der up, ſe te ſeihn te krien, manſt hei was in ſinen Inrichtungen un mit den Husbue noch nich up et Reine komen, un ſau hentelopen, un olt Nettel ume den Bart te gahn, dat ſtund ene nich an, datau harre hei de Couragie nich, kort, hei was en ander Minſche worren, de nich ut der Oberleggig kam, hei was ja wedder e mal Diplomate.
39	absatz		p009:21	p009:23	Up Nettels Howwe, wo ſüſſ Alles na der Schnauer gung, da was dat ok ſau hen mit der Biſtännigkeit, ne lüttche Veränderunge was da ok in eträn.
40	absatz		p009:25	p009:37	Ganne Nettels was ſeer der Tied, dat ehre Kameradſchaft ſe Frölen nenne, wie ſe ober den groten Grenzſtein na der olen Wort keik, un nahedeme dat Veihwann ehren Vaer te biſeuken taueſeggt harre, ſtille vor ſek te Hus bleben, obſchonſt ſe doch ſüß geren mit ehrer blanken Harke in glanten Klee na der Heuwenne lopen kam. Süſſ was et ehr jimmer te ſtille un te enge in Huſe, jetzt aberſt bleif ſe heme, un wenn et Keiner ſach, denn wene ſe mankedorch in Stillen en Schuer af, un ſüfze, as harre ſe de Marte drücket. Denn aberſt fate ſe mit Forſche wedder de Arbeit an, un denn genug dat Schüern un Fegen un Sandſtrauen los, dat et de Art harre, un dat en niſt as Bollwarken un Beſſenrutſchen höre, ſau dat et ehren olen Vaer un der ſieken Mutters ofte te vel word, dat beie wol den Kopp der tau ſchüddeln, un nich wußten, wat ſe der tau ſeggen ſollen, un worhen dat utlopen wolle.
41	absatz		p009:39	p010:23	Ole Nettel höre, under unſch eſegt, tau den Buern, de vel up Meß heilen, un de da meinen, wo nein Stroh, Meß un Drek up en Howwe wärren, da wärre ok nein richtig Wolſtand. Nu was da bi ene wol Ordnunge, denn alle Middewochen un alle Sünnabend word dat Hus uteſchiffelt, un tau en Sönndag word ok wol mal eſchüert un Sand ineſtrauet, ok wärren denn de Diſche afewuſchen, un de grote Koffekettel word denn afenohmen un blank eputzet, allene diſſe Dae wärren doch eigentlich ſau, as wärren ſe ut ſinen hüslichen Leben uteſtreken. Denn gung hei na en Kraue, bet dat Alles reine was, un nein Kruck un nein Beſſen mehr hantire. Hei was noch von den Olen, de Alledaes blanke Lederne dreuen, wor up ſe dat Meſt ſcharp maken konnen, wenn et tau en Morgenbroe gung, un de ober ehren Buk un ehre Boſt un Aermel blanke Straten uptewieſen harren, de wie blanke Beke en beſtöbet Euwer beſpeulen. Dabi was aber ole Nettel neineswees verbummelt. Sönndaes word alle Mal en rein Himme, de witten Upgekollderten un de glante Bredigamsrock mit den groten beſpunnenen Knöppen un den rohen Underfutter annetrecket, un denn härre Einer ſollen kommen un Jonas Nettels Hus un How hebben antaſt oder gar biſchmetten. Denn trecke hei ſine breie Underlippe immer deiper dal, denn dreie hei ſinen Dreimaſter umme un denn fate hei ſinen apelbömen Gaeſtock, un was en ganzen Buer, ſtolte, ſtramm un ſtraff. Sine grauen Kattenoen gluſtern denn wuchtig under ſinen borſtigen Oenbroen vor, un ek härre Neinen rahen mocht, ene in de Wee te komen; aberſt dat dee ok Keiner, denn wenn hei iwrig word, denn was da kein Kerſcheneten midde, obſchonſt hei ſüſſ lüiſch was un kein Kind bedreube.
42	absatz		p010:25	p010:26	No, Jonas Nettel was ſau un bleif ſau, un da was Niſt mehr an te ändern un te mäklen.
43	absatz		p010:28	p010:30	Sine Frue harre da ofte ehren Kummer ober e hat, un Ganne Nettels wußte as e ne gue Dochter, dat en Vaer un Mudder ehren ſchall, un darume legte ſe ehne ok Niſt in en Weg.
44	absatz		p010:32	p010:35	Allene ſeer Veihwann ſek bi ehren Vaer anemeld harre, was ſe doch ſau bi Lüttchen en Bettchen wieer in der Rentlichkeit egahn, un vorbat det Sönndaes moßte nu Alles blank un nietſchen utſeihn, un de Stallderen moßten denn ok en How reine ekrucket un efeget hebben.
45	absatz		p010:37	p010:41	Denn ſette ſeck dat ſmucke, ſnare Mäken mit ehren Neitüe an de Fenſterbank, un alle Mal, wenn ſe en Som fertig eneiet harre, denn fate ſe dat Tüg, un glätte et mit en Nägels, dat et man ſau rietſche un ſau ratſche, un denne keik ſe ober den Keilekenbom, de an der Fenſterhalbe ſtund, na der Strate, de na der olen Worth henwieſe.
46	absatz		p011:1	p011:7	Sau ſatt ſe eines Sönndaes wedder mal bi ehren Neitüe. Ehre Vaer las grade ſiner kranken Fruen en Troſtverſch ut en Geſangbauke vor. Se harre eben wedder ene Somnath fertig, un de Vaer las „Herr erlöſe uns aus tiefer Noth.“ Rietſch, ratſch gungen ehre Nägels tauer Schichte ober dat harre, ſtiebe Linnen. Se keik wedder up de Strate un make ehren Hals lang, dat ſe ober den Keilekenbom wier in die Ferne lugen konne.
47	absatz		p011:9	p011:13	Ehre Vaer richte ſek in ſiner ganzen Poſentur up, hei ſchof ſinen Dreimaſter mit der Knoppſpitze na vorne un ſach mit Erenſt ſine Dochter harre an, dei in ehren Sönndagsſtaate, der lüttchen breitbändergen Mütze, den witten geſtebeten Halskraen un den ſammtmancheſternen Camiſol ſek ower de Fenſterbank henböe un wedder der Strate tauwenne.
48	absatz		p011:15	p011:19	Dochter, ſäe hei, wat haſt Du jimmer ober den Heldernbuſch te ſieken, te mal, wenn ek diner kranken Mutters Troſtwöre ut den Geſangbauke vorleſe? — Du könneſt doch ok tau hören. Du kummeſt mek nich vor, as wärreſt Du derbi. Biſt Du nich bi dek un mit dek ſilben nich eins? —
49	absatz		p011:21	p011:25	Niſt vor ungut, leiwe Vaer, twere Ganne an, da is en Fleienſnipper, de fänget alle Fleien un Müggen von den Keilekenblaumen un da dachte ek ſau in minen Sinn, as jü laſet, wenn Du doch ok dinen olen Eldern ſau alle Sorgen wegſnappen künneſt, as diſſe Fleienſnipper deit, de ſau flink Grillen jögt un Gnitten picket.
50	absatz		p011:27	p011:28	Danke ſchön vor en guen Willen, ſäe olt Nettel; aber et will mek ſau vorkomen, as härreſt Du wier e keken.
51	absatz		p011:30	p011:34	Ja, Vaer, dat is ſau hen. Erſt fänget ſau en Gedanke minne un leerbehren an, un denn geit dat von ſilben wieer de ganze Strate entlang, un denne denket en ſek hinder der Strate Barg un Wold un Wieſche un Höwwe un Dörper, un midden inne en grot Schlott mit allen, wat er anne un inne wohnt.
52	absatz		p011:36	p011:40	No were man nich hochmäuig, ſäe de Ole, un keik ok en Mal ober den Heldernbuſch de Strate entlang na den Fleienſnipper, un as hei noch nipe na den Voggel ſochte, da kamm da in korten Gallup en Minſche klabiſter klabaſter up en Appelſchimmer in et Dor rineredden un heilt up en Howwe.
53	absatz		p011:42	p011:44	Veihwann! ſäe Ganne, un dabi word ſe roth un zetterig un dat Harte ſlaug ehr as woll et utfleien. Vaer, gaet ene entien, un latet ene in de andre Stube, dat he de kranke Mudder nich ſtört.
54	absatz		p012:1	p012:5	De ole Nettel dee denn ok wat ſine Dochter ſäe. Hei namm Veihwann dat Perd af, nademe dat ſe ſek guen Dag un ſchön Dank eſegt harren, un reip Veihwann tau: Gaht rechts in de Gaſtſtube, ek will anzant dat Perd uphalftern, weil des, dat uſe Jungens un Knechte Sönndag fiert. Ganne ſchall jüg te drinken geben.
55	absatz		p012:7	p012:11	En guen Drunk bi heiter Tied ut leiwer Hand is immer midde te nehmen, vornut, wenn en wie in Werthshuſe nich mal dervor te danken hat. Un dat was hier ſau, denn te diſſer Tied gung de Kraug noch bi den Ackerlüen un Halfſpänners umme, et gaf noch kein Gemeindewerthshus, un in diſſen Jahre harren Nettels den Utſchank.
56	absatz		p012:13	p012:15	Veihwann gung ober de Däle in de Gaſtſtube un ſette ſek an den groten Diſch mit den gekrüzeten Beinen un der groten blauen Schebberntafel.
57	absatz		p012:17	p012:20	Da kamm Ganne in ehren Sönndaesſtaate, in lüttchen ſchwarten Clapptuffeln un dorchbrokenen Zwickelſtrümpen, ſlank un ſnar, as ene junke Eſche, un gaff Veihwann mit en fründlichen Willkomen de lüttche Hand.
58	absatz		p012:22	p012:24	Veihwann heilt de Hand feſte un ſäe: Jungfer, et hat mek led edahn, dat ek jüg te Pingeſten an en Worthſteine iwerig emaket hebbe, un et hat mek neine Rauhe laten, ek mußte her un jüg affbidden.
59	absatz		p012:26	p012:26	Niſt vor ungut von te demale. Jü hät mek doch vergeben? —
60	absatz		p012:28	p012:32	Ganne, de bet dahen immer up de Schebberntafel ekeken harre wor noch de Kriedeſtriche von ener untgewiſcheten Zeche dorchſchemmern deen, ſlaug nu ehre Oen up, half ſchämleren un half luſtig, as wolle ſe de Rechnunge von Dae vorher quitt maken un ſprok: Dat is all lange her, un ek pläe lichte te vergettern.
61	absatz		p012:34	p012:37	Wenn jü ſau lichte vergetten ſind, meine Veihwann, un ek doch nich geren vergetten ſien möchte, weil ek nich von jüg laten kann, ſau wärre et wol am beſten, wenn wie unſch te hope deen, un jü immer bi mek blieben wollen? —
62	absatz		p012:39	p012:43	Dat ſtimmet; dei Voggels, dei wegfleien künnt, de ſett en in en Buer. — Jü ſind lange utebleben, ehr jü dem Vogel naegahn ſind. De Voggel is noch frie, un et ward wol rathſam ſien, wie föddert von wat Andern. Ek hale jüg, et is hüte en heiten Dag, en friſchen guen Drunk.
63	absatz		p012:45	p013:6	Ob ſchonſt nu Veihwann helleſchen heit was, ſau dachte hei doch vel weniger an en Beierkraus, as an Ganne: Hei ſprung up un wolle Ganne in ſine Arme nehmen; man dat Mäken harre all den Kraus efatet, un dat gollene Beier mit ſinen Silberſchume ſprodele da inne up un dal, as ehre Harte in der Boſt. Wenn ſe ſüß ehre Lebedae nich oberlopen leit, dit mal harre ſe et doch verpaſſet, un bi den Dalſetten follen en Paar Druppen up de Schebberntafel, as wolle dat Schick ehr de Teche upteiken.
64	absatz		p013:8	p013:10	Veihwann nam fluchs de Tied wahr. Hei trecke dat Mäken tau ſek up en Schämel un ſäe: Nich wahr Ganne, Du warrſt mine Frue? —
65	absatz		p013:12	p013:13	Ecke? — Na, da ward wol Vaer un Mudder ok en Wort tau te ſeggen hebben.
66	absatz		p013:15	p013:17	Wie ut langer Wiele, tippe ſe dabi mit ehren lüttchen Finger in de obergelopenen Druppen, un telle de Sprittchen, de de Schebberntafel anfuchten.
67	absatz		p013:19	p013:24	Eine, tweie, dreie, veiere. — Dat was gerade, reip ſe mit ören frindlichen Geſichte, un wolle all inſlan, as ehr Veihwann de Hand un en Kuß bot, aberſt in diſſen Oenblicke, kam olt Nettel ut en Perſtalle, un entſchüllige ſek, dat hei den Halfter nich glieks ter Hand ehat, un dat dat ſau lange eduert harre, ehr hei ſinen Gaſte harre upwahren konnt.
68	absatz		p013:26	p013:33	No, unſch is de Tied nich lang eworren, ſäe Ganne. Herr Veihwann hat ene gue Utrede. Hei weit nietiig te fören un verſteit dat halftern. De Beiernixe is unſch ok nich entien eweſt. De utgeſtöbeten Druppen wärren grade. — Ja, Vaer, ek will et jüg man ſegen, Herr Veihwann hat um mek aneholen. Hei iſt lüiſch, ek mag ene lien, un wenn Du mek leiw haſt, ſprik mit ene. Anzant will ek na der Memme gahn, un ſe underwieſen wat ſcheien is, un fraen, wat ſcheien ſchall. Damidde gung ſe ut der Dör ober de Däle na er Mudders.
69	absatz		p013:35	p014:6	Nu gung dat ant Utfraen, wie et umme de ole Worth ſtünne. Wo vel Veih da uppe ginge, wo vel Land, Wieſchen un Holt der tau hören, un ob dat wol enaug wärre en richtig Utkommen te vermauen, wenn Ganne bi ehrer Aftreckig ene ordentliche Mitgaft midde kriegen dee. Dat ſtimme ja nu ſau halberlang, un olt Nettel harre vor't Mehrſte niſt dergegen, dat ſine Dochter up de Worth friee, aber hei harre immer noch en ander lüttig Bedenken, un dat beſtund da inne, dat Veihwann ſek wat der up te gue dath, dat hei ut ener olen Fomilig ſtamme, de ſek von Olders her tau den Eddelingen telle, un dat hei uterdem ſek vel mit Schrieberie afegeben harre. Dat wolle olt Nettels nicht recht in en Kopp. Wie Veihwann den Eddelmanns- un Gelehrten-Prikkel, ſau harre olt Nettel den Buern-Prikkel. Hei härre abſolut ſine Dochter keinen Schrieber, Halfbuern oder Koſſathen egeben. Hei meine, wat hei ſiner Dochter in diſſer Wieſe nicht tautruen künne, dat drefte hei Veihwann ſiner Dochter gegenober ok nich an Mauen ſien.
70	absatz		p014:8	p014:18	Veihwann gaff ſek nu helleſche Meue olt Nettels rummer te krien, dat bi Stännen de ebillet wärren, un datau rekene hei de Nettelſche Fomilig, nein Underſchied bi wärre, un dat ja Grafen un Ferſten oftemalen Dänzerinnen un Muſikantenmäkens frieen. Aber dat ſlaug bi olt Nettels Alles nich tau. Hei bleif der bi, en Underſchied wärrer doch bi en Minſchen wi bi en Veih. Un en Minſche wärre immer noch kein Minſche, un en Perd immer noch kein Perd. Bi en Pere keime dat up Race un Tucht, un bi en Minſchen up en Minſchen an. En Buer blewe en Buer, un en Eddelmann wärre immer noch nich eddel, aberſt en Junker könne dat jänkeriren nich laten, un darume wärre et beſſer wenn jeder in ſinen Stanne bleve.
71	absatz		p014:20	p014:25	Hier hapere de Frigat, un Veihwann wußte nich mehr ut un in. Weilen hei nu all up der Reterade was, dar en lichte Breiwe ſind, dei all olt ſind, un nich immer in guen Geruche ſtaht, ſau kamm hei unglücklicher Wieſe up den Striet umme den Grashow an der Worthwieſche te kören, un dat mit der Hochtied nu alle Fiendſchaft un alle Groll en Enne hebben ſolle.
72	absatz		p014:27	p014:37	Wat? — ſäe olt Nettel, de Grashow is na guen Rechte min. Hei fate mit der Linken na ſinen Dreimaſter un mit der Rechten na ſinen Appelbömen, de juſtemente in der Ecke von den Schenkdiſche ſtund. Sine Underlippe hänge einen halben Toll deiper dal, ſine Oenbroen richten ſek na unnen, ſine Oen maken witt wie bi en Oſſen, de ſek taun Stöten ſtellt, un gluſtern grimmig under der Grollfole vor, de ſau deipe word, as ene utgepleuete Grenzföre. Wat? is nich de Striet te Enne? — Steit nich de Strietſtein uperichtet up juer Halbe mit den Dribläe, un na unſch tau mit en Nettelkrue? — Wat is dat vor en Snack! — De Grashow is min, un nich en Quaderattoll geit der von af.
73	absatz		p014:39	p015:2	Ja, ſäe Veihwann, dat is wahr un hat ſine Richtigkeit; da inne hät jü recht, un ek härre den Strietſtein um Alles nich in't Mul e nohmen, denn ek weit, dat hei en heikel Dinges is, aber ofte Malen kummet ut deme, wat einen nich nehme is, en guen Utgang, un dat, leiwe Vaer, drüppet hier tau.
74	absatz		p015:4	p015:26	Dat Klewerblät up miner Halbe is ſeer Jahrhunderten dat Wapenſchild miner Vorfahren, un de Nettels hätt an allen Gebüen un up allen olen Liekenſteinen ne Brennnettele ſtahn. Wie wolle dat kommen ſien, wenn nich vor olen Tiedten beie, de Nettels wie de Veihwanns, diſſe Teiken edraen härren, de beie up en frieen Buernſtand henwieſet? — Dat is mal wiſſe, Buern ſind uſe Vorfahren alleſammt eweſt. De Perköppe up en Dakferſten wieſet up en Spanndeinſt von frieen Buern in Kriegstiedten hen, un jedweder harre ſien Fomiligenwapen, man allene nich de Koſſathen un de Brinkſitters, denn dei dreuen kein Schild un kein Speet, un drumme konnen ſe ok nich vor richtige frie Buern gillen, un dreften neine Sunnen an ehren Hüſern hebben, ſe wärren nich frie un harren ehre Gut nicht von der Sunne. Zwars harren dat Handwark un de Warklüe ok ehre Teiken, as en Hauwieſen vor en Schmed, oder en Rad vor en Stellmaker, oder gar ene Scheere vor en Schnieer, aberſt dei harren denn wedder keine Perköppe, dei hören nich tau der Buernſchaft. No, dat is nu Alle anders e worren, un dorch dat vele Verlehnen un Tehopeköpen ſind de olen Fomiligenſtämme dorch en ander ernährt, wei aber hätt unſch ſtille weg von allen nien Wandel un Kehr frie eholen, un darumme latet jüg nich eriwrigen von wegen det Strietſteines, dei as Teiken von der Frieheit uſer beien Fomiligen ſteit; wered nich verdreitern, un legget de Klewerbläe un de Nettelbläe te hope up einen Bräe, un ek will jüg von Harten danken, un jüg leiwe Teitge nennen.
75	absatz		p015:28	p015:37	Diſſe Rede Veihwanns make up olt Nettel en ſtillenden Indruck. Teitge wolle Veihwann olt Nettels nennen, wenn hei de Klewer- un Nettelbläe teſamme legte, un Buern wärren ſe Alle eweſt mit Utnahme der Koſſathen, Brinkſitters un Schriebers. Dat was en Plaſter up de ole Wunne, as de Striet ober den Strietſtein wedder anereget word. Sine Fole vorn Koppe flache ſek allmählig wedder af, de Oen worren wedder fründlich, un de Appelbömen Gaeſtock word wedder in de Ecke ſtellt, aber ſpreken konne olt Nettel noch nich wier, dat Gebläute was noch nich ganz in Rauhe kommen. Hei nicke bifällig mit en Koppe un köre vor ſek hen.
76	absatz		p015:39	p015:39	Tehope Drieblät un Nettelblät! — Buern ſind ſe Alle weſt.
77	absatz		p015:41	p016:4	In diſſer ſachte lopenden Tied der Oberleggig, wor et Veihwann all ganz bängiglich word, kam Ganne Nettels wedder in de Stube. An Bedde ehrer kranken Mudders was Alles gut afelopen. De Olſche harre ſek, as ſe Veihwanns Andrag vernohmen, bi allen Elenne hoch uperichtet. Se harre Gannes Hand efatet un fründlich an ſek etreket.
78	absatz		p016:6	p016:9	Dat is de beſte Melizin up minen Krankenlager, harre ſe ſegt. Dei ſleit an; nu were ek woll wedder neſen. — Mine Dochter up ſau nen groten How! — Dat gift Botterwark un vulle Eierbräer un ene grote Werthſchaft un Anſeihen.
79	absatz		p016:11	p016:17	Vaer, ek danke Dek, dat Du min Gebet up e ne gue Frigat von miner Ganne ehört haſt. — Nu ſall de ole Striet umme de Nettelwieſche nich wedder anefaket weren. — Ganne hale Veihwann un minen olen Heren rin. Wie wüllt jüg uſen Segen geben, un uſe Söhne ſüllt der bie ſien, un da ſall kein Kyff un kein Hader mehr mank ſcheien. Wie gebet de Wieſche an Veihwann af, un Veihwann kann ſe dek as Morgengabe wedder terügge ſtellen.
80	absatz		p016:19	p016:24	Ganne harre knappe den Willen ehrer Memme mit Thranen vor Luſt un Dank uterichtet, da recke ſek olt Nettels in de Höchte. Hei fate Ganne un Veihwann an de Hand un ſähe: Mine ole Mudders is en verſtännig un friedſam Wiw. Fruenslüe hätt vor't Mehrſte en richtig Inſeihn; et ſchwant ſe ofte, as fälle et ſe man ſau tau, wor wie Mannsminſchen ofte lange ober grübeln un reken mött. —
81	absatz		p016:26	p016:27	En gut Mann legt ſiner Fruen niſt in en Weg. Latet unſch nu glicks hengaen, tau er Memme rober.
82	absatz		p016:29	p016:31	In diſſen Oenblicke keimen Nettels Söhne von Howwe up de Däle un maken grote Oen, as ſe ehren Vaer un ehre Schweſter mit Veihwann in er Midde na er Krankenſtube aftrecken ſeihn.
83	absatz		p016:33	p016:34	Olt Nettel wenke ſei mit den Koppe tau, un de drei junken Burßen folgen na bet an dat Krankenlager.
84	absatz		p016:36	p017:2	Mudders, ſähe olt Nettel, hier is Herr Veihwann un uſe leiwe Ganne. Se hätt ſek up er Worthwiſche an en Strietſteine funnen un ſind en Paar. Ek gebe mine Inwilligunge, un Du ſegene uſe Kinder. — De Wieſche kummet an den Worthhow, mine Söhne! dat ſegge ek hier an diſſen Bedde, dat jü dat wett, un Veihwann is von hütigen Dae an jue Brauer. Et ſall nu kein Striet mehr ſien mank den Veihwanns un mank de Nettels, un tau en ewigen Angedenken ſall de Strietſtein ſtahn mit der Tahl, de wie ſchriebet, un ek will de Nettelbläer tehope leggen mit dem Klewerbläe, unnen de Netteln un boben dat Drieblät.
85	absatz		p017:4	p017:9	De ole ſieke Mudder richte ſek hoch im Bedde up, un na deme, dat ſe beet harre, recke ſe ehre Hänne ut ober Veihwann un ober Ganne un ſprok: De Herre ſegne mine Kinder. — Se gaf Veihwann un Ganne en Kuß, olt Nettel ſchüddele Veihwann de Hand, un de drei junken Nettels recken ſe Veihwann un ehrer Sweſter, un Ganne was nu Brut, un Veihwann was en Bredigam.
86	absatz		p017:11	p017:22	Et was ene grote Luſt up Nettels Howwe un up der olen Wort. Alles jubelire, un ſilbeſt de ole Appelſchimmel, de doch dat mehrſte Lopen der von harre, was vel beiniger un luſtiger e worren. De Hochtied leit nich lange up ſek luern, un Alle wärren guer Dinge un danzen veier Dae up en Nettelhowwe un veier Dae up er Worth. Et word vel Spaß e dreben mit Stehlen un Rüggeſtehlen, Ut- un Verkleen, Rededauen un Singen, Gläſerklinken un Shallnankanders, Tafelrumen un Kehrut, bet ſek Alles verleip wie dat Water von Barge flütt, un te leſt word et ſtille, un de olen Nettels reiſen na Hus mit ehren Söhnen, un de junken Lüe bleben up er Worth un richten ſek in, un et kam ene andere Tied, in der nich Alles ſau ſtille afleip as betsher in Nettlingen un in den Nabersdörpern.
87	kapitel		p019:1	p019:1	Ganne Nettels,
88	unterkapitel		p019:2	p019:2	de Heilebäre un wat er von kummet.
89	absatz		p019:4	p019:5	De Sommer na der Hochtied was en warmen Sommer, un dat junke Paar harre ſine Luſt an en't ander un gung ſinen Geſchäften na.
90	absatz		p019:7	p019:10	Hei weitere in't Feld un ſach de Weitenahren na, ob da wol kein Brand inne wärre, un ſei hantire in en Melkkelder un heilt Obſicht ober ehre Mäkens, wenn dei an en Friedae wol Thal eſpunnen härren un an Sünnabend de Schäue ſmären un blank putzen deen.
91	absatz		p019:12	p019:16	Det Sönndaes na er Kerken pläen denn de beien junken Lüe, wenn't ſüs ſtille un queie Weder was, vor der Dör te ſitten under einen olen Haſſelnottbome, de da all lange, lange Jahre ſtahn harre, un von dene de lüttchen Lüe ſegten, et ginge under ene umme, et ſpeuke da, un de Bom wärre en Mach-Handel-Bom.
92	absatz		p019:18	p019:22	As ſe da nu mal wedder te ſamme wärren, un ober de Wieſche, den Diek un dat Buerholt na Nettels Howwe hen keiken, da harren ſek all de Heilebäre, — et was grade, dat de Weiten emeiet word, — to ehrer Wanderſchop te Hope egeben un heilen Rath, von eier ſe wol affreiſen wollen, un wat vor ſe noch alle te beſpreken wärre.
93	absatz		p019:24	p020:6	Ganne Veihwann word wehmäuig, dat nu de Winter balle komen ſolle, un dat ſe denne allene up er olen Worth blieben mößte, wenn Veihwann den ganzen Dag ober up en Felle ſcharwarke. Se härre wol mocht wenen, un as ſe bi ehren Naſinnen einen von den Heilebären zedate nächer komen ſach un bedenklich ober ſinen lanken Bart kieken, da dee ſe, as wolle ſe ene ſmieten, un dabi röhe ſe den oberhängigen Telgen an, un et follen twei Nötte dal, de noch in er Sliee ſeiten, un grade in ehren Schot poltern.
94	absatz		p020:8	p020:9	Dat kamm wie en guen Taufall. Se ſliee de Nötte ut un gaf eine an Veihwann, un de andere beheilt ſe ſilben.
95	absatz		p020:11	p020:12	De willt wie te ſamme upeten, ſäe de junke Frue, un dabi willt wie unſch wat denken un wat der bi wünſchen.
96	absatz		p020:14	p020:14	Ek globe dat ſleiet tau en guen in.
97	absatz		p020:16	p020:18	Ganne knacke, un Veihwann knacke, un de Heilebart keik grienend ter Halbe ober ſinen lanken Snabel un klappere luſtig un wenke mit ſinen Fittchen, as wolle hei ja der tau ſeggen.
98	absatz		p020:20	p020:22	As de Nötte verthert wärren, fraug Ganne: No wat was din Bigär, un wat haſt Du dek e wünſchet? — Grade wat Du dek edacht haſt, twöre Veihwann an, un de Heilebart ſchall unſch dat bringen.
99	absatz		p020:24	p020:26	No dat ſleit gut in. Ek harre vor dek en lüttchen Jungen e wünſchet, un wenn et ok en driehärigen wärre. Un ek vor dek en fründlich lüttchet Mäken, un wenn et ok rohe Haare härre.
100	absatz		p020:28	p020:31	De Klapperbart nicke tau mit ſinen Koppe, hei klappere luſtig up un dal, un denn flog hei weg na ſiner Kameradſchop, un de ganze Wanderhupe hucke un danze un klappere juſtemente, as wärre üchtens ne gue Botſchaft komen.
101	absatz		p020:33	p020:35	Ganne lache ſchämeleren, un Veihwann gaf ſiner Fruen en ſeuten Kuß, un et was grote Luſt bi den Heilebären up er Wieſche, un en ſtillen Free bi Veihwanns in en lüttchen ſchönen Hüſeken.
102	absatz		p020:37	p020:38	Aberſt wie dat ſau geit. — Alles hat ſine Tied, un na der Luſt kummet de Laſt. De Heilebäre flohn henweg, un et word Winter.
103	absatz		p020:40	p021:5	As dat Lov von den Bömen follt, da word Ganne wedder wehmäuig, un as ſek en witt Laken ober de Ere utbreie, da dachte ſe an't Starben. Allgrämig ſach ſe ſek de ſwarten un grauen Kreien un de groten Raben an, de in ehren hogen Bömen Slapenstiedt heilen. Et keimen ehr Naedanken ut der Mäkenstiedt von Rabenveih un Liekhaun, un et drücke ſe dal, dat nu Alles anders eworren was, as ſe globet un edacht harre. Se ſchüddele denn wol mit en Koppe un fole ehre Hänne vor ſek up er Herzkule un ſüfze un bee. Un wenn ſe beet harre, denn ſlaug dat Herze wedder luſtig in der bangen Boſt, denn namm ſe ſek wat vor, un ſlüre ſachtchen na der groten Lae, un ſochte de weikeſte un fienſte Lennewand vor, un ſnatt ſe kort tau lauter lüttchen witten Kinderhimmeken.
104	absatz		p021:7	p021:15	Sau was nu de ſnare, ſlanke un ſtolte Ganne ne ſtille un zedatſche Husfrue worren. Under Hopen un Harren was Wihnachten ran komen, un in den twölf hilligen Nächten ſette ſek de junke Frue hen un neie un plätte de Some. Et word Niejahr, un de twelf Kinderhimmen wärren emaket, un de junke Frue freue ſek ober de lüttche Cledage mehr, as to dem Male, as ſe noch as Schaulemäken niee Puppenkleder neie. De ganze utlaten Luſt was wedder bi ehr upewaket, un wenn ſe ok bange up de Dae henkeik, de da komen ſollen, ſau ſach ſe doch mit Couragie un Free up dat, wat ſe bedrepen mößte.
105	absatz		p021:17	p021:22	De harre Winter, de Slotenſchuere un dat Sniegeſtöber werren nich mehr in Stanne, ſe vom Hopen aftebringen, un wenn denne mal de leibe Sunne en frindlichen warmen Strahl dorch de half upgedaueten Fenſterſchieben ſmatt, denn konne ſe vorwahr en Lach-Geſichte maken, un denne harre Veihwann ſine Luſt an ſiner leiwen Frue, un ſe leben ſek beie bi aller Sorge en guen Dag.
106	absatz		p021:24	p021:37	Dit gung ſau hen, wie dat te kommen pläet, wenn en up dat Luern anewieſet is, under Bangen un Hopen, bet de ferreſten Schäpeken an en Palmwieen vorkeiken, un de Wold brune Knobben kreig. Da keik eines Daes de junke Frue na en olen Waenrae, dat Veihwann vor de Heilebäre up dat Schündak harre ſetten laten, wenn wol dat Rieſig, dat da upelegt was, nich von Winne affeweihet wärre. Se ſummenire da ober na, ob wohl in diſſen Jahre en Heilebartpäreken ſek da uppe dal laten wolle. Gerade dee ſe ehren Mann raupen, dat hei dat Wahstüg deruppe feſte leggen ſolle, da kam ſchon en Langbein mit ſinen rohen Klapperſnabel ſachtchen ober dat Holt eflohn un ſette ſek up en Neſte dal, un legte de Rieſer te rechte, un keik liſtig grienend na er Frue hen, un klappere ut vuller Luſt, un verneige ſek as wolle hei ene gue Naricht bringen, dat nu ene andere Tiedt keime, un dat dat Freujahr indrepen wolle.
107	absatz		p021:39	p022:2	De junke Frue nam dit as en gut Vorlat. As aberſt de Abend, ran kam, da ſtelle ſek dat Bangen un Aengeſten wedder in, un ſe bee ut deipeſten Harten: „Herre, hülp mek in miner Noth!“
108	absatz		p022:4	p022:11	Et kamm ene ſtörmiſche Nacht, dat de Theile up en Däkern knattern, un dat de Schebbern an en Windlatten klappern, en Hulen, as ginge de wille Jagd ober't Feld un en Wold, un as ſollen alle Böme ut der Ere retten weren, un as wärre vor en Minſchen de jüngeſte Dag ekommen. De Wind ſtörte up dat lüttche Schön-Hüſeken, hei reit en Fenſter up un fege dorch Kamern un Bodden, un et kam under Schrieen un Anken un Süfzen ein Weihen ober't andere un up't Leſt en Raupen vuller Angeſt un Beben, un denn word et ſtille.
109	absatz		p022:13	p022:16	Dat was ene Nacht! — As aber de Morgen kam, da was de Heilebart in't Fenſter eflohn, un in Veihwanns Kamer, da ſtund ene lüttche Wehe, un da drinne leien en Paar lüttche, niedliche Kinderkens; man de Junge was drie- un dat Mäken was rothhärig.
110	absatz		p022:18	p022:18	De Frue wake up, un Veihwann ſatt an der Wehe. —
111	absatz		p022:20	p022:24	Se leit ſek de beien Kinderkens wieſen, un as ſe ſe emunſtert harre, da gaf ſe Veihwann mit enen frindlichen Geſichte de lüttche Hand un ſäe: Ek hebe ofte uſen Hahnen mit der Dreitackenkrone un uſe gele Haun mit der gollenen Boſt anekeken, un davon hat dat Mäken gollene Haare, un de Junge de drei Spieren up en Koppe.
112	absatz		p022:26	p022:28	De Beemudders ſtimme der midde in un meine: Ja Herre, dat könnt jü man glöben, wenn en in ſaunen Ummeſtännen iſt, denne is dat Lichtes, denn kann en ſek balle verſeihn.
113	absatz		p022:30	p022:33	Dat was nu te dem Male ſau de Globe; aberſt da dachte Neiner nich an, dat de Nottbom, under dene ſe ſek de Kinder ewünſchet harren, un ehre grote Sehnen na e ner Nakomenſchaft, an diſſer lüttchen Verſchimpunge ſchuld an e harre.
114	absatz		p022:35	p022:36	No Veihwann was en gut, verſtännig Minſche un harre da niſt ober.
115	absatz		p022:38	p023:2	Wie hätt unſch de Kinnerkens ewünſchet, ſäe hei, un nehmet, wat unſch de Herre gaf, mit Danke an. Wat einen eſchenket is, da ſall en nich anne mäkeln, un manke dorch maket de Tiedt balle gut, wat einen vor et Erſte nich nehme is. Rohe Haare wered in Older brun, un Driehärigkeit is immer en Teiken von Beſtännigkeit, un dat en weit wat en will. Damidde gaf hei ſiner Fruen en Kuß, un ſe wärren beie froh, dat de ſtörmiſche Nacht vorbi was, un dat ſe de Kinnerkens in der Wehe harren.
116	absatz		p023:4	p023:6	Nu word de Appelſchimmel wedder eſadelt, un der ganzen Vaddernſchaft aneſegt, dat bi Veihwanns en Twillingspäreken anekomen wärre, un dat ſe alle an en olen Maidae ter Döpe komen ſollen.
117	absatz		p023:8	p023:17	In Schönhuſen, up er olen Worth, word et nich ſtille. Allebot keimen Nafraen, wie et der junken Frue un den Kinnerkens ginge. Vele gue Zuppen worren ebrocht, un Veihwann moßte manche fette Wochenzuppe eten, de Kinnerkens wehen, in der heiten Stube ſitten un ut Zympathie midde ſweten. Dat gung ene nu ſwar af, aber en jung Vaer verdrägt vel, un de Luſt an ſinen Jungen heilt ene hoch. Hei was nu wedder vuller Hopen, dat dat Eddelblaut von den Veihwanns in den lüttchen driehärigen Sproten dralle upſcheiten, greunen un blaumen ſolle, as te dem Male, as ſine Vorfahren in dat Land un up de ole Worth keimen.
118	absatz		p023:19	p023:31	Ganne lache denn wol, wenn hei von den eddeln Vullblaue ſiener Ahnen köre, un wenn hei ſine Pläne make, wat alle ut den lüttchen driehärigen Prinzen weren ſolle. Se lache ene wat ut, dat dat Blaut von de Veihwanns beſſer ſien ſolle, as dat von en Frieburen Nettels. Blaut, meine ſe, is Blaut, un allebot roth, wenn't nich madderig is; aberſt da inne gaf ſe Biefall, dat döt Blaut beter ſie, denn dönſch. Döt un dönſch, ſäe ſe, ſtimmet nich gut te Hope, aber döt un dütſch dat lat ek gillen, un nu willen wie unſch nich wieer ſtrien; denn Alles, globe ek, kummet up uſen leiwen Herr Gott an, un vor unſch Eldern up ene gue Uptreckig; un dat wie da midde en richtig Anfängen maket, da willen wie der vor ſorgen, dat den Kinnern ene anſtännige Vadderſchaft ward, de ehren Päthen en guen frommen Wunſch utdenket, un ſe Gaben middebringet, de ſe wat nützen könnt.
119	absatz		p023:33	p023:39	Dat ſchach denn ok, un as de ole Maidag rankam, da ſach en groten Hupen von Fremmen up er olen Worth. Nein Minſche harre dat konnt denken, dat olt Veihwann, de ſüſſ ſau ſtille un verinſamt in ſinen lüttchen ſchönen Hüſeken ſatt, ſau ene grote Kundſchaft uptewieſen harre, de Alle von Wietens her un von underſchiedlichen groten Höwwen, wor hei vormals Diplomate eſpelt harre, mit ehrer Vadderngabe antrecken deen, un ehre guen Glückwünſche brochten.
120	absatz		p024:1	p024:5	Up et Leſt keimen ok noch drei ole Möhmen an de Wehe, de ſeihn ſek de Kinnerkens munſternd mit groten Oen an; ſe recken ſek ober en Pühle de Hänne, as tau en Verlöbniſſe, un denn leggten ſe en tehopeknüttet Bündel up et Lager, un weg wärren ſe, un nein Minſche word wies, wor ſe her keimen, un wor ſe hen gingen.
121	absatz		p024:7	p024:13	Dit Bündel was in en witt linnen Laken innebunnen, up dat allerhand rare Blaumen un Obet innewarket wärren. Knütten den erſten Knutten up, denn lag da up er einen Halbe en Speil, un up er andern ene lüttche Lampe, un wor ans ein de Lampe anſtok, un keik in den Speil, ſau konne hei Alles ſeihn, wat da vor Tiedten eſchein was, un wenn ein den Speil ummedreie, denne kunne hei Alles marken, wat der noch komen ſolle.
122	absatz		p024:15	p024:29	Under den tweiten Knutten, da lag en Fruengurt, glu as en Blendworm von blanken Silber un rohen Golle. Sien Puckel harre en Striepen, as ene Otter, un ſien Kopp harre en Paar Demantöen, von dene nein Minſche nich wußte, wo ſe hen glupen deen. Ut'en Mule hänge ne Dubbeltunge, de fate, wenn en den Gurt uprullen dee, juſtemente in de Nöſe von den Stertenne. Da hängen nu an den Inſlotte en Paar wunderſchöne Appels, de heten de Fruenappels, un ſüllen na ener olen Mähre der Eva, as ſe mit Adam vom Bome der Erkenntniß naſche, leſt ut noch der Fruen von der Slange in en Buſſen ſmetten ſien un der nacher vel Unheil in der Minſchheit anerichtet hebben. Ob dat ſau is, da will ek nich vor inſtahn, denn et ward vel vortellt; manſt dat is min Globe: Wer in ſinen Leben ein Mal der tau ekomen is, de Appels te proben, de ward woll neinen Twiewel der anne hebben, dat dat Paradisappels wärren, vornut, wenn in ene noch en Bettchen ole Adamsluſt un Nierigkeit na Erkenntniſſe un Klaukmakig inne is.
123	absatz		p024:31	p024:38	Wer nich all te ſehre von der Bort an up en Kopp efallen is, de mot ſek dat inſtahn, dat de Vadderngabe von den drei olen Möhmen nich terrügge te ſetten was. En Kiek in dat, wat da ſcheihn was, un en Kiek in dat, wat da kommen ſall, is vor einen, de de Lampe anteſteken weit, wat ewerth, un wenn Eins den Fruengurt, mit den Appels der an, recht te handhaben vorſteiht, denn maket ſek dat ganz von ſilben, dat ut den Laken mit den raren Munſtern, wo de Päthengabe inneknüttet was, en Diſchken Deckedeck ward.
124	absatz		p025:1	p025:11	Nu will ek nich grade ſeggen, dat de olen Veihwanns um einen Sinn te korte komen wärren, weil des, dat ſe den Werth von der Vadderngabe nich recht innenomen harren, un ſe bi Siete ſetten. Se dachten da, weil ſe et nich nödig harren, nich der ober na, de Geſchenke utekramen, un ſek te beſinnen, wor tau dei wol nütze wärren. De Kinnere wärren ja noch lüttchet, un dat harre noch neine Noth da ober te ſpinteſiren, wor tau dei Geſchenke wohl gut wärren; dat wolle ſek mit der Tiedt wol finnen, wenn de Kinnerkens erſt ran wüſſen. Dat dat komen moßte, dat hopen ſe, un da twieweln ſe nich an, denn ſe pläen ſe un harren ſe leiw, un de Kinnere dieen denn ok, dat en ſine Luſt der anne hebben konne.
125	absatz		p025:13	p025:17	Sei häue de Gäuſe an en Worthdieke, un hei waie de Föllens un dat Groteveih, un wenn ſe Abends na Huſe keimen, denn eigeien un hätſcheln ſe Veihwanns. Ganne Nettels ſäe denn wol tau ehren Manne: Et is doch e ne wahre Luſt, wenn en de Krabaten ſau ran waſſen ſieht, un wenn en ſek ſeggen kann: Dat ſind mine Kinner!
126	absatz		p025:19	p025:22	Dit, mine Kinder, kam ehr aberſt mit einem Male wie ungeraupen ſtruf ut'er Giele, as wärre da en Aber bi, un Veihwann fate dralle ſinen driehärigen Jungen, den ſe in der Döpe den Namen Otte geben harren.
127	absatz		p025:24	p026:4	Ek weit nich wie dat ſchah. Ganne, de wol na den lüttchen Mäken härre langen ſollt, dat ſe Gere nümeſen, un dat ſe mehr, as ehre Herzblatt leiw harre, Ganne leit dat lüttche Dören ok obſiets ſtahn un fate bitau ok na ehren Otte. Dat dee nu Ganne in der Seele weih un make bi Gere en ſchrinnen, wunnen Plack. De Twiewel kam. Von olt Veihwann will ek dat nich e mal grot ſeggen, de was in ſinen Jungen vernarret un harre vor Niſt wier en Oe; aberſt Gere was dat doch ſehre leed, dat ſe ſek tau en erſten Male verlaten feule, un allene ſtund. Ganne ſchot dat wie Martendrücken in de Herzkuhle, dat ſe te dem male, eher de Heilebart in't Fenſter flog, man einen Dänzer under ehren Harten efeult harre. Se konne da nich ower weg komen un munſtere wedder de beien Kinner, ob ſek dei wol lieke ſeien deen, un in de Frindſchaft ſläuen. Se keik un keik; manſt de Junge was un bleif driehärig, en Rundkopp mit en Paar grauen Kattenoen, as ſin Grotevaer Nettels harre, un en Geſichte, as wolle hei de Welt betwingen un Kanaſchen, as könne hei de härreſten Nötte knacken. Gere dergegen harre en fien, gollen Siedenhaar, en ſmall, zierlich Geſichte, un en Paar blaue Oen, ſau weik un ſinnig, as wolle de ganze Hewen da inne upgahn. Hei was en bettchen tollpatſch un plumpe wuſſen, un ſei was ſlanke un gladde, as ene junke Eſche.
128	absatz		p026:6	p026:6	Dat Munſtern was ute, un de Likigkeit drop nich tau.
129	absatz		p026:8	p026:12	No, meine Ganne, wenn ok de Underbeſcheid grot is, un ek et nich mehr rut krieen kann, ob hei oder ſei min Dänzer was, da will ek mek nich mehr umme härmen un plaen. De beien Kinner ſind mek in einer ſtörmeſchen Nacht e geben, un ek hebbe mine Luſt der an, un da ſall mek nu kein Twiewel mehr ume ängeſten.
130	absatz		p026:14	p026:15	Gere, ſähe ſe, Du ſaſt mine leiwe Dochter blieben, un wenn Du mek ok undereſchoben oder inneweſſelt wärreſt.
131	absatz		p026:17	p026:20	Damidde fate ſe Gere an de eine, un Otte an de andere Hand, un Veihwann fate Otte, un an de andere Gere, un et word en Rundel edanzet von e ner luſtigen un hüslichen Fomilig in aller Stille un in aller Indracht.
132	absatz		p026:22	p026:24	Diſſe ſtille Free un ungeſtörte Raue un Indracht duere ene ganze Wiele, un de beien junken Lüe, Otte un Gere, heuen vor bi na ehre Veih. Hei fleitche:
133	vers		p026:26	p026:29	Wille, wille Wieke, / Lat von dienen Dieke, / Unliek un Like, / Alles in min Rieke.
134	absatz		p026:31	p026:31	Un Gere ſwenke ehre Raue mit der rohen Fahne un ſung:
135	vers		p026:33	p026:36	Wille Wieke wehre, / Dat ek mit der Gere / Wenke mine Heere / All te Veihwanns Ehre!
136	absatz		p026:38	p026:39	Sau trecken ſe beie, Otte un Gere, as en Brauer un ene Sweſter deit, mit der ganzen Aeſige na der olen Worth.
137	absatz		p026:41	p026:43	All Quek un all Beiſt in Water un up en Lanne folge ſe na, un et was en luſtig Tehopeleben mank de beien Kinnern, as künne da min Lebedae nein Striet bie vorkomen.
138	absatz		p026:45	p026:47	De Fruenslüe pläen denn wol te ſeggen: Wenn de beie nich Twillinge un Brauer un Sweſter wärren, denne geibe dat en rar Paar.
139	absatz		p027:1	p027:11	No da inne harren ſe recht, denn Otte konne nich ſinder ſine Gere leben, un ſei keik ehne jimmer mit ſau nieren un ſinnigen Oen an, dat dat nein Wunder was, dat hei ſek da ganz inne vorleiſen moßte. Otte, ſäe ſe denn wol, ek hebbe deck ſau von Harten leiw, dat ek dek frien könne, wenn ek nich en Wunſchmäken wärre. Sau geit dat nich, aberſt ek will dien ſien un blieben, un dek grot maken dorch Been un Boten. — Ne grote Thrane folt denn wol wie e ne glaume Perle hendal, un Otte fate denn ehre lüttche Hand un tröſte ſe un ſegte: Gere, wie willen te hope blieben, bet an unſer Dae Enne. Mag da komen, wat da will, Du biſt mine herzleiwe Sweſter, un ek will dien Brauer ſien un ſwäre dek tau, dat ek ewig dek gut ſien will.
140	absatz		p027:13	p027:17	Se loben ſek dat tau, un de Luſt was grot bi den Kinnern, un ſe leben luſtig fort mit en ander. Veihwann un ſine Frue harren ehren Spaß der anne, un vorbat Ganne juchheiße lue up, dat de beien junken Lüe ſau fründlich mit en ander verkehren, un dat nich en inzig Mal Striet under ſe word.
141	absatz		p027:19	p027:21	In Huſe was ok Free, un et kam ok ſüſſ kein Spauk vor, de de Fomilig in Unraue ebrocht härre, aber wie dat ſau geit: Et ſall Nemmes den Dag vor en Abend loben.
142	absatz		p027:23	p027:33	Ole Anwöhnig lätt ſek nich dieken, ſe blaumet immer wedder up. Olt Veihwann kamm wedder in ſien olt diplomatiſch Weſen. Hei word en Heimekenfänger un ſochte dat Grote in hogen Regionen, wie wol hei wußte, dat dat Gröteſte vor't Mehrſte ganz unnen up er Ere upkiemen deit. Ofte plae ene det Nachts de Marte. Hei dremme von Ferſten, Königen un Kaiſer, un en grot wiet un ſtark Vaderland treke as en Schemen an ehne vorrober. Grote Gedanken ſpeuken in ſienen Koppe, un hei grübele lange da ober na, wie hei wol ſienen Volke nützen un ſilben högger rupſtieen könne. Hei was un bleif vor wahr en richtigen Eddelmann, obſchonſt hei mankedorch dat Plaugiſen lichte un de Kluten trampe.
143	absatz		p027:35	p028:3	Te dem Male, as ſek olt Veihwann wedder e mal mit groten Plänen ummedraug, was e ne rege Wahlagitatſchon in Lanne, un et was Veihwann ſien ganze Streben, en Sitz in Herrenhuſe inte nehmen. Hei wieſe drumme en hoges Older von ſiner Fomilig un en feſten, olen geſicherten Grundbeſitz as Arfland na; man de Nied von ſienes Glieken un de wapenkunnigen Heraldikers legten ene Alles ter Schanne ut. De Klewerbläder un de Netteln derunder düchten den Hiſtorienſchriebers nein Teiken von olen Adel, weil des, dat ſe nicht up Row un Krieg henwieſen deen.
144	absatz		p028:5	p028:17	Dat kränke nu olt Veihwann ut er Maten ſehre un fratt ene an Harten. In ſienen groten Mißmaue, un doch wiſſe wettend, dat dat ole Muerwark up ſiener Worth allene ſchon en Herrenſitz naſek trecken mößte, ſteig hei eines Daes up ſienen olen Steinthoren, un wahre de Botſchaft af, de ene nu de Naricht ober ener Wahl tau en Afgeordneten bringen ſolle, wor tau hei ſek emeld harre, un dei hei ſek tau ſinen Gunſten utlegte. De Boe kam, un wie et mit en Herrenſitze Niſt was, ſau was dat ok mit der Utſicht up en Landboen Niſt. Olt Veihwann kreig en Swimel, en Stein bröckele under ſienen Feuten ut, un as hei ſek an en Leierſtrahlen begriepen wolle, da wärren dei ok mulſch un ful, un Veihwann folt dorch, dorch de Leiere un dorch de Wahl un ſtörte mit en Koppe up en olt Plaugiſen, dat dar unnen ter Halbe ſett was.
145	absatz		p028:19	p028:23	Olt Veihwann was dote un de Dot, de bi ene innekehrt was, de harre ne beſocht as en richtigen Landeddelmann mank Muerwark un Plaugiſen, un dat was en anſtännigen un ehrenhaften Dot vor ene, denn wie kann einer beter de Spille komen, as dat hei an ſiner Paſchon ſtarbet? —
146	absatz		p028:25	p028:32	Wie nu aberſt kein Unglücke allene kummt, ſau kam dat ok hier. Ganne Veihwann, dei nu as Widdeweſche mit ehren Kinnern verlaten up er olen Worth ſatt, de barme un meue ſek af umme ehren Mann, un word ſiek un ſtorf, nademe dat ſe ehre Kinner vermahnt harre, dat ſe tru an en ander holen ſollen. Un de olen Nettels konnen nu wedder nich den Dot von ehrer Dochter oberſtahn, un dat Older un de Kummer brochten en grot Starben in de Fomilig, un allene Nettels Söhne un Otte un Gere bleben ober.
147	kapitel		p029:1	p029:1	Nettels Söhne,
148	unterkapitel		p029:2	p029:2	de Aftog.
149	absatz		p029:4	p029:7	Wo de Dot de afeſtorbenen Telgen von Bome ſnitt, da ſcheitet de Waterrieſer ut en olen Splinte vor mit greunen ſaftigen Blädern, man de Rieſer hät noch neinen wiſſen Stand, ſe ſweimelt noch in Winne hen un her un ſeuket dat Wiee.
150	absatz		p029:9	p029:13	Na Veihwanns un olt Nettels Doe kam de Wanderluſt in de ganze Fomilig. Up en Howwe von Nettels was neine Rauhe mehr. Keiner wußte wer Herre un Regente ſpelen ſolle, un dat gaf vel Hickhack un Werrwarr, un up er olen Worth, da was dat ok ſau hen, tefreen wärren ſe da ok nich.
151	absatz		p029:15	p029:20	Da keimen up et Erſt de drei Bräuer, wat nu Nettels Söhne wärren, da inne oberein, dat ſe wollen ehren Howw verpachten, un ſek in er Welt wolln ummedaun. Se deilen drumme alle ehre Husgeräthe un ok ehre Vadderngabe, de ſe bi der Döpe ſchenket was. Vor en Aelleſten ene Bibel, vor en tweiten en Degen, un en Hamer vor en Jüngeſten.
152	absatz		p029:22	p029:26	Mit diſſen Geſchenken trecken ſe nu af na deme, dat ſe Otte un Gere Adjees eſegt harren un keimen an en grot Water. Da wärren Scheepe uppe, un ſe koften ſek en Scheep un reiſen af, immer wieer, bet dat ſe an drei Inſeln keimen. De neimen ſe in wie dat Loos follt, un jedweder richte ſek in, wie et grade na ſinen Sinne was.
153	absatz		p029:28	p030:6	Up er erſten Inſel, de den Aelleſten taufolt, un de ſe Kerkenoe heten, da buen ſe ne grote Kerke. Dei ſtund up en Steinbarre un lüchte wiet in dat Land, un ſpeile ſek in en Meere, un ehre Krüze un Knöppe funkeln as Gold in Sunnenſchiene; drum herum aber was Alles kahl un ſtarre un ane Leben. Umme de groten Kerkendore treken ſek zwars Ranken un bunt Loof mit Voggels der inne, un de Hilligen keken da erut mit ehren Teiken un Wahlſprüchen, wie de Grauartſchen ut en Stickbeerbuſche, wenn ſe ſek en ſchöne Neſt ebuet hät, un Adam un Eva in ehrer Nakigkeit ſeihn grade ut, as wollen ſe eben mal en Bettchen Nakedei ſpelen. Ok de lüttchen Engels mit ehren runnen Bottervöggelfittgen, de fladdern da rummer her, as härren ſe ehre Luſt der anne, fromme Seelen intefängen; aberſt Alles was verſteinert bet up dat Figenblät von uſer olen Stammmudders.
154	absatz		p030:8	p030:13	De Minſchen, de in der Kerken been un ſungen, de wärren ok ganz ſtraff un ſtramme un dreien ſek, as wärren ſe von Stuck emaket, un ehre Been was one Enne, un ehre Sänge wärren lang etrecket, as de Sulen under de ſe eſungen worren. Wie in en Urwolde, ſau rehen ſek de Sülen Stamm an Stamm, un nein Voggel piepſe da inne, ſau ſtille un hilig was de Ort, as de hillige Friedag under en Daen is.
155	absatz		p030:15	p031:4	Word mankedorch dat Gebüe mal olt, bufällig un ruſterig, no, denn word ene glieks en niet witt Kleed anetreket un ene glante Scherte vorehänget, ſau dat dat wedder ganz ſtatſch utſach; man wat da eprediget word, dat kreig keine niee Kledage. In older Sprake, un ganz, wie dat vor Tiedten oberkomen was, word da eſproken, un weilen, dat de Lüe dat immer wedder ſau te hören kreien, as dat vor hunderten von Jahren vertellt word, ſau word dat leſt ut langwielig tau en Hogahnen, un de ſtaatſchen Goddeshüſer ſtunnen vort Mehrſte leddig; aberſt dat ſchae niſt, denn de Nakomen von olt Nettels älleſten Sohnen, de wußten dat Kerkenoe ſe allene höre, un dat dat ehre Präbende was. Dat was vor ſe enauch, un drumme gung dat ſau mählig wieer. Wenn ok mankedorch Reiſepreddigers keimen un ok mal upmölmen, wat an Stoff ſek up de ſünnige Minſchheit dal elaten harre, ſau was dat, weil et vort Mehrſte ok man buttewennig uteſalbatert word, wedder von neinen groten Bilang, un de Minſchen leiten dat in dat eine Ohr rin, un ut en andern wedder rut gahn. Kort, Alles bleif bi en Olen; aberſt det Feſtdaes, wenn de kranken Beginen un de lüttchen Krabaten in de Kerke treken deen, denn word lue un harre preddiget, un dat Fegefüer word aneſchüert, dat de lichte Glaut drum erumm flog, weilen de Minſchen immer wedder an den feſten Globen rummerrackeln deen, de doch feſte ſtund, as en ſwaren Bortſtein. Wie dorft en da noch twieweln? — De Globe von Nettels älleſten Sohnen un ſinen Nakomen, dei was ebuet up en hilligen Wore, un da was kein Titelken von te nehmen oder tauteſetten. Dat Wort was einmal eſproken un eſchreben, un dat moßte verſtahn weren, wie et ſtund. Wer da tien was, dei word ter Halbe ſchoben oder utekieſet, denn dat Wort was wahr. Et lag en Wunder der inne, dat en dat mit en graden Verſtanne nich faten konne, un dat en dat globen moßte, weil et abſlut nich te verſtahn was.
156	absatz		p031:6	p031:7	Sau ne abſünderliche Wieſe was nu vor de Nakommen von ſeligen Nettels tweiten un dridden Sohnen nich ohne Bilang.
157	absatz		p031:9	p031:22	De Tweite, de ſek na ſiner Vadderngabe ſau recht up et Fechten legte, de brochte Alles up en Degen terrügge. Hei gaf ſek nich vel, wenn et nich en Krieg bidrop, mit Grübeln un Nadenken af. Wer en blanken Säbel an Koppel harre, un ſek tien de Fruenslüe upteſpelen verſtund, dei harre en Patent up Bildunge. Wer vor en Fruens Inſtructſchon un Subordenatſchon ſine Reverenze make, de was en ganzen Kerel un en Zaldate, wie he in Bauke ſtund. Wat ſchere de ſek um en fien utſpinteſirten Bewies, ober dat, wat en globen ſolle, un wat en doch mit den helleſten Verſtanne nich begriepen konne. — Da was hei ober weg, dat make ene kein Koppbreken; man da inne ſtimme hei mit ſinen Bräuern von Kerkenoe oberein, dat ſe beie ene feſte Stidde innehmen deen. Bi den Kerkenöern, da was dat eſchreben, un bi den Degendräers, da was dat eheten. Te Befehl was de inzige Parole, wenn dat heit Ja, un te Befehl, was de inzige Parole, wenn dat heit Nee!
158	absatz		p031:24	p031:36	Bi den dridden Sohnen un ſinen Nakomen, bi wecken dat Blaut noch hiller leip, weil des, dat ſe de jüngeſten wärren, da was dat anders. De meinen, den Minſchen wärre dat Nadenken nich ummeſuß egeben, un dat Verſtahn härre noch mehr te bedüen, as alle Vadderngabe. Wer Ohren härre te hören, dei ſolle ſe upknöppen, un wer Oen härre te ſeihn, de ſolle ſek ummekieken, un wenn ene de Päthe en Hamer eſchenket härre, denn ſolle hei dene mit Ummeſicht bruken un ſmeen un hamern, dat et de Art härre, up dat hei wat vor ſek brächte. Kort un gut, dat Nadenken un Binehmen von den drei Bräuern un ehren Nakomen gungen wiet ut enander, un dat härre wol Striet konnt geben, aberſt alle wärre ja Bräuer ut einer Fomilig, un dorch de Vadderngabe was ere Arbeit edeilt. Se ſtören ſek drumme nich un keimen en ander nich in't Ravier.
159	absatz		p031:38	p032:12	Se hulpen ſek enander ut un buen fort. Up er tweiten Inſel nu, de ſe Borgöe nämeſen, da buen ſe ene grote Borg un bemuern dei mit Muerwark, un beringen ſe mit Bollwarken, un richten grote Stallungen un Exercierplätze in. Alle junken Mannsminſchen, de grade wuſſen wärren, de keimen da up, un lehren dat Fechten, Scheiten, Maſchiren un Rieen. Dat Spitakel höre da Dag un Nacht nich up, un dat Cummando, Trummeln, Trumpeiten un Gewehrknattern harre nein Enne. Up allen Wällen ſtunnen de Poſten un keiken in de wiee Welt, ob er wol kein Fiend in Sicht wärre, un et was en grot Glitzern von Speten, Harniſchen un gluen Helmen, aberſt ſüſſ was dat ok da kahl un ſtöbig un troſtlos as in Kerkenoe, ſau, dat da ok kein Voggel uppe buen, un ſien luſtig Lied uppe piepſen mochte. Un dat konne ok nich anders ſien, weil des, dat et da te unruhig uppe was, un weil gar Niſt producirt word. Et gaf da Niſt te bieten, denn dat bettchen Commißbrod was balle upetehrt, un Alles, wat en bruke, dat moßte tauedran weren.
160	absatz		p032:14	p032:23	Wie wol, dat da nu kein Seien, Greunen un Eren up Borgoe was, ſau harren doch de Fruenslüe en hölliſchen Japp, diſſe Inſel in Oenſchien te nehmen un te beſeuken. Se keimen drumme oftemals von wiet her, un keken ſek de ſmucken, junken Kerels an, de et alle ſau dralle harren, un propper inekleet wärren. Wenn ſe nu de Fruenslüe na en Maneuvers gut eſpieſet un edränket harren, denn harren dei man den einen inzigen Wunſch, ſek en adretten Huſaren intefängen; denn dei wußte ſek niedlich te maken un harre kein ſau ruſterig Geſichte un keine ſau ſmärige Kledage, as de Mannsminſchen up er dridden Inſele, de ſe Warkoe heten.
161	absatz		p032:25	p032:34	Up diſſer dridden Inſele, de den jüngeſten Sohnen un ſinen Kinnern taufolt, da wärren allerhand Minſchen, de hantiren da dat Iſen un ſnedden dat Holt, un ſcharwarken mit den Plaue, un gräuben dat Land umme, un pläen de Wieſchen, den Wold un en Bargbu. Se richten grote Hüſer in mit allmächtig hogen Schoſteinen, un ober alle Däker treke de Rok un de Stiem, aberſt et was vel Verkehr da un en bunt Leben, un de Schepe keimen un halen, un brochten wat en Minſchen nehme was, un wat ſe bruken konnen. Mank den groten Warkſtidden trecken grote Luſtgarens un greune Saatfelder dorch, un de Voggels ſungen da ehre luſtige
162	vers		p032:36	p032:36	„Freue dek, freue dek doch!“
163	absatz		p032:38	p032:39	Un de Minſchen wärren luſtig un gungen ſpaziren, wenn et Sönndag was, un harren vel Plaſir an Danz un Kegelſchuben.
164	absatz		p033:1	p033:7	Wenn en ſe fraug, woher dat keime, dat da Alles ſau in enander ſtimme un greune un blaume, denn wieſen ſe up ehre harren Hänne un up de hogen Schoſteine un ſegten: De da ſind de wahren Wegwieſers tau en Himmel, un düt ſind uſe grobben Hänne, de wie tau'n Been folt, un wer ſau beet, de legt de Hänne nich in en Schot, dei ſwinget en Hamer, un dat Brod kümmet denn ober Nacht ganz von ſilben, as wärr et von en Klabaſtermännekens tauedraen.
165	absatz		p033:9	p033:12	Bi alle dem, dat dat nu up Worköe ganz halberlang gut ging, ſau wärren ſe doch ofte grämelären un lichte verdreitern. Se ſchimpen up ehre Vaddern von Kerkenoe un Borgoe, un munkiren ſek ober en Theinten un dat Mandgeld, dat ſe allene moßten geben.
166	absatz		p033:14	p033:27	Dei Leddiggängers, ſegten ſe denn wol, dei prodecirt Niſt, dei conſemirt blot, un wenn ſe olt werd, denn krieet ſe gar noch Panſchon. Dat mott anders inerichtet un beter uteſett weren, wenn da Gerechtigkeit bi weſen ſchall. Obſchonſt et hier utſieht, as wärre de Segen bi unſch inetrecket, ſau is doch en helleſchen Underbeſcheid da, de ſek von Olders her ineſleken hat. Wenn wie ok nich von oberkomenen Vorrechten kören willt; de Tiedten ſind, Gott low! vorbi, wo Eins allenthalben inneenget word un nicht frie rummerhertrecken konne, aber wat hülpet unſch dat? Et is en ander Elenne ober unſch ekomen; dat Kaptal drücket unſch dal. — Dat Kaptal, ja dat Kaptal, dat grulig veele Geld is uſe Unglücke, un wat dat Slimmſte iſt, wie ſind er ſilben ane ſchuld; denn wo wärre et denn herkomen, wenn wie et nich verdeint härren? — Uſe Arme un uſe Sweet hatt et ut en Bargen ehalt, un wie hätt dat Wennigſte der von.
167	absatz		p033:29	p033:36	Da ſittet de Groten un tellet tehope, un ehre Hupe ward immer grötter, un uſe Kledagig ward immer ſchäbiger, un uſe Sticke ward immer lüttcher un dröer. Et is lichtferriger von den veelen Drieers, de dat Geſchäfte bringet te rügge te leggen, as von den entlen Gröſchens, de wie vor Daglohn krieet. Wenn ok de Groten ſegget: dorch Ordnunge, Fliet un Sparſamkeit wärren ſe ſau wiet ekomen, — un dat mag ja ſin — wie könnt unſch noch ſau vel afmeuen un inſchränken, unſch blift doch Niſt ober. Wenn unſch ehulpen weren ſall, ſau mott dat Kaptal ut er Welt.
168	absatz		p033:38	p034:2	Jedweder mott like vel hebben, un darumme mott von Nieen edeilt weren. Denne künnt wie wedder von vorne anfängen, un wenn Alle lieke vel hätt, denn ward et ſek ja utwieſen, ob bi lieken Wolſtanne nich mehr Free is, un op et anebrocht is, dat en ſau groten Underſcheid biſteiht.
169	absatz		p034:4	p034:11	Alle mött na ehrer Paſchon leben, un alle möt ſe da inne ter Hand gahn. Denn kummet erſt de Tiedt, wo de grote Free intrecket, wo de Arbeit ne Luſt ward un ſek upn Staule det Globens dalſetten deit, wo de Menge von Arbeitsſegen ober de Minſchheit up er ganzen Ere kummt, un all Volk tau Chriſten ward indrächtlich in en allmächtig groten chriſtlichen Arbeitsſtaate. Denn ſau ward de Ere tauen Paradieſe, un de Minſchen lebet as Bräuer un Sweſtern, as Kinder Gottes, un dat is et grade, wat en Minſchen taukümmet.
170	absatz		p034:13	p034:20	Dat was nu ſau de Globe von en Mehrſten; un da inne moßten ſe recht geben, ſchöne was dat nich, dat en ſau grot Underbeſcheid beſtund mank dene, de wat harren, un mank dei, de Niſt weren konnen. Harre doch uſe Herrgott Allen lieke Sinne un Verlangen egeben, grade, wie ſek dat bi en Kindern utwieſet, de, wenn en ſe beſchenket, alle lieke veel hebben willt. De Underſcheid in Beſitze un Wolſtanne was zwars bi en Vorfahren von Nettels Söhnen ok all e weſt, aberſt te dem Male word dat dorch de Plicht uteglieket.
171	absatz		p034:22	p035:9	De in Kriee dorch Blautarbeit dat Land innenohmen harren, wärren zwars mit en gröttern Andeil begabet, as ehre Lüe, de blot Spanndeinſt deien, un mit der Blauterend niſt te dauen hebben wollen; ok wärren dei, de dat Kommando harren, en Bettchen beter wegekomen, as dei, de ſek dorch Wahl under ſe begeben harren; manſt bi jeder Kieſunge konnen de, de unnen ſtunnen högger rup rücken, un in Werthe wärren ſe drumme doch Alle gliek, bet up dei, de ſeck under Schutz eſtellt harren, keinen Kriegsdeinſt dauen wollen, un drumme tau den hörigen Lüen ereket werren. Vor diſſe moßten de Gröttern ſorgen, un dat was ehre Plicht, dei gar nicht ſau kleine anteſeihn was. Se moßten in Krie den Fiend afwehren, un in Free dat Land reine holen von Räubers, Bären, Wülwern, Swienen un Herſchen. Se harren ſe in Gerichte te vertreen, un moßten dabi noch alle Bußen, Laſten un Afgaben drahn, bet an de Geſchenke an Kerke un Schaule. Vor alle diſſe Gutdathen geiben de lüttchen Lüe Niſt, manſt blot de Vulleibekau word eboen, wenn de Herre ſinen Howw verarbe, un de Kinder ſek in dee Herrwete un Rate deilen. Sau kamm et denn, dat de lüttchen frieen Herren ehre Laſten nich mehr draen konnen, un dat ehre Höwwe ingingen dorch Verlehnen, un dat ſe teleſt nu ſilbeſt von en Koſſathen utekofft worren. De frien Nakomen von diſſen utekoften Höwwen, dei lehren nu en Handwark oder ſtudiren, un gungen in de Städte un dreben Handel un worren rieke. Sau kam wedder en groten Weſſel in Wolſtanne. De groten keiken up de Palbörgers, un de Börgers up de Buern hendal, un de, de Niſt harren, worren upſäſſig un proppen ſek vull Nied, un meinen mit der Fuſt de Welt te reformiren. Se harren grobbe Hänne un leddige Maens, un dachten weil ſe de Mehrheit utmaken, et dorchſetten te können, dat von Nieen edeilt weren mößte.
172	absatz		p035:11	p035:18	Dütt make nu bi allen, de wat harren un bange wärren, dat ſe dorch de Menge ehre Gut un Geld verleiſen ſollen, en pienlich Gruſeln, un ſe trecken dat in Oberleggig, wo Eins wol da der von komen könne. Et worren veele Vorſchläe emaket, manſt den richtigen Weg ſlaug Keiner in. De Bangebüßen, de reipen: Et mott wat ſchein! De aberſt, de ſek en Bettchen rannearbeiet harren, un de in Geſchäfte wat verdeinen, dei meinen, ſau lange, wie ſei leben, wolle ſek dat wol hentrecken, un man könne dat Alles ſau lopen laten, wie dat betsher elopen härre.
173	absatz		p035:20	p035:22	Wat wolle de grote Hupe denn? — Hei wolle na er Paſchon arbeien; no dat ſcheihe ja alle Dae, denn de Eine arbeie mit en Koppe, un de Andere mit en Hännen un Feuten.
174	absatz		p035:24	p035:27	De Menge wolle deilen. Ok dat ſcheihe na Schick, Gelehrigkeit un Kraft. Dat richte ſek alle, wie bi en Fabrikaten, na Anbeiig un Nafrae, un de Pries ſtelle ſek na deme, wat Einer könne, wie bi en Werthe von er Waare.
175	absatz		p035:29	p035:36	Dat was nu wol recht; denn in Leben is dat ſau, dat Alles bithalt ward, nademe, dat er eleiſtet ward; aberſt de Minſchen wärren Minſchen un wollen ſek minſchlich bihandeln laten. Se wollen nich wie Pere un Damp ekofft ſien. Se meinen, wenn de Geſammtheit ne grote Fabrike wärre, de ſek na velen Richtungen hen vertwiee, un jedwedder da inne ſine Stidde härre, un ſinen Andeil ut en Verkop trecke, denn mößte dat Dinges gut gahn. Na, dat härre wol konnt ſien, manſt, wie ſtund et denn mit der Frieheit, de doch ok Keiner upgeben wolle? —
176	absatz		p035:38	p036:9	De von Kerkenoe meinen, dat hülpe Alles niſt, de wahre Free keime von en richtigen Globen, un wenn ſek de Minſchheit mehr wedder den Globen tauwenne, un an de Kerke heile, denn keime de richtige Inſicht, un de Minſchen ſtüern denn nich mehr up en olen utgeſlaenen Holtween. Manſt den Weg betern, dat wolle Keiner, un de Kerkenöer erſt recht nich. Et moßte ſcheier Alles bi en Olen blieben, un doch brochten ehre Kerken Niſt in, wor dorch ſe härren konnt Hülpe bringen. De von Borgoe aberſt ſegten, ohne vel na tedenken: Et mößte vor Allen Rauhe ſien, un da vor wärren ſei da; denn ſei härren en Degen. Sau kamm denn veel Wedderſpeel in de Minſchheit. De Lüttchen gönnen den Groten Niſt, un de Groten keiken ober de Lüttchen henweg. De Lüttchen geiben Terneidsnamen, un de Groten ſchillen up de Striekers, Klubiſten un Knoten.
177	absatz		p036:11	p036:15	De Free was ute, un de Indracht was weg, un dat härre wol konnt Striet geben under den Bräuern un ehre Nakomen, aberſt de Minſche ward Alles gewohnt, un ſau gung dat en olen Gang fort under Mißmaue un Murren, denn dat ſe von einen Herkomen wärren, dat ſteck er noch inne.
178	absatz		p036:17	p036:25	De Inſelaner leben bi en ander hen, wie dat ehre Arbeit mit ſek brochte, un ehre Geſchäfte un Lebenswieſe wärren up de Naberländer un up dat feſte Land nich ohne Bilang un Infleiten. Dahen ſchicken ſe ehre Boen un Kundſchafters; de Kerkenoer ehre Kapelhahnen un Dechahnen; de Borgoer ehre Riet- un Rittmeſters, un de Warkoer ehre Stromers un Striekers. Dit make den olen König, de do te malen Regente ſpele, vel Koppbrekerie un Krawall, aberſt, vorbat, weil dat en König was, vor den en de Mütze afnehmen moßte, ſau gung dat Speel vor't Mehrſte halwee gut umme.
179	absatz		p036:27	p037:3	De ole König was, dat moßt en ſeggen, en ganzen König. Sinen Harten na was hei en Zoldate, ſtramm bet up en Gamaſchenknopp, un Inſtructſchon un Subordenatſchon, dat wärren, wie bi Nettels tweiten Sohnen, ok ſine Parole; aberſt, wenn hei nich in Deinſt was, denn was e frie, un frier as alle Warklüe von Warkoe. Denn gung hei forſche up ſien Teel los, un blot was paſſig was, dat word in't Oe nohmen un in't Wark eſett, un dat immer mit einer Globenstrüe, dat en ſek verwundern moßte; ja, hei gung in Globen ſilbeſt den Aelleſten von Nettels Söhnen noch ober. Hei was vor wahr en Regente, dei Vel dorch emaket un Wennig vergetten harre; aber hei was ok in Unglücke eſtahlt. Freu ſchonſt harre hei ſine leiwe Mudders verloren. De was an einer vergiftigen Rauſe ſtorben, de er de böſe Fiend eſchenket harre, un bi ehren Doe harre ſe ene Niſt hinderlaten, as ene Swansfeddere ut en witten Feddernklee, un mit diſſer en feſten Globen an ſin Volk un an ſin Vaderland.
180	absatz		p037:5	p037:15	Sin Vaer, de en gerecht Mann was un ok ſinen Fienden geren harre Wort holen wollt, was umme ſiner Gerechtigkeit halben bina umme ſin ganze Rieke komen, härre ene nich en olt Kriegskamerade, de ſin Leben un ſinen Kopp dranſette, en gut Kloppetüg uppehebet. Un ſin Brauer, dat moßt en tau geben, dei harre Vel elehrt un was en Studirten. Hei konne Alles un köddere gut, man dat Soloſpeelen, dat harre hei nich konnt inkrieen. Hei ſegte alle mal, wenn ſchonſt hei Alles in der Hand harre, allebot ene Frae an, un denn jubeliren dei von Kerkenoe ober ſine ſudge Wieſe un ober ſinen frommen Sinn, un de Gnade, de as en Afglanz von der himmliſchen Gnade ober ſe ekomen was.
181	absatz		p037:17	p037:26	De Warkoer aberſt ſchillen, dat ſe mit Gnade afeſpieſet wärren, wo ſe Gerechtigkeit fodern deen. Dat gung ſau hen, un de Unfree word grötter. Et gaf Spitakel, un de König von do te malen moßte ſinen Brauer oppern un ober et Water verbannen, denn ſe harren en helleſchen Groll up ſinen Brauer, un maken ſin Hus tau en Meinegute. Bie Alle deme tratt de Rauhe wedder in, un de König kamm wedder te Säte; aberſt wie wol hei wedder de beſten Karten kreig, hei verpaſſe de Spitze un de Baſte, dat Speel gung hopps un ſe trecken ehne ene ole Mütze ower, dat de König ganz beſtußt un ſwiemlich word, un ſinen Kopp un dat Leben verlor.
182	absatz		p037:28	p037:34	Et was vorwahr nich ſchöne in der dermaligen Märkenwelt; aber de verbannte Brauer kamm ober dat Water wedder na Hus mit ſiner Swansfeddere un ſinen guen Globen, dei nich te verweuſen was, un dat Volk un de Nakomen von Nettels Söhnen harren dat nu ok inneſeihn, dat ſe mößten einig weren. Dat wärren ſe denn ok bet up de Kerkenoer na, un nu word de ganze Welt vull von Vereinen, Schütten-, Turner-, Börger- un Geſang-Vereinen, un alle ſungen lue
183	vers		p037:36	p037:36	„Min Vaderland mott grötter ſien,“
184	absatz	ja	p037:38	p037:38	un drunken vel Beier, un wärren allmächtig grote Helden.
185	kapitel		p039:1	p039:1	De Afſchied von Gere.
186	absatz		p039:3	p039:7	In twiſchen, datt dütt ſau in Rieke un up den drei Inſeln vor ſek gung, was up er olen Worth en langwielig Stillleben inetreen. De olen Veihwanns wärren nich wiet von den olen Machhandel-Nott-Bom begraben. Dat Koren was in de Schüne brocht, un dat Veih was upeſtallt.
187	absatz		p039:9	p039:12	Otte un Gere maken in Stillen alle Geſchäfte af, un de Husſtand gung ſau hen, wie dat bi Brauer un Sweſter te ſcheien pläet. De Fomilig was einmal terretten, un de Arbeit ſchah blot, umme dat de Tiedt hengung.
188	absatz		p039:14	p039:20	Eines Daes, et was all ſpäde in Harweſt, de Heilebäre wärren all affetrecket, un de Schwalen harren ok all ehre Reiſe anetreen, dat Low follt von en Bömen un decke de ſtillen Gräber, de bi en ander leien, da bigegnen ſek Otte un Gere mal wedder under den olen Nottbom, under dene ſe ſau ofte as Kinder eſpeelt harren. Se wärren ſtille un trurig, un af un tau follt en halw verdröet Bläd dal un mahne an en nahen Winter.
189	absatz		p039:22	p039:24	Saune Dae hat uſe Herr Gott nich tau er Luſt un Plaſier weren laten; ſe maket dat Gemäuthe weik, un nehmet alle Kouragie, vornut wenn de leiwen Voggels wegfleihet, un de ganze Welt kolt un kahl ward.
190	absatz		p039:26	p040:8	Stille un bidreubet begegnen ſek de beien junken Lüe, de nu all in de halfwaſſen Jahre ran ekomen wärren, un Otte ſäe tau Gere: Mine leiwe Sweſter, ek will et dek man ſeggen; ſeer mine Eldern dodt ſind, finne ek meine Rauhe nich. Ek mott fort, Gere! Biholt Du de ganze Worth. Richte Du Alles na dinen Wunſche un Gefallen in, un beſtimme ober Land un Lüe; denn in diner Hand is en Segen, wie ek ene doch nich bringen kann. De Welt is mek hier te minne un te enge, ek mott weitern gahn, un mek umekieken un ſtreben vor Lüttche un vor Grote. Up er Worth is mines Bliebens nich, ek ſpör et, de Sinn von minen Vaer ſpeuket in mek na.
191	absatz		p040:10	p040:32	Gere was, as ſe diſſe Wöre höre, ganz wittſchen umme de Näſe worren, as ſpele de Ahnmacht up ehren Geſichte. Se keik Otte mit trurigen Oen an, as feule ſe de ganze Weihdae, de nu ober ſe beie komen ſolle, mit einen Male. Ehre Oen ſwimmen in deipen Leed, aber keine Thrane leip ober ehre Backen; manſt dat ſach en wol, en grot Elenne harre ſe bedropen. Otte, ſäe ſe, et deit mek leed, dat wie vont ander mött. Wie ſind doch te hope upewuſſen, un nein Striet is mank unſch vorekomen, un wat ek dek an en Oen afſeihen konne, dat hebbe ek dek edahn, un du biſt mek ok immer ter Hand egahn. Ach! et deit weih, wenn dat Bänd ritt, dat ſau lange Jahre holen hat; aberſt et kann nich anders komen, de Tiedt drifft, un en jung Burße mott ſek umme ſeihn in er Welt. Wandere un weitere! — ek will diner gedenken un vor dek been, as ene richtige Sweſter kann; man allene blieben up er olen Worth ohne Eldern, ohne Brauer, ohne Frindſchop, mank ſau velen willen un weuſten Lüen, ohne Spieſe vor mine Seele un min Harte, — dat geit nich. — Wenn Du geiſt, gahe ek ok. Ek mag nich verlaten un verinſamt up er Worth rummer hantiren gahn, as de witte Frue boben en olen Muerwarke. Ek mott fort un ek will fort, et drifft mek allebot wedder de ole Wanderſinn in Sorge un Pläe ober Barg un Borg, ober Wold un Welt, ober Land un Lüe, ober Moor un Meer, dorch dick un dünne tau er lichten Lucht. — Se recke Otto de Hand taun Afſchiede un drücke ſe feſte te hope, as ene leiwe Sweſter deit, dei nich von ehren Brauer laten kann.
192	absatz		p040:34	p040:37	Wat ſcheihen mott, ſäe ſe, lat balle ſcheihn. Hale uſe Vadderngabe, un lat unſch deilen. Wieer hebbe ek keinen Andeil un Verlangen an de Worth; te malen de Mudder ſilben in Twiewel was, ob ek ehre rechte Dochter wärre.
193	absatz		p041:1	p041:4	Wat? twere Otte an, dat is ilen Snack, wor en nich na hen hören darf. Du biſt mine leiwe Sweſter, un biſt mit mek upewuſſen, un ek late nich von dek, un ek obergebe dek de Worth mit aller Taubehörige.
194	absatz		p041:6	p041:8	Nee, reip Gere, ek will Niſt, als mine Vadderngabe, un da wie doch ein mal von en't ander mött, hale dralle dat Bündel, dat unſch de Möhmen bi er Döpe up de Wehe legten.
195	absatz		p041:10	p041:11	Otte gung un brochte dat Knuttebund, un legte et up den groten Keſſerling, dei under den Machhandelbohm as en olt Opperſtein lag.
196	absatz		p041:13	p041:27	Se knütten dat Dauk up, un bekeken ſek dat Laken, den Speil, de Lampe, un up et leſt den Gurt, un freuen ſek ober dat ſeltſame, rare Ingedüme. As ſe nu noch ganz ſtarre werren ober de Glaut un de Nietheit von der prächtigen Vadderngabe, da fate Gere na den Liewgurte un ſäe: den Speil, de Lampe un dat Laken, wie wol dat leſte in de Mitgaft von en Fruenzen hört, de kannſt du krieen, lat mek diſſen Fruengurt, hei hat vor dek neinen Werth, du kannſt e ne doch nich drahn, hei is dek te knappe. — Otte beſach den Gurt, den Gere in en Hännen harre un grade ummedauen wolle, un et oberkamm ehne wie alle junken Mannsminſchen, de tau en erſten Male en Fruengurt ſeiht. Hei keik mit Begehr na den beiden Appels, de der anne bummeln deen, un de Driehärigkeit obernamm ehne wie Haarſtreben, un hei packe hurtig mit beien Hännen tau; aberſt dat Slott an den Gurte knippſe in de Swanzöſe, un Otte reit ſek ſinen Finger an der Dubbeltunge kort, un ſin warme Blaut drüppe ter Ere.
197	absatz		p041:29	p041:33	Gere ſtund da, ene hehre, hillige Jungfer, un as grade en Schort Swäne na Middag trecke, weil des, dat et all Winter weren wolle, da ſprok ſe: Nehmet meck midde leiwe Sweſtern ober alle Barge na boben. Ek will Jungfer blieben un Jungferndeinſt dauen vor Otte un dat ganze dütſche Volk.
198	absatz		p041:35	p042:6	Dat drop tau, denn dei Gurt, den ſe ummelegt harre, was en Wunſchgurt, un ſei was en Wunſchmäken. Se kreig en witt Feddernkled, un namm ſek up un flog henweg. Bi den Upfleihn moßte ſe ſek dorch de Telgen von den Machhandelbom dorchwinnen, un dabi ſtreppeln ſek de beien Appels af, de eine na Middag un de andere na Middernacht. Dat heilt Gere ene korte Wiele up, un Otte, dei ſe nich von ſek laten wolle, hucke in de Höchte, as wolle hei ſe ummefaten; aberſt hei namm den Satz te korte, un greip man blot eine Feddere, un dei reit ut un folt dal, un ene Druppe Blaut drüppe ut der Poſentülle un farbe dat witte Kled, un de Blautſpiren perlen grade dahen, wo Otte ut ſinen Finger eblött harre, un mengen ſek mit Otte ſinen Blaue, as en Opperblaut un Sühneblaut.
199	absatz		p042:8	p042:11	Gere trecke fort un Otte ſtund da un keik ebannt den Swänen na. Ganz beſtörtt un verwundert ſach hei denn up dat Blaut un de utgeruppete Feddere, un denn ſochte hei na den Appels, de e ne ſau nieren emaket harren; manſt de Appels wärren weg, un Alles was ute.
200	absatz		p042:13	p042:20	Et geit wunderlich her in er Welt, un Alles kann en nich faten. Wol manch ein könne nu ſeggen: Wat vertellt unſch dei vor ein Stippſtöreken von en Wunſchgurte un von en Feddernklee? Wer ſchall dat glöben? — No, ek hebbe Niſt der biee, dat en twiewelt, un nich alle Schembild vor klippe, klare Wahrheit nimmt; aberſt wenn dei, de twiewelt, ſilben an Vorlat un Anegang globet, un er von köddert, dat ene dit un dat eſwant härre, ſau draff en mek dat nich vor ungut nehmen, dat ek de Swäne komen, un Gere der midde wegfleihn leit.
201	absatz		p042:22	p042:28	Gedanken fleiht ut un in, wie de Voggels, un wenn ſe wegeflohn ſind, denn hört en nein Piepſen un nein Singen mehr. Futſch ſind ſe; aberſt bi en bettchen Naſinnen kehret ſe wedder, un wenn ſe Blaut efatet un in't Saft eſchoten ſind, denn kummet ne andere Tiedt, un en niet Leben, un ene andere Welt, denn Blaut un Saft is dat Erſte von allen wahren Leben, un ohne Blaut is keine Erlöſunge; aberſt Blaut was hier efloten, un darumme kam ok ne andere Tiedt.
202	absatz		p042:30	p042:32	Dat mag nu ſien un lopen, as dat will, Otte Veihwann was ſine Gere los, un de Swäne trecken in en wieen blauen Himmel bet ſe immer lüttcher un lüttcher wärren, un dat en ſe nich mehr ſeihn konne.
203	absatz		p042:34	p042:38	Nu was Otte allene up er olen Worth un word trurig un bedreubet. Dat Laken, de Feddere, den Speil un de Lampe keik hei gar nich mehr an. Hei ſmatt ſe te hope in en olt Schapp, un legte ſinen Kopp in ſine beien Hänne, un gnarre un röhre, dat hei ſiner Gere den Liewgurt harre weg nehmen wollt.
204	absatz		p042:40	p043:3	De Weihdae was grot un plae ehne ut er Maten; aberſt Alles hat ſinen Obergang, un ok de Weihdae ſtumpet mählig af, un denne kummet dat Denken, un mit en Nadenken kummet de Entſchüllig un dat Reinebrennen, un denn ward ut er Dath ene Rechtsfrae, wo ſek Richter un Avcate en ander gegen ober ſtaht.
205	absatz		p043:5	p043:18	Otte Veihwann gung dat wie allen Minſchen. Hei deliberire, wie wiet hei in Rechte weſt was, ſiner Gere en Gurt te nehmen. Ek was doch de Nächeſte der tau, meine hei. Up mek arbe de Worth ober mit Allen, wat der inne un anne was. De Vadderngabe was unſch zware beien up de Wehe legt, un beie härren wie drumme en Recht der annes ober de Wehe, up dei ſe elegt word, was mine, un Gere was min Sweſter, un drumme kam mek ok de Gurt tau. De Gurt was nu vorbat en Lievgurt vor en Fruenzen wat noch leddig was, un ſau wärre dat paſſig vor ſei eweſt, wenn ſei da ober te beſtimmen harre, allene dat Paſſige is noch nich immer dat Rechte. Et ändert ſek mit er Tiedt Alles, un ut ener Jungfer ward en Wiew. Sau wolle dat mit Gere ok wol komen ſien, denn leddig konne ſe doch nich immer blieben, un da ſe man blot mine Melkſweſter was, ſau ſeihe ek dat nich in, dat ek an den Gurte dat vulle Recht nich anne hatt härre hebben ſollt.
206	absatz		p043:20	p043:24	Dat wärren ſau ſine Grünne, de hei ſek mit Fliet klauk tehopelegte; manſt je feſter hei in ſiner Anſicht word, deſto luer ſprok dat in ſinen Harten „Du haſt doch man diner leiven Gere den Gurt nehmen wollt, obſchonſt de Mudder unſch vermahnt hat, dat wie immer tru an en ander holen ſollen.“
207	absatz		p043:26	p043:36	Dat Mahnen kam jimmer wedder un namm nein Enne. Otte höre nu aberſt tau den Minſchen, dei nich geren lange an einer Mahltiedt kauet, vornut, wenn ſe nich na Smacke iſt. Hei ſmatt dat Grübeln ter Halbe un dachte drumme bi ſek „da will ek mek nich lange mehr umme plaen, wo wiet dat herebrochte Recht an dat natürliche Recht ran recket, da will ek wol tau komen. Wat Einer nich ſilben kann, dat könnt Andere. Et gifft ſau vel Rechtsgelehrte in er Welt, dei kann ek ja fraen. Ek will up Schaulen un Univerſitaiten gahn un ſtudiren un naſeuken, wie wiet ek in Rechte was; un denn mößte et wunderlich taugahn, wenn ek nich de Wahrheit von er Lögge, un de Werklichkeit von Schemen te deilen kree.“
208	absatz		p043:38	p043:39	Otto vermeiere drumme ok ſine Worth an den olen Pachter von Nettels Howwe un gung up Hochſchaulen un na er Univerſitait.
209	kapitel		p044:1	p044:1	Studentenjahre.
210	absatz		p044:3	p044:24	Up er Univerſitait ſach et to dem male buntchen ut. Jedweder Lannesſtamm harre en Sproten ut er Völkerwanderunge na diſſer Frieſtidde der Bildunge eſchicket; un ſau ſach en denn ut er älleſten Tiedt Teutonen, Germanen, Wandalen, Franken, Saſſen un Düringer, un wer weit wat alle vor Minſchen mit ehren Lannesfarben, de alle den Striet ungetöggelter Wähldaigkeit mit Schriften un Släer reliquienwieſe fortſetten deen. De Striet word eſtredden mit aller Macht ganz na er Wieſe uſer Vorfahren under erwählten Greven, de ſe Senioren nämeſen, un hei gung vor ſek, vornut gegen de Profeſſers, de en hölleſchen Nied un Tück up en ander harren, un ſek under en ander bekrieen, nich mit ſcharpen Nadenken un klaren Woren, nee mit pralſnutigen Anhange von junken Lüen, de ſe umme ſek ſammeln, un mit upgewarmten Kohl ut der Bibel un olt heidniſchen Schriften, oder wol gar mit utwennig elehrten Fraſen un Slagwören, ut den Vorwören von nien Beukerfabrikanten afſpieſen deen. Mankedorch, wenn de Feihde ut was mank en Olen, denn gung dat bi en Junken umme, wenn ſe grade kein Gegenpart finnen konnen, tien de Nachtwächters. Wat bruken dei de Nacht tau en Dae te maken, de doch ſeer olen Tiedten den Studenten höre; oder tien de Pudels, weil dei en Prorectere wie Hunne Alles taudreuen; up et leſt aber, wenn er niſt mehr was, worans ſe ehre Luſt anne utlaten konnen, tien de Kameele, weil dei ſtatts Beier, Water in Buke dreuen, dat doch alle te Cerevis härre verbruet weren konnt.
211	absatz		p044:26	p044:32	Wärren ok diſſe lüttchen Euberien vorbi, denn rempeln ſe ſek under en ander, oder ſe hiſſen de Hunne un Vöſſe tehope, kort, ſe deen wat ſe ehre Luſt ingaf un wat ſe wollen, denn ſe wärren friee Burſſen. Dat Recht word da praktiſch uteeubet; et beſtund in der Utnutzunge der ungetöggelten Bengelie, un wer nich midde make, dene word ſchändlich edahn, denn worümme nutze hei nich ſine Forſche un Couragie? Worumme word hei nich Corpsburſſe?
212	absatz		p044:34	p045:8	Otte marke ſik dit Spelwark, un weilen hei geren in de Rehe wolle, leit hei ſek inſchrieben, un gung up en Allgemeinen, wo Wien un Beier etappet word. Hei ſette ſek an en Diſch un make ſek ene Pipe an. An diſſer Pipe hängen en Paar roth-ſwart-witte Troddeln, de e ne ſiene Gere vorläten tehopeſpunnen harre, un dei hei hoch in Ehren heilt, as en leiw, hillig Angedenken. Hei ſpele ganz mit ſek tefreen mit ſiner Pipe un ſinen Quaſten, un blaſe den Damp in lüttchen Wöſten vor ſek hen; da kam von der Halbe Ein mit blau-witten Bänne ober er Boſt un namm ehne de Mate. Füchschen, ſäe hei, wo haſt tu tenn die Paumels gekoft? — Än Kleeplättchen, un ä Neſſelplättchen, unn en Baar roth-ſchwarz-weiße Dröttelchen terunder, tas is, ſtraf mich! eine peßontere Coulerig, ti ich mein Lepdak hier nit keſehn han.
213	absatz		p045:10	p045:12	Dat glöbe ek wol, twöre Otte an, denn da tau mott en in Dütſchen Lanne grot eworren ſien, un wie Du mek vorkummeſt, ſau biſt Du hier nich te Huſe, Du ködderſt ja miſſingiſch.
214	absatz		p045:14	p045:17	No ßehe einer! ta meint tas Füchslein, taß nur nieterſächſiſch teitſch wäre. — Wir wollen nicht darüber ſtreiten, ob ä weich T, oder ä hart D am teitſcheſten iſt; aber wo haſt tu tenn die Peweiſe her, taß roth, ſchwarz und weiß teitſche Farben ſein? —
215	absatz		p045:19	p045:20	Dei hebbe ek von miner Gere, ſäe Otte, un weil dat en dütſch Mäken was, ſau is dat Bewies enaug, dat de Farben dütſch ſind.
216	absatz		p045:22	p045:22	Tas iſt, ſtraf mich! ä Peweis ad hominem, d. h. von ä Menſch.
217	absatz		p045:24	p045:30	De Cameradſchop von en Blauen lache un Otte verdrot dat; denn Niſt wormt mehr, as wenn Einer utelachet ward, un nich weit worumme, un dat was hier ſau, weil Otte noch te unſchüllig was, un den Underbeſcheid von Mäken un Menſch noch nich kenne. Otte word milären un rükke en Bettchen von Diſche af, aberſt de Blaue fate wedder na den roth-ſwart-witten Quäſten un fraug: He! tu teitſches Füchslein Unvertorben, was ſollen tenn ti Farben peteuden? —
218	absatz		p045:32	p045:33	Ek kann dek, twöre Otte verdreitern an, blot vertellen dat mek mine Gere de Troddeln mit den Wören ſchenke:
219	vers		p045:35	p045:38	„Fri in er Noth, / Dorch Blaut, ſau roth, / Bet in en Dot / Hülpe unſch Gott.“
220	absatz		p045:40	p045:41	Und tas tenkſt tu unter ter Aechite tes Treiblads unt ter Neſſel zu halten und wahr zu machen? —
221	absatz		p045:43	p045:44	Ek denke gar niſt, ſäe Otte, man ſau vel weit ek, dat all te klauke Häuhner mankedorch ok mal in de Netteln legget, un ek rahe dek:
222	vers		p046:1	p046:2	Röhe nich dat Driebläd an, / Wahre dek, t' ſind Netteln dran.
223	absatz		p046:4	p046:5	Was! ä all zu klug Huhn? — tas iſt ja eine naiv tumme Pemerkunge. —
224	absatz		p046:7	p046:8	Wor up ek dek en Accept up enen Gang lüttche Mützen mit roher Dinte utſtellen will, ſeggte Otte.
225	absatz		p046:10	p046:13	Da up word et ſtille, as wärre en Engel dorch en Kneipſaal eflohn, manſt dat duere nich lange, denn up beien Parten word wedder luſtig tauedrunken, un de Harfenmäkens faten forſſe in de Därmen un ſtimmen lue an:
226	vers		p046:15	p046:16	So iſt es recht, ſo iſt es recht. / Friede geſchloſſen nach dem Gefecht!
227	absatz		p046:18	p046:21	Den andern Dag word de Weſſel under Glockenſpeel inetrekket, un nu word Otte in Korten en döten Corpsburſſen, de mannicheinen ſine Underſchrift in indrücklicher Wieſe in't Geſichte ſchreif, ohne alle Schonunge, wenn et ſinen Vorthel un dat Anſeihn ſines Corps bedrop.
228	absatz		p046:23	p046:34	En gut Hake krümmet ſek bi Tidten, vornut, wenn hei ſtrebe waſſet, un Otte was von derben Holte, un kreig ſine richtige Pläe von ſinen vandaliſchen Frinnen un von den deipdenkeren Profeſſers un Doctors, de ehne dat poſetive Recht bibrochten. Diſſe lehren nu te demmale, nademe dat ſe Alles dorchſtudirt un up et Fienſte oberlegt un feſt eſtellt harren, dat dat Recht bi den Stärkern ſtünne, dat de Minderheit ſek under de Mehrheit bigeben mößte, un dat de Mehrheit in ehren Beamten un up et Leſt in der Krone utleip. Alles was na ehrer Meinunge en olt her ebrocht Recht, wat nu ein mal feſte ſtund un in der Vortreckig von en Stärkeſten ſinen Grund harre, denn von en Naturrechte, un von en minſchlichen Rechte, dat en Minſchen aneboren was, da wollen ſe Niſt von wetten.
229	absatz		p046:36	p047:5	Dat ſtimme nu mit dene, wat Otte Veihwann ſek all immer voretellt harre, in Ganzen oberein, tomalen hei in diſſer Lehre de beſte Entſchüllig fund, dat hei as de Stärkere berechtigt eweſt was, ſiner Sweſter den Gurt weg tenehmen. Allene et kam ehne immer wedder in en Sinn, dat bi aller Kraft, de einer in ſek härre, immer noch ene Macht dawärre, de ober alle Willensſtärke henweg, up de Minſchlichkeit henginge, un ſau wärre hei wol geren da vor upetreen, aberſt mank en Wülwern iſt ſchlecht Muſekante ſpelen, dat Middehulen is vel lichtferriger un bringet ehr Vorthel, un ſau make hei denn midde, un batt umme ſek, as en richtig Corpsburſſe deit, un dabi kam ene ſine angeborene Driehärigkeit ofte te gue. Manſt dat Speel namm ok en Enne. Hei kamm in de Jahre un word en Rechtskandidate.
230	absatz		p047:7	p047:27	Wie ſau en Rechtskandidaten te Maue is, dat weit en wol. Et komet de Katers. — Da kummet erſt de Beierkater, dei brummet in Koppe, as ginge de Bregen mit Grundies, un denne ſtellt ſek de moraliſche Kater in, dei ſpinnt un gnurret ober de verlorene Tiedt un ober den holligen Kopp, wenn dat Grundies eſmulten is, un denne up et Leſt, denn ſett de Pandectenkater vor, de einen wie en Huckup in düſtern oberfallt. Da hülpet nein Hulen un nein Been, de Laſt mot edrahn weren, bet de Kouragie under Schillen un Flauchen wedderkummet. Härre nich uſe Herr Gott en Inſeihn, kein Kandidate keime dorch; aber vor't Mehrſte hät de Profeſſers ok mal en Kater ehat, un mankedorch lieet ſe noch an Katerſnurren, de ſe as aparte Nievetäten utelegt werd. Diſſe Snurren fänget nu de Rechtsagenten bi de pergamenten Docters in un draht ſe fluchs in de Preſſe, un denn werd ſe den junken Candidaten dort ſau feſte inepräget, dat de velfältigſten, ſwärreſten Rechtsſprüche ut den junken, greunen Holte herut waſſen dauet. Denn ſieht dat ſau ut, as wärre de junke Candidate en hölleſchen ſluen un dorch un dorch utelehrten, klauken Kerel, de in de düſterſte Deipe von dene, wat en von Rechte weit dalegahn wärre, un verſtünne nu ok, ſek in utergewöhnlichen un ſeltſchen Rechtsproceſſen te rechte tefinnen. Is düt nu Alles eſcheihn, denn kummet de Candidate ut er nieen Preſſe as baar, blank Gold, ohne allen Makel un Ruſt an et Daeslicht.
231	absatz		p047:29	p047:30	Otte Veihwann wußte dat wol. Hei biſochte drumme de glaut niee Preſſe, un kamm as ſchieren Auditer vuller Luſt un Hopen wedder rut.
232	absatz		p047:32	p047:35	Sauen Auditer oder Referendar, de ſine guen Legitematſchonspopiere in er Ficke hat, dei will all wat ſeggen, vornut, wenn hei de Hoffnunge hat bi der Regierunge in de Verwaltunge intetreen, denn da is de Charſe mit Winter- un Sommerwee tau en Geheimrath utebuet.
233	absatz		p047:37	p047:38	Diſſen Weg ſlaug nu Otte Veihwann, wie et nich anders ſcheihn konne in.
234	absatz		p048:1	p048:3	Hei namm Afſchied von ſinen Cameraden, un gung directemente na er nächeſten groten Stadt, wo hei ſek bi en geheimen Oberregierungsrahe dorch en Schrieben anemellt harre.
235	absatz		p048:5	p048:16	Otte hänge ſine Reiſetaſche umme un maſchire los. Alles, wat hei erlebet harre, kamm wedder durch ſine Seele trecket, as härre ſei dorch en Dromglas ekeken. Hei was in Gedanken wedder bi ſiner Gere, de hei ſau herzlich leiw harre, un der hei doch den Liewgurt harre nehmen wollt. Sine Ummeſicht, ſin Leben up er Univerſitait, un ſine Grübelie ober Recht un Unrecht wärren bi alle dem, dat hei de niee Preſſe beſocht un eben verlaten harre, nich in Stanne weſt, ehne ut er Predulge te hülpen. Hei was in ſiner Wieſe, dat Recht te düten, nich int Klare komen, un je mehr hei ſummenire, deſto mehr Abers keimen ehne in en Sinn. En ganzen dicken, dichten Wold harre hei vor ſek, un hei gung immer wieer, un verleip ſek immer mehr up en Holtwee, un word leſtut meue un malakſch.
236	absatz		p048:18	p048:33	Hinder ehne ſloten ſek de Büſche un dat Rieſig. Hei konne nich ut un in finnen. Under ſek en Dödler, un ober ſek hoge Böme, dei ene den Himmel tauwuſſen. Hei legte ſek under ene Eike, un ſleip in un dremme. Boben ehne ruſche et in den Wippen; de Ulen krieſchen un bellen, as feuere Fru Holle ober Feld un Wold, un teleſt trecke en Schort Swäne vorbi, un et was ehne, as wärre ſine Gere der mank, un härre ehne mit en Fittchen tauewenket un taueraupen: „Holt an dinen dütſchen Volke; ek bin bi dek un bee vor dek.“ Hei höre Niſt mehr un ſach Niſt mehr, un ſleip fort, bet et morgens de Sunne upgung; da follt en lichten Strählen mank en Telgens hendorch grade in ſin Geſichte, in er Upwakig, un as hei ſek nu verpruſte un ſau in der Wildniſſe ſach, da kamm ehne de Wunſch: Wenn mek doch Einer ut diſſer Wildniſſe brächte! Indeme kamm de Lichtſchimmer wedder in ſin Geſichte. Hei gung den Strählen na, un kamm an en lüttchet Hüſeken, von wor de Lichtſchien ſchrot ut ener Fenſterſchiebe up ehne folt. Hunger un Döſt plae ehne; hei kloppe drumme an, un et word e ne upedahn.
237	kapitel		p048:35	p048:35	Dat graue Männeken.
238	absatz		p048:37	p048:39	En olt grau Männeken mit en lanken grieſen Barte un en guen, oltdütſchen Oltvaergeſicht ſatt da up er Däle under allerhand Bewehr, un märe mank Krüterie, Steinen un groten Bäukern.
239	absatz		p049:1	p049:2	Otte bot e ne guen Dag, un bidde um Upnahme, un wenn et müchlich wärre, umme en Wegwieſer ut en Holte.
240	absatz		p049:4	p049:5	Wie biſt Du hier herekomen, fraug dat Graumänneken, un wat is din Gewarbe?
241	absatz		p049:7	p049:13	Ek ſeuke na en richtigen Rechte, twöre Otte an, un hebbe mek verlopen. Hier ſind mine Popiere, ek bin en Auditer. De werd dek hier ſcheier nich vel hülpen, meine dat Graumänneken. Hier is Kein, de Popiere controlirt. Diſſe Wold is verhexet, un et kummet Keiner rut, de ſek nich ſilben te finnen weit. Hier kummet Alles da up an, dat en wat will, un dat en wat kann, denn hier geit dat nich na en Uthängeſchille, oder Breiwe.
242	absatz		p049:15	p049:18	Ek ſinn hier all vele hundert Jahre un kann mek ok nich terechtefinnen. Ek ſeuke na er Wahrheit, aber obſchonſt ek Doktor bin, ſau hebbe ek doch nich betsher dat Krut vor en Dot, den Stein der Wieſen, un dat Water det Lebens, vel wenniger de Wahrheit finnen konnt.
243	absatz		p049:20	p049:23	Da ſöllt jü ok wol ſeuken, meine Otte. Vor en Dot kein Krut ewuſſen is; de Stein, under dene de Wieſen ligget, dat is de Dillſtein, de de Liken decket, un dat Water det Lebens flütt oberall, man mott et blot tefüllen vorſtahn.
244	absatz		p049:25	p049:25	Wo haſt Du dat her? — fraug dat Graumänneken.
245	absatz		p049:27	p049:29	E, ek hebbe en Speil, dene mek de Päthen up de Wehe legten da ſteit dat alle inne, aberſt von en Rechte, un von er Wahrheit, da ſegt hei mek ok Niſt.
246	absatz		p049:31	p049:31	Wo biſt Du denn her, un wie warſt Du enämſet?
247	absatz		p049:33	p049:38	Ek hete Otto Veihwann, un bin von Schönhuſen up er olen Worth, Min Vaer was de Diplomate Veihwann, un mine Mudders heit Ganne, de Spruchſprekerſche, mine Sweſter Gere aber is mek der von eflohn, as ek ehr den Liwgurt nehmen wolle, un dat hat mek in de Grübelie brocht, wo wiet dat natürliche Recht von poſitiven Rechte te ſundern wärre.
248	absatz		p049:40	p050:15	Dat ſtimmet ja ſeltſchen te hope, ſäe dat Graumänneken, et ſind nu wol all en Mandel Jahre her, da ſwane mek eines Daes, dat nu ene andere Tiedt keime, un ek höre de Swäne ober min Hus trecken un dremme en harren Drom, dat Alles ober en ander ſtörte, un dat niſt mehr te hope holen wolle. As ek nu ganz verbiſtert upwake von minen Drome, da ſtund vor miner Dör en ſnar Mäken, dat brochte mek de Truerbotſchaft, dat min ole Frind Veihwann, weil des, dat hei de Welt nich mehr verſtahn konne, von ſinen Thoren efallen wärre, un dat ſin Sohne tau mek kommen wolle, umme bi mek na en richtigen, dütſchen Rechte te ſeuken. Dat Mäken treke denn wedder en witt Fedderkled ober un flog weg, un ek word ganz beſtußt; denn wie ſolle ek ehne dat Recht ſeuken hülpen? Ek dachte lange da ober na, un et word mek klar, dat dat Recht in der Natur te finnen wärre, aber da tau mott en ſpören künnen, un wie de Name beſegt, dat Veih von en Minſchen aftewannen verſtahn. Kannſt Du nu dem Spore ordentlich nagahn, ſau is et wol müglich, dat Du dek ut diſſen verhexeten Wolde ruterfinnen deiſt, manſt ohne Spören geit dat abſolut nich af. Kannſt Du ſpören? — J, wie wolle ek nich ſpören können, twöre Otte an. Ek hebbe all up er olen Worth als Junge dem Veihe nalopen moßt, wenn ſek dat in Holte verlopen harre.
249	absatz		p050:17	p050:18	No ſau itt erſt en Bettchen, un denn kannſt Du dek der na up de Säukig begeben un dek dine Notizen maken, ſäe dat Graumänneken.
250	absatz		p050:20	p050:21	Dat Graumänneken hale Brod, Solt un en Kraus Beier, un ſe vertheren in Frindſchop ehre Sticke.
251	absatz		p050:23	p050:27	Als ſe nu egetten harren, ſach Otte under en lanken Bare von ſinen Gaſtfrinne en Paar ganz lüttche, korte Beinekens rut kieken, un hei fraug niethieren un half ſchämeleren, weil ehne dat nich ganz richtig te ſien ſchiene: Niſt vor ungut, gue Frind, wo hätt jü denn dei korten Beine her? —
252	absatz		p050:29	p051:6	De hebbe ek mek in den leiwen, lanken Jahren, dei ek hier weitern gahe afelopen, vornut ſeer ek hier te deipe in de Hege — un Häkelie kamm; aberſt bi allen Lopen hebbe ek doch Neinen efunnen, de dat reale Denken verſtund, un Neinen eſeihn, de de erſte Urzelle utfinnig maken konne. Wie wandern tehope immer wieer, bet de eine ſek nagerae todt elopen harre; de andere aberſt loppet noch rummerher un kann et nich rut krieen, ob dat Ei eier da was, as dat Hauhn, oder dat Hauhn eier, as dat Ei. Wie wol ek ene nu ſeggte, dat Niſt von ſilben keime, dat alles, wat wärre, en Gedanken in ſek dreue, un dat dat Edachte en Denker hebben mößte; dat diſſe Denker aber uſe leiwe Herr Gott warre, ſau wolle hei doch Niſt der von wetten un gung ſtrakte den Taufalle na. Dat was mek te vel, denn mine Beine harre ek mek kort elopen. Ek gung drumme wedder in mine Behuſung, un nu kummeſt Du, un woſt na en Rechte ſeuken. Ek bin enaug rummerher elopen, ohne wat tefinnen, un wenn et dek nu noch lüſtet, ſau kannſt Du et ja verſeuken, ok dine Stelten aftetrampen, umme dat Recht utfinnig te maken, dat mit unſch op de Welt ekomen is.
253	absatz		p051:8	p051:10	Dat will ek geren dauen, ſegte Otte, un namm ſinen Haut, ſinen Stock un ſin Notizenbauk; aberſt jü gahet doch midde? — Jü kennet doch am beſten de Wee un Stiee, dei dorch den Wold lopet? —
254	absatz		p051:12	p051:14	Dat wärre nein Nütze, meine dat Graumänneken, denn dei Stiee, dei ek hier platt epoſet hebbe, dei gaht nich na en Rechte, un oberdem mott hier jeder ſine eigenen Wee gahn.
255	absatz		p051:16	p051:19	Gut, denn will ek man allene gahn, ſäe Otte, un gaff en Graumänneken ſine Hand mit en fründlichen Adjees. Dat Graumänneken wünſche ehne ne glückliche Reiſe un guen Erdrag bi der Seukig, un ſette ſek wedder an ſine Beuker, ſine Krüterie un ſine Steine.
256	absatz		p051:21	p051:24	Otte harre ſchonſt de Dör in er Hand, da reip ene dat Graumänneken mit bidreubeten Geſichte tau: „Vergütt dat Beſte nich!“ un wieſe up ene blaue Blaume, de in en Potte in Fenſter ſtund un eben upebroken was.
257	absatz		p051:26	p051:28	Vorwahr, reip Otte, ek will juer nich vergetten, dat Jü mek ſau fründlich upenohmen hätt, un damidde namm hei einen Stengel von den Vergißmeinnich, un legte den in ſin Notizbauk, un gung ſiner Wee.
258	absatz		p051:30	p052:3	Glieks hinder den lüttchen Hüſeken von den olen Graumänneken kam Otte under hoge, raume Bäuken. Da was et ſau ſtille un ſchuerig, as in ener groten Kerke. Nein Voggel leit ſek hören, un under en Bömen was kein greun Hälmeken te ſeihn. De Lowbläder von velen, velen Jahren leien da ſchauhhoch un wärren alle vedröet. Dat leiwe Sunnenlicht konne nich dorch, un de lanken, hellegrauen Stämme recken hoch in de Höchte un dreuen en greun Dak, un niſt konnen vernehmen, as dat Ruſchen in en Wippen, as vertellen ſek de groten Böme, wie ſe na gerae Alles dal e wuſſen härren, un dat ſe nu der anne wärren, ſek en ander te ſchützen un up lieker Höchte te holen. Et was wahr, de Bäukendom was hoch un hehr, aberſt under ſiner Wölbig lag de Dot. Otte ſchüddele trurig mit en Koppe un ſlendere wieer dorch dat dröe Low, da ſach hei, dat de Bläer as na ener Snauer umekippet wärren. Sieh mal, ſeggte hei bi ſek, da hat ſek ja en Voſſ eſnäuert. Wat ward mek dei von en Rechte vertellen?
259	absatz		p052:5	p052:9	Hei gung en Spore na un kam an ene mächtig grote Bäuke, dei was, weil ſe up e nen Brinke högger ſtund, as de andern, von Winne umeweihet, un ehre Wörteln harren en Erdboden mit ſek hoch enohmen. En Voſſ harre ſek da ſinen Bu under inerichtet, un de Bu was friſch belopen.
260	absatz		p052:11	p052:12	Otte ſette ſek up de ummeſtörtete Bäuke hinder de hoch utgerettenen Wörteln un dachte ſau bi ſek:
261	vers		p052:14	p052:19	Nu ſall en under Bäuken / In Wold' na en Rechte ſeuken! — / Wat fin ek? — Alles unnen kahl. / De Groten waſſt de Lüttchen dal, / Bet dat de Wind mit aller Kraft / Ok mal en Groten bringt ter Graft.
262	absatz		p052:21	p052:27	Huſch! da kam under den Wörteln mit einem male en Voſſ ut en Bue, un ſpele mit ſinen Swanze, as ene Katte. De junken Vöſſe keimen ok rut, un kobolzen um ene rum, un harren ok ehre Luſt an en Swanze, ſau dat Otte ganz nietſchieren up ehre Swanzſpeel word. Doch da löſe ſek en Stein ut den hochuterettenen Wörteln, un futſch wärren alle Vöſſe weg, un Otte bleif niſt, as dat Naſeihn un allene de Erinnerunge an en Swanz.
263	absatz		p052:29	p052:29	Hm, brumme hei vor ſek hen un make ſek de Notize:
264	vers		p052:31	p052:39	Will Einer mank de Vöſſe gahn, / Dei mott up't Swänzeln ſek verſtahn / Tau en Muſen, tau en Muſen. / De Swanz, de decket alle Scham, / Wat Wunder! wenn da Stank von kam / Tau en Gruſen, ja Gruſen. / Allene Niſt bringt gröttern Glanz, / As en taugeſneddnen lauken Swanz / Tau en Bruſen, Upbruſen.
265	absatz		p052:41	p053:7	Otte dremmle noch ſau vor ſek hen un kamm an enen olen Eikenſtamm, under dene ſeer lanken Jahren keine Druppe Rehn efallen was. Et lag da en grot Miäntchenhupe, dei was mit Kunſt upebuet. Grote anke Straten trecken in de Dore, un Rieſenameuſen leiten as Zaldaten de lüttche Miänten as Sklaven ſware Laſten draen, un bi inne, da ſlepen ſe de Eierſchätze up un dal, un de Junken trecken ehre Klafittchenlöcke an, un danzen un harren ſek en ander leiw; manſt Alles rok na Ameuſenſpiritus. Otte meine, de ſind er wol anne, aberſt wat hülpet dat „Aas lätt nich von Aas“; un hei ſchref:
266	vers		p053:9	p053:28	Niſt kann't Schönneres geben, / As't Miäntchenleben / In en duſtern, düſtern Wold. — / Kummt en Worm gekropen, / Glieks ward rut er elopen, / Un in Korten, Korten is he kolt. / Denn ward fluchs tau en Braen / Alle Mannſchaft laen, / Un mit Anbietſchon ward denn etehrt. / Sklaven un Zaldaten, / Sotſchaldemokraten / Drinkt en ander tau / Seuten Honnigdau. / Un leſt geit ant Minnen / Mit den Miäntinnen, / Ohne Underſcheid, / Wie et grade ſteit. — / Im ſotſchalen Staate / Kummet Kein te late, / De te winnen un te minnen weit.
267	absatz		p053:30	p054:2	Na der Miänterie gung Otte wieer dorch dat dröe Low un lange up en Fautſtiee an, dene dat grau Männeken all glatt elopen harre, un dei na den lüttchen Hüſeken von ſinen Gaſtfrinne gung. Hei meine, det Spörens wärre all enauch, as hei an eine junke Dannenſchonunge kam, dorch de de Stieg wie dorch e ne Löweke trecke. Hier harre ſek ene grote Spinne der vor dal elaten un dannhektire de junken Telgen, as wolle ſe den ganzen Wald oberſpinnen. Otte bekek ſek ehren Bu un dat künſtliche Netze, un munſtere ehre Lebenswieſe un betrachte ſe, wie ſe ſek in ehren Bewehr harre, un drup ſung hei:
268	vers		p054:4	p054:11	    De Krü- Kra- Krüzeſpinn / Lätt ſek von Winne weihn / In ehren Netze midden in, / Un fänget fette Flein. / Dat Spinnen un dat Weben fien, / Dat Fängen un dat Fleien krien, / Dat ſteit der flietgen Spinnerſche, / Der Spinnerſche, Gewinnerſche.
269	vers		p054:13	p054:20	    Da kummt en Spinnrich anegahn, / De Muhme te umfängen. — / Den ſeuten Kuß, den nimmt ſe an, / Den Bredigam lätt ſe hängen. / De bummelt nu in Sunnenſchien; / Sei freuet ſek upt Kinder krien / De dicke, runne Spinnerſche, / De Spinnerſche, Gewinnerſche.
270	absatz		p054:22	p054:30	De grote Krüzeſpinne ſatt immer noch in ehren Bue un keik ut ehren Utfalldore up de lüttchen Veddern un Wäſchen, de ſek under ehr aneniſtet harren. Se harre duſend Oen open, ob ſe wol nich Einen un en Andern belueren konne, un was vuller Annecſchonsgelüſte; aberſt de junken greunen Dannen ſtunnen vor bi na in Indracht eine bi er andern, un decken ſek mit ehren Telgen, un harren man alle ein Teel, na en Lichte. De leiwe Sunne beſchiene de bebernſten hellen Quäſte, as härre ſei un de junke Utwuß ehre ſeute Luſt an't ander, un Otte oberkamm dat, un hei fleitge wie in ſinen Jungensjahren:
271	vers		p054:32	p054:39	O Dannebom, o Dannebom! / Wie greun ſind dine Bläder — / Kein Stamm wol ſteit in greunem Dom / Dei ſlänker waßt un gräder. / O! Dannebom, Du Wihnachtsbom, / Dei Jung un Olt kann geben. / O! Dannebom, Du Götterbom, / Du Sproten ut en Hewen!
272	vers		p055:1	p055:4	O, Dannebom, Du Weltenbom! / Lat under dinen Twieen, / Wenn't harr her geit am Lebensſom, / Frieheit un Recht gedieen.
273	absatz		p055:6	p055:14	De Sporſeukig was ute, un Otte wolle eben de Dannen verlaten, un up et lüttche Hüſeken taugahn, da ſtund da e ne hollige Rüſter, de hei am Morgen ganz oberſeihn harre. Itzund hör en da en Summen un Brummen inne, un de lüttchen, flietigen Immen flohn af un tau un dreuen Honnig. Alles gung na er Ordnunge, un Alles kamm da up an te hope te holen, un under Arbeit un Gutſien de Junken uptetrecken. Keine Imme dachte an ſek ſilben, obſchonſt ſe alle ole Jungfern wärren, allene de Pläe vor de Sweſterkinder namm ſe ganz in, un Otte verſtund un ſchref:
274	vers		p055:16	p055:31	    Von allen Voggels in er Welt / Mag ek de Imme lieen, / De flicht ſau fliedlich, flink in't Feld, / As ginge ſe ut up't Frieen / In warmen Sunnenſchien. /     Up Blaumendecken danzet ſei, / Un Honnig trecket ſe in, / Ach blaume mek doch ok de Mai! — / Ne Imme möcht ek ſien / In warmen Sunnenſchien. /     Nich denket de an Drohnenkuß, / Ne Jungfer will ſe ſien, / Den Blaumen bring't ſe ſchönen Gruß / Von allen Lüttchen, de te Hus, / Ek möcht ne Imme ſien / In warmen Sunnenſchien.
275	absatz		p055:33	p055:35	Nu kam Otte wedder tau ſinen Graumänneken. Dat ſatt immer noch in er Hegel- un Häkelie mank ſinen Beukern un las in enen olen Pergemente.
276	absatz		p055:37	p056:10	Im Anfange was dat Wort. Nee! up et Erſte was de Gedanke, denn dat Wort is ſcheier erſt en Utlat von en Gedanken. Aber ok de Gedanke is nich dat Erſte; älder is dat Denken, un dat Denken ſett en Denker un en Daſien vorut, un dat Daſien ſchiet in er Tiedt un in Rume. Drumme is dat Erſte de Tiedt un de Rum, un in er Tiedt un in Rume, is Häkeln ſien Taufall. Bewahre, da ober Tiedt un Rum is uſe leiwe Herr Gott, un Gott denket vernünftig un werklich, un et hat ſin Recht, wat min ſelige Frind Hegel, ſäe, dat dat vernünftig Edachte werklich wärre. Manſt de Minſche kann nich werklich denken, de Minſche denket in Bildern, je nademe, dat dei in ſinen Bregen up un dal woget, un je nademe, dat hei dei na ehrer Aehnlichkeit un Liekigkeit te hope teſtellen weit.
277	absatz		p056:12	p056:15	Hei heilt inne un ſprok: Nu ſall mek doch wundern, wat min junke Frind Veihwann up ſiner Seukig na en Rechte funnen hat; — denn dat Recht is, un wat is, is ok vernünftig, un dat Vernünftige is werklich.
278	absatz		p056:17	p056:18	Uperſtunds kreig hei Otte, de eben ſachteken in etreen was, tau Geſichte un fraug: „No haſt du wat efunnen? —
279	absatz		p056:20	p056:26	Ja! reip Otte mit en frindlichen guen Abend! ek hebbe ſocht, un ek hebbe funnen. Hier ſind mine Notizen un min Winn. De Vöſſe lebet dem Swanze, un de Miäntchen krupet en Aaſe na; de Spinne anectirt, un de Immen pläet de Lüttchen; de groten Böme vertellt ſek von ehrer Höchte, un de junken Dannen recket ſek en ander de Hänne un driebet na en Lichte. Alles lebet na ſiner Apartigkeit, un de Apartigkeit is ſine Frieheit un ſin Recht.
280	absatz		p056:28	p056:35	Ek hebbe niſt dergegen un bin in Ganzen tefreen, ſäe dat Graumänneken, aber Du warſt wol hungerig ſien. — Hei hale ut ſinen Schappe Schinken un Brod un en Glas Beier, un ſette ſek Otte gegenober un att, as wenn gar Niſt paſſirt wärre. Et ſmekke ene prächtig, un Otte ſtund as en Gneiertappe derbi. Na gerae word et Otte langwielig, denn dat Tauſeihn make ehne nich ſatt. Gue Frind, ſeggte hei, hätt jü nich noch en lüttchet Sticke ober? — Ek bin na er Säukig hollig eworren un hier, hei wieſe up ſine Herzkule, is et leddig.
281	absatz		p056:37	p057:3	Dat ſleit gut in, twöre dat Graumänneken an, nu kannſt Du ja von diner hungrigen Apartigkeit ganz na dinen nien Rechte tehren. Vergitt doch dine Upnahme hier un mine Gaſtfrindſchop, un dat ek dien Vaer ut den ſilftigen Stanne ſien könne, deme du anhörſt; nimm doch wat ek hebbe, ek bin ja olt un all un du haſt Hunger. Gah doch na diner Apartigkeit, wie du bi diner Gere dahn haſt, der du den Gurt haſt nehmen wollt.
282	absatz		p057:5	p057:8	Dat fehle mek noch, meine Otte, ek ſolle alle gue Sitte un dine frindliche Upnahme vergettern ſien? — Ek hebbe de blaue Blaume, dat Vergißmeinnich ebroken; wie ſind Kumpane in der Seukig, Jü in en Beukern, un ek in er Wildniſſe.
283	absatz		p057:10	p057:14	Allſau is et nich de Apartigkeit allene, in der dat Recht beſteiht. Soll et wol nich noch en bettchen wieer liggen, ſoll et nich in der Frindſchaft oder Sippſchaft oder te leſt in der Liekigkeit beſtahn? — Dat mag immer hen ſien; aber ek hebbe doch einmal mine Apartigkeit un Eigenheit.
284	absatz		p057:16	p057:26	Dei ſaſt du ok beholen, ſau wiet ſe in Rechte is, un nich en Rechte von dienes Glieken te weddern geit; denn dat Recht ſteit bi en Enteln, un de Enteln fodert von den velen Enteln von der Meinheit grade ſau vel, as de Meinheit von en Enteln fodert; hat aberſt de Meinheit dorch Obereinkomen en Geſetze maket, ſau is dat kein Recht; dat is Opportunität up korte Tiedt. Dat mag wol ſau weſen, ſeggte Otte, denn de Vöſſe nehmet keinen up, de nich en Swanz drägt, de Miäntchen ok nich, dei nich rucket, hei mößte denn Sklavendeinſt dauen un de Immen nehmet keine Sweſter an, ſe mößte ſek denn anebeddelt hebben, man allene de Spinne, dei nimmet Alles tau ſek; aberſt ſe ſugt ſe ok ut.
285	absatz		p057:28	p057:32	As nu darup Otte noch de junken Dannen leuwet harre, de ſek en ander de Hänne recken un ſek hulpen un mit ſammt den Lichte tauſtreben, da ſtund all de Schinke un Brot un en Kraus Beier vor ehne, un ſe vertehren nu beie in Indracht ehre Abendbrod, un denne legten ſe ſek te Bedde.
286	absatz		p057:34	p057:38	En andern Morgen ſtund dat Graumänneken all freuh vor Otte ſinen Lager un mahne ehne upteſtahn. Det morgens, ſäe hei, is de Wold vuller Leben, un wer wat ut terichten meint, un mit klaren Verſtanne ut er Werrniſſe komen will, dei mott freuh upſtahn un ſinen Ummegang holen.
287	absatz		p057:40	p058:3	Otte ſprung up, un beie wandern te hope dorch de Woldſtille up half tau ewuſſenen Stieen. Et hebe ſek de Nebel, de Lowtelgen werren fuchte von Dau, de ſek da uppe dal elaten harre, un as nu de leiwe Sunne upgung, da zwitſchern de lüttchen Voggels ehre luſtige Morgengebet.
288	absatz		p058:5	p058:7	Otte ſprok: Wat is dat doch vor ene utermaten rare un friſche Welt! Alles wat ek ſeihe un höre, wiſet mek wedder hen up de Apartigkeit.
289	absatz		p058:9	p058:12	Ja, meine dat Graumänneken, uſe Herr Gott dichtet buntche, un de Apartigkeit hat ehre Recht aparte te ſien; aber ſe is un blifft immer an de Meinheit ebunnen, un drumme liet dat Recht in der Meinheit, de de Apartigkeit achtet.
290	absatz		p058:14	p058:17	Wenn dat Recht in der Meinheit liet, twöre Otte an, wie kann denne de Apartigkeit beſtahn? — Wenn ek dauen mott, wat de Mehrſten willt, ſau bin ek nich mehr frie, un de Frieheit is doch mien apartes Recht.
291	absatz		p058:19	p058:29	Dat is ſchon ſau, ſeggte dat Graumänneken, aberſt wenn du de Apartigkeit von allen Andern grade ſau wahrſt, as diene eigene Apartigkeit, ſau lebeſt du ja in Sinne der Meinheit un befolgſt doch dine Eigenheit. Alles kummet da uppe rut, wat de Herre ſegt: Wat du nich wutt, dat dek de Lüe dauet, dat daue du en Lüen ok nich; oder wenn du noch einen Faut wieer gahn woſt; denn dat is man de Anfängig von ſiner Lehre un en Verbot, ſau het dat Gebot: Hebbe dinen Naber leiw as dek ſilben; un woſt du noch högger rupſtien, ſie woldädig tien dei, de dek mit Undanke lohnet un mit Fiendſchaft verfolget. — Dat is din Recht un de Werklichkeit, de de leiwe Gott utedacht hat, un wer ſau deiht, de deiht na Gottes Willen recht.
292	absatz		p058:31	p058:33	Dat is vorbat recht ſchöne; aber wie kann ek noch wat dauen, wenn ek jedwedes Apartigkeit in Obacht nehmen ſall, meine Otte, denn blifft Niſt ober.
293	absatz		p058:35	p058:37	O et blifft noch en ganzen Hümpel vull uttefüllen, denn Alle, de mit Leed un Meuſal behaftet ſind, werd tau dek komen un dek um Hülpe angahn.
294	absatz		p058:39	p059:4	Sau wandern beie bi en ander hen un keimen an en holligen Weg, de ſek dorch en junken Hai trecke. Da ſtund en Sprung Rehe, de danzen in ehrer Zierlichkeit vor ſe vor ober, un dat Graumänneken flüſtere Otte tau: Sieh; dat is de leiwe Unſchuld, un drumme hett ſe ok keinen Swanz; denn wer unſchüllig is, de bruket keinen Swanz, ſek de Scham tautedecken, un da up ſind de Minſchen ok up inerichtet, aber ſe hätt dat von en Vöſſen vernohmen, dat ſe ſek en Swanz maket, erſt weil ſe ſek ſchämet, un denne, weil ſe verbiſtert werd.
295	absatz		p059:6	p059:7	Dat mag ſcheier ſau ſien, ſäe Otte; aber wer mank en Beiſten is, wie ſall dei unſchüllig blieben? —
296	absatz		p059:9	p059:10	Ja, mahne dat Graumänneken, erkenne bi en Beiſten ehren Swanz, aber wahre vor dek dine Unſchuld.
297	absatz		p059:12	p059:21	De Rehe hucken in de Dickunge, un de beien Wanderslüe ſteen up en hogen Barg. Dit was en Kiekdekum, un unnen dorch dat Dal, da trecke en grot breit Water, un up den Water wärren vele grote Schepe. An en Euber leip ene Iſenbahn hen, un de Dampwaens ſnurrn up un af, un de Bote keimen an't Land, un ſetten vele Reiſende ut. Ok ut en Dampwaen keimen wecke, de leipen an't Euber un weſſeln Fäter, Kiſten un Ballen ut, un et ſach Alles in Morgenſünnenſchien ut, as ſpelen de Minſchen man ſau wie Kinder in ehrer Unſchuld vuller Indracht un Free. Alle Arbeit greip paſſig in't ander, un dat Dal was en lüttchet Paradies.
298	absatz		p059:23	p059:24	Otte juchheiße lue up. — Da mott ek hen, da is Free, Frindſchaft un Wolleben, da is Meinheit un Apartigkeit te hope!
299	absatz		p059:26	p059:36	I wo! ſäe dat Graumänneken, glow doch dat nich. Dat geiht da accerat ſau her wie bi en Deierten in er Wildniſſe. De lopet wie de Miäntchen en Aaſe na, de annectirt wie de Spinne un ſuet ehren Leiweſten dat Blaut ut. Kiek mal, wie ſe ſek as de Vöſſe en Swanz maket dorch Kleineköddern un Anprieſig von ſek ſilben un ehrer Waare. De ſind ſau gut verbiſtert as alle Beiſter! manſt ſe hätt en Principe, dat het Verdeinſt. Se arbeiet nich, dat dar na de Verdeinſt von ſilben kummet, gut un ehrlich, nee weil ſe verdeinen willt, drumme mött ſe arbeien mit Löggen un Bedreien. Verdeinſt werd bi ſei mit fetter Schrift eſchreben un högger eachtet as uſe Herr Gott. Verdeinſt is ehr Parole un ehre Götze; et ſind Koplüe.
300	absatz		p059:38	p060:4	Na, denn mag ek da nich hen, ſäe Otte, denn möcht ek man ganz bi Jüg blieben hier in er Wildniſſe; aber ek hebbe mek ja tauer Verwaltunge anemeldt, un da wärre et doch gut, wenn jü mek en Weg ut en Holte wieſen wollet. Ek meine, wenn ek erſt mal gut ut diſſer Werrniſſe rut wärre un up en Blek keime, wo ek allene de Töggel in de Hand nehmen könne, denn ſolle dat ſcheir anders lopen. Wo Eins ſine Apartigkeit un de dicke Meinheit harre an er Dieße holt, da mott ſek dat wol gut feuern laten.
301	absatz		p060:6	p060:8	Verſeuk et, ſprok dat Graumänneken, lew wol! Nu nimm en Weg grade ut, wieke nich von der Halbe, nich hü un nich hotte, achte de Meinheit un wahre de Apartigkeit. —
302	kapitel		p060:10	p060:10	De Principienſtriet.
303	absatz		p060:12	p060:13	Otte drücke ſinen olen Gaſtfrinne de Hand un gung af mit en ſchönen Dank vor de Upnahme un en herzlichen Lebewol up betere Tiedten.
304	absatz		p060:15	p060:35	Hei kamm in de nächſte lüttche Stadt, da was ene Poſtſtatſchon, un weil des dat Otte ſek meue lopen harre, un et all Abend weren wolle un de Poſt balle affeuere, ſau leit hei ſek inſchrieben un gung in de Paſſagierſtube. Hier ſette hei ſek dal un ſtrakle ſine meuen Potentaten un grübele en Betchen na ober dat Graumänneken un de willen Wolddeierte, de Miäntchen, de Spinne, de Immen un leſtut ok ober de junken Dannen. Alles gung noch mal an ehne vorober, un as hei noch ſau vor ſek hen brue, half wakig un half in Dremel, da dee ſek de Dör up, un et tratt en Fruenzen in de Stube, ganz as wärre et ſine Halfſweſter Gere, man blot nich ſau ſnar un hehre. Se was en Bettchen kumpletter un harre mehr Takelage umme ſek, en Schanzlöper mit Patten un Boſtklappen, half wie en Zaldate un half wie ene Seildänzerſche, un en tyroler Haut undernehmend ſcheif upeſett mit ener utgefaſerten Feddere dran, ach! un Halfſtebbeln mit ſau ſpitzen Hacken, as wolle ſe vor ſek en bettchen Brummkieſel un mit der ganzen Welt Dreirad ſpelen. Se tratt forſche up un ſchille lue mit 'er Poſtmeſterſche, un bewähre ſek as en Fruenzen, deme an Morgen ene Spinne ober dat Bedde lopen is. Se hantire mit ehren Scherme, as wolle ſe der Poſtmeſterſchen dat lüttche Licht utſlaen, wat dei ehr nadraug, un umburre ſe, as ene Glucke, dei ſau eben von Neſte kummet un mit aller Welt Striet anfaket.
305	absatz		p060:37	p060:40	Wo iſt der Herr, ſprok ſe, der ſich als Paſſagier unter Nr. 2 einſchreiben ließ? — Ich liebe es nicht, im Dunklen mit einem fremden Herrn allein im Poſtwagen bis zur nächſten Bahnſtation langweilige Stunden abzuſitzen.
306	absatz		p061:1	p061:3	Wat geit dat mek an! reip de Poſtmeſterſche, dat maket mit den fremmen Herrn af, de ſek inſchrieben leit. Hier is e, un damidde ſette ſe den Talgſtinkel up en Diſch un gung af.
307	absatz		p061:5	p061:7	Otte ſtund flugs up un ſäe: Ich habe die Ehre mich Ihnen als Referendar Veihwann vorzuſtellen und fühle mich glücklich, Sie als Mitreiſende begrüßen zu dürfen.
308	absatz		p061:9	p061:13	As nu dat Frölen den ſtrammen junken Minſchen ſach, de ſek Referendar nenne, un drumme wol ſtudirt hebben moßte, wat ſek ſchon dorch ſine frindliche Vorſtellunge ut tewieſen ſchiene, da verweihe dat Gewölke ober ehren Bruen, un ſe word bet ober beie Ohren roth, ſau wiet en ditt in er Demmerge bi den lüttchen Talglichte ſeihn konne.
309	absatz		p061:15	p061:20	Entſchuldigen Sie, mein Herr, ſprok ſe, daß Sie mich etwas aufgebracht in das Zimmer treten ſahn. Es iſt das eine verzeihliche Schwäche, die durch die Sitte geboten iſt, welche einer jungen Dame gebietet nicht allein mit einem fremden Herrn im Dunkeln zu fahren. Ich erſuche Sie daher, von ihrem Rechte, wenn ſich nicht noch Reiſende einſtellen ſollten, Abſtand zu nehmen. Mein Name iſt Hilda von Heme.
310	absatz		p061:22	p061:24	Von Heme? ſäe Otte bidropen. Die von Hemes finde ich öfters im Stammbaume meiner Väter mit den Veihwanns verſchwägert, und ich ſchätze mich glücklich, Sie meine liebenswürdige Couſine nennen zu dürfen.
311	absatz		p061:26	p061:34	Das mag ſein, ich habe bei der großen Familienverbindung unſeres Hauſes Nichts dagegen; aber dem Streite, der in dieſem Falle zwiſchen Sitte und Recht ſtattfindet, wird dadurch, daß Sie mein Vetter ſein wollen, kein Ende gemacht. Selbſt mit meinem liebenswürdigſten und mir am nächſten ſtehenden Couſin würde ich nicht im Dunkel der Nacht allein eingefercht im Poſtwagen fahren; ich muß Sie daher meiner und Ihrer Ehre wegen bitten, ſelbſt wenn ich nicht an die Sitte appelliren wollte, ſich kurz zu entſchließen und auf dem Bocke Platz zu nehmen. Was ich will, das pflege ich auch durchzuſetzen mein Herr.
312	absatz		p061:36	p062:2	Schön, gnädiges Fräulein, wenn ich nun aber doch, ohne auf die alte gute Sitte zu achten und ohne ihren perſönlichen Wunſch zu berückſichtigen von meinem Rechte Gebrauch machte? — Der Platz Nr. 2 gehört mir. Sie wollen reiſen, und ich muß nothwendig mich morgen zum Termin ſtellen. Ich kann es nicht glauben, daß Sie bis zum nächſten Poſtabgange in dieſem Locale bleiben würden, um vielleicht morgen in derſelben unangenehmen Lage zu ſein.
313	absatz		p062:4	p062:4	Gleich viel, ich will von meinem Entſchluſſe nicht zurücktreten.
314	absatz		p062:6	p062:13	Otte keik dorch et Fenſter un ſach na en Hewen, wat wol vor Weder in Utſicht ſtund, un weilen hei noch de Wöre von en Graumänneken friſch in Koppe harre, dat Jedweder de Apartigkeit von en Andern te achten härre, un dat en en Lüen niſt anmauen ſolle, wat en ſilben nich geren möchte, te malen de Andere hier ene Sie was, de ehne wegen der Aehnlichkeit mit ſiner Halfſweſter nahe ſtund, ſau meine hei, et mößte ſek doch en Middelweg utfinnig maken laten, de neinen Parte in ſinen Rechte un Wunſche te vel dee.
315	absatz		p062:15	p062:21	Hei tratt denn ok, weil de Himmel nich grade tau abſcheulich duſter utſach, den Frölen einen Schritt nächer un ſeggte: Gnädiges Fräulein, Sie haben geſiegt. Ihr Wunſch iſt mir Befehl, ich werde neben dem Poſtillon Platz nehmen; aber ſollte es regnen, ſo werden Sie mir erlauben von meinem wohlerworbenen Rechte Gebrauch zu machen. Bitten Sie alſo den Himmel, daß er uns eine ſtille, ruhige Nacht ſchenkt.
316	absatz		p062:23	p062:29	Indeme bleis de Poſtillon tau en Inſtien. Dat Frölen trecke nu af, up en Stertoberwurpe mit ener rohen Rauſe, wie en leddig Dampwae, de vor ener Barriere vorbi flicht, as wolle ſe ſeggen, da wärre ek gut dorch, un klempere in en Poſtwaen. Veihwann hucke bi en Poſtillon up en Bock un ſeggte: Swager, et kummet mek ſau vor, as wolle up diſſen Abend ene gue quaie Nacht folgen, un da will ek man leiwer in Frien fahren, wenn et nich noch rehnen ſolle.
317	absatz		p062:31	p063:7	De Feurig gung an. Dat Frölen ſatt allene, un wie wol ſe ſek da ober freue, dat ſe leſt ut ehren Willen dorcheſett harre, ſau word et ehr doch langwielig allene in er Poſtkutſche te ſitten. Se dachte hen un her, dat ſe doch wol te wiet egahn wärre, denne de Nacht was vor der Dör, un Veihwann härre ſek ja konnt verküllen un dat wolle ſe doch nich geren, un bi der Gutheit, mit der hei ehr entien ekomen was, da konne ſe dat bi all ehren feſten Willen un bi all ehrer Prutzigkeit doch nich ganz oberwinnen un dieken. Se grübele da noch ober na, da keimen entele Druppen tien de Fenſterſchiebe, un dat was ehr wedder nich recht, denn wenn dat ſchärper kamm, denn was dat ja nich te ännern, dat Veihwann denn wedder in de Poſtkutſche ſteg. Se was mit ſek uneins, ob ſe nich de Hand tau en Freen beien ſolle. Da kam dorch de düſtere Nacht en hellen Blitzſtrahl dorcheflohn, grade, as de Pere vor einen witten Mielenſteine vorbikeimen. Dat eine Perd entſette ſek un ſlaug na en Steine. Dabi hänge ſek de Strang ut un de Swager Poſtillon moßte von Bocke, den Strang wedder ober en Swengel te ſchieben un feſte intenauſen.
318	absatz		p063:9	p063:13	Diſſe Tiedt nam nu Otte Veihwann wahr. Hei hucke dralle af un make den Kutſchenſlag up un ſeggte: Mein gnädiges Fräulein, Sie werden entſchuldigen, der Himmel treibt mich wider meinen Willen unter ihr ſchützendes Dach. Hei dreie ſek na er Ecke tau un ſette ſek up ſinen Platz No. 2.
319	absatz		p063:15	p063:25	Ich hatte ſchon die Abſicht, Sie herein zu rufen, twöre dat Frölen an. Ich wollte Sie dem Wetter und Sturme nicht ausgeſetzt ſehn, und nun kommen Sie ſchon ſelbſt und machen von ihrem Rechte Gebrauch. — Ich kann das nicht hindern und will dem auch nicht entgegen ſein, aber es empört mich, daß die Männer den Frauen gegenüber ſo wenig auf Sitte achten und ſich ſtets ein gewiſſes Vorrecht anmaßen. Wir Frauen haben ebenſo gut ein Recht auf Freiheit Anſpruch zu machen, wie die Männer und vielleicht iſt unſere Freiheit, weil ſie durch traditionelle Sitte begründet iſt, eine reinere, als die auf ungebundene Eigenliebe baſirte Freiheit der Männer, welche ſich in ihrem Hochmuth Ehre nennt.
320	absatz		p063:27	p063:31	Sie haben recht, gnädiges Fräulein, meine Otte, aber die Stellung beider iſt von Natur gegeben, nur die Umſtände machen es nicht immer möglich, ganz der Freiheit des Einen und des Andern zu genügen. Ich ehre die Sitte und lege deshalb, wie im alten Märchen, meinen Stab in Ermangelung eines Schwertes, zwiſchen uns beide nieder.
321	absatz		p063:33	p063:34	Damidde ſette hei ſinen Gahſtock mank ſek un en Frölen tien en Rüggeſitz.
322	absatz		p063:36	p064:9	Laſſen Sie das gut ſein, ſäe dat Frölen, Spott iſt nicht das Fahrwaſſer, auf dem ich gern rudere, zumal, wenn das Schwert ſo hölzern ſchwerfällig ſcheint, wie in ihrem Bakel. Außerdem ſind die Formen, welche unſere Vorfahren inne zu halten pflegten, längſt zerbröckelt, und ich liebe die Form nicht, die keinen Inhalt mehr hat. — Das Schwert, welches die Blutrache aufrief, wenn die Ehre angetaſtet wurde, iſt längſt ſtumpf geworden, und hat einen ziemlich unſichern Schutz des Staates im Gefolge gehabt. Gottlob! hat das ſchwächere Weib die äußere Sitte nicht mehr nöthig, es ſteht innerlich frei wie der Mann da durch ein feineres und empfindſameres Gefühl, deſſen Bildung es ſich in hervorſtechender Weiſe ſelbſt zu danken hat, ſollten auch noch einige alt hergebrachte Irrthümer ihm die zweite Stelle anweiſen; aber das wird ſich auch noch ändern, und was mich anbetrifft, ich fühle mich ganz frei, und handle als ein freies Weib, wie ich will.
323	absatz		p064:11	p064:14	Otte was ober diſſe aparte un ſtolte Utrede ganz verblüfft, un wenn et nich ſau ganz abſcheulich düſter in er Poſtkutſche worren wärre, ſau härren konnt ſine Oen wiet uprieten, un ſine Nüſtern wie en Paar Falllöcker rund upſtahn ſeihn.
324	absatz		p064:16	p064:22	Hei was wie up et Mul eſlaen un ducke ſek in ſine Ecke. — Sau harre hei noch kein Fruenzen köddern ehört; de Niedheit un de Beſtimmtheit harren ehne obernohmen. Indeme kamm wedder en Blitz dorch dat Düſter der Nacht. De Poſtwae gung ober en Steinhupen; dat Frölen poltere up Otte tau, un de Kruck von Ottes Gahſtocke drücke up et Slott von den Frölen ſinen Liwgurte, et löſe ſek de Inhakig un de Taſche follt up en Bodden.
325	absatz		p064:24	p065:2	Veihwann was artig. Hei ſprung in Nu ut ſiner Ecke, de Taſche wedder upteberen, un dat Frölen, dat ſek verfört harre, fate upſtunds ok na er Taſche, de ſe beie under en Blitzen harren fallen ſeihn. Allene up ene blennen Helligkeit folget alle mal, wie en dat under ſaunen Umſtännen wol weit, en ſau dicket Duſter, dat en da vor de Oen tauſleit. Dat ſchach denn hier ok. Otte un dat Frölen maken de Oen tau un legten ſek up et Feulen. Se faten beie lieke tau na er Taſche, un wat ſe te packen kren, dat wärren en Paar Hänne; un wie ſek dei in en ander elegt harren, un de Poſtwae noch immer in en Poltern was, da heilen ſe ſek feſte anen't ander, wie dat nich anders möglich was, un bi der Balanzie ſtrieke taufällig dat Frölen Veihwann ober de Backen mit ehrer lüttchen, weiken Hand. Dit dorchrieſele Veihwann as wärre von den Blitze, de eben daleſchoten was, en lüttchen Strählen in ſinen Puckele henlopen bleben. Mit er linken Hand heilt hei Hilde ehre Rechte, un mit er Rechten harre hei Hilden umefatet, up dat ſe nich fallen ſolle, un ſei harre ehren linken Arm umme ſinen Nacken eſlaen, Alles blot wegen der Verförig, un dat ſe ſek an't ander holen wollen.
326	absatz		p065:4	p065:6	De beien Köppe wärren ſek helleſchen nächer ekomen, un dat make ſek nu ganz von ſilben, dat taufällig ok ehre Lippen te hope paſſen, obſchonſt ſe beie gar nich vorher da ober na edacht harren.
327	absatz		p065:8	p065:21	Was dat nu Taufall na Häkel, oder vornünftig edachte Werklichkeit na Hegel? — Ek weit nich, ob Otte in diſſen Mojemente da ober no grübele; aber et will mek ſau ſwanen, dat hei in diſſer Sitewatſchon de Werklichkeit mit der Vernünftigkeit vullkomen innenohmen harre; denn dat hölten Swert, dat de gue ole Sitte uprecht holen ſolle, was umefallen, de Liwgurt harre ſek ut en Slotte löſet, un Veihwann un Hilde wärren ſek in ehren Anſichten en gut Deil nächer etreen. Sei was nich mehr ſau hartwillig ſtolte un ethepathete, un hei was nich mehr ſau milären blöe. Se geiben ſek na en erſten Kuſſe, da ward wol kein Twiewel anne ſien, en tweiten un dridden, un weil dat in Düſtern Nemmes te ſeihn kreig, un weil ſe keine Bange harren, dat dat pläcken dee, noch en ganzen Hümpel vull Küſſe, un wärren wie en jung Brutpaar luſtig un guer Dinge bi allen Blitzen un Döndern in deiper, duſterer Nacht.
328	absatz		p065:23	p065:27	Dat Speel härre wol noch konnt ene Wiele duern, denn Veihwann un Hilde word de Tiedt nich lang, un ſe harren ſek mit wennigen Wören vel te ſeggen. Da, up ein Mal blaſe de Poſtillon, de Pere ſtunnen ſtille, un dat glücklichſte Minſchenpaar, dat nu up er ganzen Welt was, dat wärren Otte un Hilde.
329	absatz		p065:29	p065:34	Se klempern beie ut en Poſtwaen, un Otte draug Hilde de utgehängete Taſche na, de bet's hen immer noch an en Bodden liggen bleben was. Hei gaff ehr en Scherm un brochte ſe na er Bahne an dat Coupee. Hier geiben ſe ſek tau en Abſchiede de Hand un en Kuß, wie dat mank Vedder un Wäſche wol te ſcheihn pläet, vornut, wenn ſeek en ander leiw hätt un taufällig en Paar eworren ſind.
330	absatz		p065:36	p066:3	Sei ſtüere na er Reſidenze, un hei trolle ſek, dat hei mit en vorbilopenen Dampwaen na er Provinſchalſtadt kamm. As hei nu hier ſpäde anlange, un in dridden Stocke in ener lüttchen Stube Quartier enohmen harre, da gung noch mal de Reiſe an ehne vorober, un hei kamm tau er feſten Wiſſheit, dat dat Graumänneken ehne de beſte Lehre von er Welt: „Jeden na ſiner Apartigkeit te nehmen un Nemmes te weddern te ſien“, egeben, un dat uſe leiwe Herr Gott ehne tau en ganz unverhofften Glücke, tau ener ſchönen, junken Brut verhulpen harre.
331	absatz		p066:5	p066:6	En geſund Minſche, de en paſſig Lager efunnen hat, dei ſleppet balle in, wenn hei ok en Dag ober Vel erlebet hat.
332	absatz		p066:8	p066:15	Et komet ene Menge Bilder, de ſek an et vorweg egahne Daewark anleggen dauet. Dromblaumen, rohe, gäle, blaue wandelt ſek ümme in true, blaue Oen, un de Steren in en Oe ward immer grötter, wie en groten ſwarten un deipen Japp, in dene hei denn vorſinket, un futſch is hei weg in dat Land, wo keine Iſenbahn is un kein Dampwae feuert, manſt dat Bruſen vor en Ohren duert noch e ne Wiele, un denne kummet da Tact in, un de Klänge ſpelt buntchen mit en Blaumen, bet Alles na gerae in dat Wiee verſwinnt.
333	absatz		p066:17	p066:22	Sau kamm dat hier ok. Otte Veihwann köere erſt mit ſek ſilben, un denne mit en Graumänneken un ſiner Hilde, un denne keik hei ehr deipe in dat grote, blaue Oe mit en ſwarten Steren, un under Blaumen un Suſen, da ſtund en Vergißmeinich, un up en Blaumen un up en Vergißmeinich, da wärren Immen, un de Immen ſummen um ehne rum, un hei brumme mit ſammt ſei ſtille vor ſek hen:
334	vers		p066:24	p066:31	„Von allen Immen, de da fleiht, / Min Wieſer hüt' up Swarmen geiht. / Ek küſſe ohn' te fraen; / Un küſſe ohn' te fraen. / Min Wieſer herzet mek un ſleit / All' Drohnen aff, de um en fleiht. / In Herzen will ek ne draen, / In Herzen will ek ne draen.“
335	absatz		p066:33	p066:36	De Immen harren uteſummet, de Vergißmeinichſteren word immer deiper un grötter, as ene ſtille un lanke Nacht, un Otte ſleip in, wie en glücklich Breddigam, un ſleip feſte, un wake erſt wedder up, as de Sunne hoch an Hewen ſtund.
336	absatz		p066:38	p067:3	Hei keik na ſiner Uhr; et was Theine, un umme Elwe ſolle hei ſek bi en Präſidenten mellen. Dralle harre hei ſek ewuſchen un eben anetrecket ſinen Koffee drunken. Hei ſette ſinen hogen Haut up, un ſtriepe ſek de witten Hanſchen ober, un keik noch ein mal in en Speil, um en tefreen Angeſichte ober ener witten Halsbinne te munſtern, da kloppet an de Dör, as hei grade afmaſchiren wolle, un de Poſtboe brachte en Breif ut der Reſidenze.
337	absatz		p067:5	p067:6	Wat, ſäe Veihwann, ut Barlin? — Wer kann mek da anders ſchrieben, as mine leiwe Brut Hilde? —
338	absatz		p067:8	p067:8	Hei brok den Breif haſtig up un las:
339	brief		p067:10	p067:10	Mein verehrter Herr Vetter!
340	brief		p067:12	p067:27	Gleich, nachdem ich in den Dampfwagen geſtiegen war, erſchien der Herr Regierungsrath von Bringneu. Er kam aus der Schweiz und erzählte mir, wie dort die Frauen in politiſcher Hinſicht den Männern bald gleichgeſtellt ſein würden. Auf die kürzeſte Weiſe entwickelte er aus dem Naturrechte, daß ein ſolcher Fortſchritt im politiſchen Leben gerechtfertigt und nothwendig ſei. Wir tauſchten unſere Anſichten gegen einander aus, und fanden, daß wir geiſtesverwandt, für einander geſchaffen ſeien. Wir verlobten uns und werden uns in kürzeſter Zeit civilehelich trauen laſſen. Sie werden dieſen meinen Schritt natürlich finden. Das inhaltreichſte Recht der Frauen liegt in ihrer Wahl und da werden Sie es für verſtändig halten, daß ich den Regierungsrath dem Referendar vorziehe. Unſere Vorfahren pflegten, was ſie der Vergeſſenheit überliefern wollten, mit Reiſig zuzudecken und ſo empfangen Sie denn hiermit, ohne mir bös werden zu wollen, dies kleine Körbchen.
341	brief		p067:29	p067:30	Ihre freidenkende Couſine H. v. Heme.
342	absatz		p067:32	p067:40	Dunderweder! dat was vor Otte Veihwann doch en Bettchen harre, ſau ut en helleſten Leiweshewen purdumps in en nüchtern Elenne un Alldagsleben dalepoltert te ſien, un nu mit ener groten, handfeſten Kiepe tauedecket te weren. Hei konne ſek erſt nich faten, un verpaſſe drumme Tiedt un Stunne, aber de Globe, dat Jeder na ſiner Apartigkeit dauen mößte, un en Blick up de Uhr mahne ehne, dat hei ſek ilen mößte, ſek in Regierungsgebüe bi en Oberregierungsrath, den Präſidenten, under den hei ſine Studien in er Verwaltunge maken ſolle, te mellen un vorteſtellen.
343	absatz		p068:1	p068:5	Hei terknitterte un teratt den Breif un mate ſek hurtig up en Drapp; aberſt bi allen Lopen kamm hei doch ene halbe Stunne te ſpäde. As hei hier anemeld vorkam, un ſinen Namen nenne, da follt dat wie en Platzrehn na Blitz un Dönder ober ehne her, as ginge et up Laddekenbläer.
344	absatz		p068:7	p068:10	Mein Herr, harrſche ehne de Regierungsrath an, wir ſind hier an Pünktlichkeit gewöhnt. Die Zeit iſt das Kapital, mit welchem der Beamte für den Staat arbeitet. Da Sie ſich von vorn herein nich an die Stunde binden, ſo ſind Sie hiermit entlaſſen.
345	absatz		p068:12	p068:12	De Regierungsrath dreie de Hand umme un wieſe na er Dör.
346	absatz		p068:14	p068:19	No, dachte Otte, dat is e ne ſchöne Geſchichte, kein Unglück kummet allene, et is immer noch wat er bi; aber Jedweder hat ſin Apartigkeit. — Hei make en verſtännigen Diener, as ſtimme hei ganz mit en Herrn Geheimerath oberein, un ſchof ſek wedder ut er Dör, in dei hei eben inetreen was; man ſau vel was ehne klar, mit ſiner Karriere was et ute.
347	absatz		p068:21	p068:27	Et was as ginge de Welt mit ene umme, as hei nu wedder up en groten Trittſteine vor der Regierunge ſtund. Sau wat was ene noch nich vorekomen. Gift un Galle obermanne ehne bet tau en dulleſten Swimel. Hei konne ſek nich beſinnen un faten, un all ſin Verlangen was en inzigen Japp up friſche, frie Luft, un ſau renne hei denn up den groten runnen Platz vor en Regierungsgebüe, dei dit mal allheil vull Wullewaens ſtund.
348	absatz		p068:29	p069:6	Dat gung ganz natürlich tau. Dei Stadt, in dei de Regierunge henelegt was, de lag in enen Lanne, wo Alles up Schaapuptreckig ankamm. De Schererie was da in der Daesordnunge, ſau wol vor Minſchen, as vor Veih, un Schape maken da en grötteſten Hupen ut. Dit härre nu Otte Veihwann wol könnt wetten, wenn hei den groten Daniel eleſen harre, aberſt Otte dachte upſtunds wol mehr an Daniel in er Löwengrube. Hei was ganz verblüfft un verbiſtert un ſtund mit einem male in ſinen witten Hanſchen, den hogen Auditerhaut up en Koppe wie en verlaten Kandidate, mank en Wullewaens, un wenn hei utwieken wolle, denn wärren all wedder andere Spanne da, de ene en Weg afſparren. Midden in er Wulle was hei in e ner ganz verfuchsten Sitewatſchon, denn da was kein Vonkomen. Hei leip balle hier hen nu balle dahen; aber immer was dat Lock taueſtoppet, wor hei dorchſlieken wolle, un de Fauerlüe maken all de Pietſchen los un reipen ek enander tau: Kicket! ſau en lanken Slapps mit ſiner witten Halsbinne un ſiner hogen Schoſteinröhre. Wat hat dei mank uſen Wullewaens rum te ſtöbern, as wolle hei Verſteken ſpelen? — Hier hat keiner wat te ſeuken, un Kiekebuſch ward hier ok nich eubet!
349	absatz		p069:8	p069:14	De Fauerlüe ſtellen ſek um Otte herum un harren ehne in der Midde. Under Schimpen un Schillen fängen ſe all an na ſinen Rockſchöten de ſnappen, as wollen ſe de Roggenahren ut en Weiten wegpietſchen, un ſetten ſek in richtige Poſentur. Dat was nu vor Otte Veihwann en ganz ſlechten Spaß, denn dei Kerels wärren ofte uneſchicket un dropen bitau, alle mal dahen, wo hei ut ſinen Kinderjahren noch wol wußte, dat hei an diſſen Bleke an kiſſeligſten was.
350	absatz		p069:16	p069:19	Latet dat blieben, ſeggte hei, up den Placke, wo Jeder en Recht hat ſek utterauhen, da mott en Nemmes ſtören, dat gifft unruhig Gebläute un maket en Minſchen nich nieren up en Danz, ek bin kein Danzmeſter un verſtahe mek vorbat nich na er Pietſche te dreien.
351	absatz		p069:21	p070:18	Dat kummet blot up en richtig Figgelinenſpeel an, meine ein von den Pietſchenmuſikanten mit blauer Näſe un blauen Kittel, un ſtrek ene Einen lang ober, as ſochte hei na er paſſigen Stimmig. Dunderſlag: dat was te vel Kolephonig, dat gung Otte Veihwann bet up de Pelle. Sin feſte Globe an't Naturrecht, dat Jedweder na ſiner Apartigkeit dauen könne, wo'r hei Luſt tau härre, word nu wedder upewecket un reip ene in ſiner Drihärigkeit wedder an de Arbeit. Hei fate fluchs na en Spannknüppel, de mit ener Plauglinig umeſchertet dat Planlaken von en groten Wullewaen ſpanne. Sien ganze Verblüfftſin was mit einen Male vorbie, un ut en unwilligen Dänzer word nu ok en Muſikante. Nu konn' en erſt ſeihn, wat dat deiht, wenn Eins ter paſſigen Tiedt von ſinen Naturrechte Bruk maket. Dat drop vorweg de blaue Näſe von den blaukittelgen Pietſchenſpeelmann, un denn gaff dat ene rohe Zuppe tau'n Oberlopen, un up den ſtieben nien Kittels, da hören ganz indringlich den Tact deſchen, dene dat Spannholt ſpele, as ginge en Benebötel ober natte Lennewand. Tau'r Quadrille wärren de Fauerlüe anetreen, un mit Walzer un Hoppſer, un up et Leſt mit en Kehrut, enne de Danz. Doch wie dat nu ſau in er Welt taugeit, neine Actſchon ſchiet, dat da Niſt na keime. Wo luſtig eſpeellt un e danzet ward, da geit dat lue her, un alle Mal, wenn de Brae getten is, denn kummet de Polizei, un e ne ſladdrige Inſtippig der hindere dorch. Otte Veihwann was grade der bi, de leſten Bogenſtriche mit ſinen uterettenen Spannholte te maken, da kamm von der einen Halbe de Schandarre un von er andern en olt Oeconom mit en ſpaniſchen Rohre. De Schandarre fate den Fauermann, dene dat rohe Blaut ut er Näſe ober en blauen Kitel ſtrulle, weil des, dat ſek dei an wennigſten wehren konne, un de ole Ammann gung forſche up Otte los, weil des, dat hei ſinen Anſeihn na ſine Lüe under herrſchaftlichen Schutz nehmen te mötten globe. Aberſt wie entſette un verföre ſek de ole Pachter, as hei Otte nächer in et Geſichte kreig! Dat was ja kein Strolch oder Stromer, dat was ja ſin Prinzipal von er olen Worth. De lanken Rockſchöte, de ſek bi den haſtigen Utfallen tau en tappern Angriepen ſau flink ut en ander edahn harren, ſladdern ſlapp an en hogen, ſtieben Stebbelnſchäften dal, un dat ſpaniſche Rohr mit en beinernen Knoppe, dat eben noch ſau hurtig in de Höchte flohn was, ſenke ſek nu ſachtchen deiper, as en Fittchen von ener lahmen Pilegaus.
352	absatz		p070:20	p070:23	Gottsblitz! reip de ole Pachter. Herre, wie komet jü manſt mank mine Wullewaens, un wat hätt jü mit minen Knechten un Enkens vor? — Jü ſollen en olen Mann binae in Ungelegenheit bringen, ſinen leiwen Herrn Schanne antedauen. —
353	absatz		p070:25	p070:27	Dat kümmet Alles dervon, twöre Otte an, dat kein Minſche dat Naturrecht un ſine Apartigkeit richtig inenohmen hat, un dat mott bi Korten anders weren.
354	absatz		p070:29	p070:36	Wat? ſäe de Schandarre, Naturrecht inenohmen un anders weren? Hier hat Keiner te rechten un te raiſoniren, hier gille ek, de Schandarre, un da midde fate hei Otte ebenſau feſte un frindlich, wie ſinen Schützling, den blauen Kitteldräer, under de Arme. Aberſt de ole Pachter ſmatt ſek in't Middel. Hei nenne de Namen von Otte Veihwann un ſinen bläuigen Knechte, un ſchreif de den Schandarren mit en harren Daler in de upedaene, breie reine Hand, ek weit nich, ob tau en Vergetten oder tau en Biholen.
355	absatz		p070:38	p071:6	Sau word et denn nu ſtille up en Wullmarchte, un ek globe de langwielige Tunke, de ſüß na er Brae rum geit, bleif ditmal ok ute; denn ek hebbe nich vernomen, dat dat lüttche nich anemelldte Danzplaſier up en Wullplatze vor en Regierungsgebüe ter Anzeige komen wärre. De ole Pachter was en Mann von Anſeihn. Sin Ammanswort gult bi en Schandarren un bi ſinen Lüen; bi ſinen Lüen, davor ſorge dat ſpaneſche Rohr un bi en Schandarren, davor make hei Woſt un rökere Speck un Schinken.
356	absatz		p071:8	p071:13	Hei namm Otte midde na Nettlingen un leit ene ſine Stube up er olen Worth wedder inrichten un darna innehmen, denn dat was ja ene paſſige Stidde, uneſtört de Studien ober oles Recht un nie Apartigkeit wedder antefängen un te Enne te bringen, te malen de Karoſſe mit der Brut un de Karriere in er Verwaltunge an ein un den ſilftigen Unglücksdae afelopen was.
357	titel		p073:1	p073:1	Otte Veihwann.
358	untertitel		p073:3	p073:3	Deil II.
359	kapitel		p075:1	p075:1	Grübelien.
360	absatz		p075:3	p075:8	Otte Veihwann ſatt nu wedder up er olen Worth, un richte ſek as Junggeſelle na Gefallen in. Grote Sorgen harre hei nich; de Erdrag von ſinen Länderien recke vullup ut, ſinen lüttchen Bedarf te decken. Hei härre wol tefreen konnt ſien, aberſt ein Minſche, de Niſt te dauen hat, ſocht dat Emerken in er Aſche un find allebot ne rohe Glaut, de he up et Leſt nich na Wunſche dieken kann.
361	absatz		p075:10	p075:14	De Werthſchop harre ſek binnen ſiner Utflucht in velen Stückſchen eändert. Dat Groteveih un de Pere, de hei as Junge midde harre uptrecken hulpen, de wärren vor et Mehrſte bi en olen Meier up en Nettelhowwe un dat Quek, dat ſine leiwe Gere hott harre, was nich mehr von reiner Tucht un harre ſek vermengelirt.
362	absatz		p075:16	p076:33	De Gebüe wärren, wie dat bi en Pachthowwe te ſcheien pläet nich mehr ſau ſtaatſch un renntlich eholen un de ole Thoren, in dene hei ofte mit ſiner Gere eſpelt harre un up dene, na er Vertellig older Lüe tereinz dat Riekesbanner weihen ſolle, ſtund verlaten. Hei was mit Washolle utebanſet, dat en nich mal rupſtieen un de Ullen verdrieben konne, de da ſnarchen, as leie Alles in deipeſten Slape. De kinniſchen groten Gedanken, de Otte faken mit ſiner Gere beſproken harre, dat de ole Worth mal ne ſtaatſche Ridderborg weren mößte, wenn hei erſt e mal grot wärre un de Regentſchop obernehmen dee, de wärren nu ok nich in't Leben etreen un et was ok neine Utſicht der tau. Kort, ſeer Otte ſine Melkſweſter Gere verloren harre un ſek up et Grübeln legte was Alles anders eworren. De erſte Deil ſiner Lebenstied, nademe dat hei up Schaulen un Univerſitaiten egahn was, harre ene nich luſtiger un beter emaket; hei harre ſine Näſe in dat Recht eſtofen, un ſine Näſe harre dat alle mal wies ekreen, dat Macht vor Recht gung. Dat harre hei mehr oder wenniger ok in er Natur anedropen; denn de Starke vertherte immer den Minnern, aberſt bi den Deierten da konnen dat hen gahn laten, de wärren ein Mal da upe anewieſet un deen dat na einer von en Olen anearbeten Klaukheit; ja ſe wärren in velen Stückſchen noch beter as de Minſchen un achten doch ehre Art un Fomilig un deen en ander Niſt te lee, et härre denn moßt ſien, dat ſe dorch Kranke un Malakſche in ehrer Wanderunge na er Aeſig upeholen wärren oder in er Angeſt vor en Jäger en Kreppel härren afſtöten moßt. Bi en Minſchen gung dat noch harrer her. De, de en Bettchen vor ſek ebrocht harren, de meinen ſek wat un drücken drumme up ehres Glieken; denn ſe wollen ſe wieſen, dat ſe nu ſtärker wärren un högger ſtünnen, un de Minnergroten de benieden de Uepperſten un maken et den groten Ferreſten na da dorch, dat ſe wedder up dei drücken de under ſe ſtunnen; un de Middelſtand word ſau von unnen un von boben edrangſalt, denn de Lüttchen konnen en Hals nich vull krieen un de boben wärren, de konnen immer noch nich enaug Stüern verlangen. Dabi ſtund dat — wie konne dat ok anders gahn — mit er guen Sitte ok ſau hen. Alle wollen ehrer Luſt na leben, Nemmes wolle wat dauen, un Einer wolle en Andern vertheeren; kort, man konne de Minſchen paſſig indeilen, in Veihminſchen un Minſchenveih. Wor dat her kam? — De von Kerkenä ſchreben dat er Sünne tau, de unſch von uſen Vorfahren her anearbet un oberkomen ſien ſolle un up Erkenntniſſe berauhe. Erkenntniſſe mochte dat nu allwoll ſien, wordorch en Recht von Unrechte utewieſen wußte, aberſt dadorch, dat en wat erkenne, da von was en doch noch nich ſchlecht un ſündhaft, as de Papen meinen. Et moßte abſolut noch ganz wat anderes tau en Grunne liggen, wordorch dat Unrecht un de Fiendſchaft in de Welt ekomen wärren, un da ober ſpinteſire nu Otte na, hei harre ja de Tied der tau un was en Studirten.
363	absatz		p076:35	p076:38	Under ſaunen Grübelien kamm hei eines Daes taufällig mal wedder an den olen Mach-handel-bome vor ſiner Worth vorober, un ſette ſek up den groten Steine dal, wor hei vor üttlichen Jahren ſiner Gere den Gurt harre nehmen wollt.
364	absatz		p077:1	p077:33	De ganze Weihdae ober ſine Dath von te demale kamm wedder ober ene. Da hulp kein Keddern un kein Fedderleſen, hei feule, dat hei, wie wol hei de Stärkere weſt was, ſiner Gere doch Unrecht edahn harre, un ſprok tau ſek ſilben, „En Fruenzen hat ſau gut en Recht der tau en Fruenzen te ſien as en Manze en Mannsminſche. De Ehre von en Fruenzen liet in Gurte, un de Ehre von en Manzen liet in er Boſt. Darumme will ek ok up Hilden nich ſchillen, dat ſe en Regierungsrath en Referendar vortrecke, wie wol mek dat helliſchen leed edahn hat; denn ek harre ſe leiw. Ek will ok up en Präſidenten neinen Groll ſmieten, dat hei mek mine Karriere verleet hat; denn hei was en ſtrammen Beamten: ok up minen Pachter ſine Knechte bin ek nich böſe; denn wat leip ek mank en Wullewaens rum, wo ſei doch allene wat te ſeuken harren. Dat Graumänneken hat Recht, wenn et ſeggt „Watt Du nich wutt, dat Dek de Lüe dauen ſüllt, dat daue Du en Lüen ok nich“, manſt ſau ganz is mek dat ok noch nich nehme. Et is wahr, tien de Minſchen kummet en dar midde ut, aberſt nich mit ſek ſilben; denn wie ſteiht dat denn mit der Frieheit, wenn Eins immer up Andere achten ſall? — Ek lobe mek de Apartigkeit. Et mott heten „Ehre de Meinheit, aber wahre dine Apartigkeit vor dek ſilben, dit, wahre dine Apartigkeit, lag nu Otte immer in en Ohren un damidde gung hei up ſiner Stube up un dal un oberkeik alles, wat e ne von Vaer un Mudders oberkomen was, un wat e ne de Päthen as Vadderngabe eſchenket harren. Hei ſtok oftemalen ſine Lampe an un keik in en Speil, un de Speil ſeggte ehne wie et de Minſchen vor deme un wie ſe et itzund noch maken. Hei biſach ſine Pipe, de hei as Junge an Dieke kloppet harre, un wenn hei da upe pfleitche, denn danze Alles na ſinen Sinne, un wenn hei Geres Rauhe ſwenke, denn verleip ſek dat Water un alles, wat er inne un uppe was. Ok dat Laken decke ſek, wenn hei et utenanderbreie un „Diſchken decke dek“ ſprok. Hei oberſlaug ſek, wat hei alle dermidde utrichten künne, un as hei nu up et Leſt de Feddern ut Geres Swanenhimme in de Hand namm, da word hei hoch, un et oberkamm ene wie en groten Propheten „Min Vaderland mott grötter ſien“, ſprok hei, un alles mot ſek einen, wat Döt un Dütſch is.
365	absatz		p077:35	p077:35	Sau grübele hei hen un her; aberſt wie anfängen? —
366	absatz		p077:37	p078:2	Hei härre geren dat Graumänneken efraet, manſt dat was wiet, wiet weg. Da up ein mal was hei in ſinen Drome wedder mank en Wolddeierten, un de Vöſſe mahnen ehne „Mak dek en Swanz“; de Miäntchen reipen ehne tau „Hole dek Sklaven“; de Spinne webe ehre Netze un anectire, wat ſe faten konne, un de Immen umſwaren ene un dreuen Honnig in.
367	absatz		p078:4	p078:7	Vorwahr ſeggte Otte, Alles drifft mek ter Dath, ek hebbe dat Tüg der tau un bin nich ummeſüß ſpören egahn; aber et geit mek wie en lüttchen Jungens, de en Breif ſchrieben willt un künnt de Anfängig nich finnen.
368	absatz		p078:9	p078:10	Verdreiteren legte hei Alles bihalbe un gung na ſinen olen Pachter up en Nettelhowwe.
369	kapitel		p078:12	p078:12	Ammannsrath.
370	absatz		p078:14	p078:27	As Otte na ſinen Pachter up en Nettelhowwe kam, da harre dei grade ne Deſchemaſchine upeſtellt, wat to dem male noch wat Niees was. Hei harre vel hen un her te lopen, ehr hei Alles in Gang brochte, un de Lüe wärren nietſchieren un keiken mehr up dat Swungrad un den lanken Driefreimen, as up de Arbeit. En Knecht, dei dat Koren afffeuere, harre nich up de Pere achtet un dat härre ſlimm weren konnt, härre nich Otte, de juſtemente up en Howw kamm, dat Sadelperd an en Kopptöggel upefänget. De ole Pachter oberſach dat mit einen Blicke. Hei kümmere ſek nich umme de Pere, dei harre ja Otte an Töggel, un nich umme de krieſchigen Mäkens, de wärren ja nu eſichert, nee hei gung up ſinen Knecht tau, de mit ſinen Puſtbacken-Geſichte verblüfft den Peren nakeik un ſtok ne Eine, dat he um un um kieſele; denne gung hei de Pere uthängen un maſchire mit Otte in't Hus, as wenn gar niſt paſſirt wärre.
371	absatz		p078:29	p078:31	Donnerſlag, ſäe Otte, dat was indrücklich un praktiſch. Sau en olt Mann un ſau ne Fiege. Wenn jüg dat man immer ſau gut hengeiht un jü nich mal en Körteren trecket.
372	absatz		p078:33	p078:39	Dat hat niſt ob ſek, meine de ole Pachter, de Art kennt blot Armforſche, un dei mott ſe hinder dat Ohr eſchreben werren, wenn de niſt vergetten ſöllt. Wenn jü emal in de Lage komen ſollen, en Swarhörigen wat bitebringen, ſau nehmet dat in, dat Dralligkeit ober Alles geit, manſt wo de Actſchon nich up erſtunds eboen is, un wor de Wind balle hier un balle dahen weiht, da mot en lawiren, wenn en up en richtig Blek drepen will.
373	absatz		p078:41	p079:3	Et is dankenswerth, ſeggte Otte Veihwann, dat jü mek ſaune paſſige Lehre gebet, un ek bin drumme herekomen juen Rath te hören; aberſt mit der bloten Lehre is dat niſt, leiwe Ammann, dat mott practiſch inerichtet weren, ek kann dat Rummerkummern nich mehr afholen, ek mot wat umme de Hand te nehmen hebben. Mit miner Karriere is dat ute wie jü wett, un nu gebet mek en Weg an, wat ek maken ſall.
374	absatz		p079:5	p079:19	Dat is ſwar rahen, meine de ole Pachter; wat an mek liet, dat will ek wol dauen; aberſt dat is Alles ſau hen. Up en Referendar, wenn hei nich in er Verwaltunge bi er Regierunge is, da is nich vel up te geben, et mößte denn ſien, dat einer ſien Mäken under de Haube bringen wolle. Wiet rummerher bi en Groten Viſiten maken, dat gift blot ſcheele Blicke ober de Schulder un verſwetete witte Hanſchen, de en denn nacher nich e mal updröen kann. Un doch mott einer mank de Minſchen, wenn hei ſek updanen un e ne Stidde finnen will. Teuwet mal, da fallt mek wat in. De ole Diekhauptmann is vor Korten mit Doe afegahn un de Buern un Junkers komet bi en nächeſten Rennen te hope un denne ward dat verhackſtücket, wor wol en paſſig Kerel wärre, de ſek tau ſau en Poſten verſtahn dee. No von en Diekhauptmann da künnt jü denn en Landrath int Oe faten, un da de ole Worth Riddergutsberechtigunge hat, ſau mott dat darna ſlu inefämelt weren. Wie gaht na en Rennen. Jü künnt doch rieen un wenn et noth deit ene Rede dauen?
375	absatz		p079:21	p079:22	Dat Erſte, meine Veihwann, dat könn er wol hen gahn, up dat Tweite aberſt, dat Rede dauen, da bin ek gar nich uppe inneeubet.
376	absatz		p079:24	p079:33	No dat bruket vor de Buern un Junkers ſau gladde nich aftelopen, wenn dat ok e mal holpert un en bettchen ober de Bortſteine loppet, manſt ſtille darf et nich weren un klar un verſtännig mott et ok ſien. Ek feuere mit jüg na en Rennen un ſtelle jüg en Vorſtanne vor. Wenn denn dernacher de ole Herr e von Nothhuſen ſine Perpreddig afholt un ene Teſammeſtellig maket von allen Peren, de wie in bütſchen Lanne holt un de wie na ehren Kräften, wie bi er Arbeitsdeilig uptrecken ſüllt, denne könne jü umme et Wort bidden un uſe Pere, de ek von jüg obernohmen hebbe, leuwen. Up dei Art komet mine Pere in Beraum un jü ſilben in de Kundſchop un willt Gott in de Karriere.
377	kapitel		p079:35	p079:35	Sport-Horſe-Klub.
378	absatz		p079:37	p079:41	Otte Veihwann was, wenn Einer ſinen Inſeihn na en guen Rath gaff, kein Haarklöber, velwenziger en Spelverdarber. Ittliche Wochen der na ſach en denn ok den olen Pachter mit Otte von er Worth mit ſammt en groten Koppelſe Pere ut 'er Veihwannſchen Tucht, tau er Utſtellig un tau en Rennen rieen.
379	absatz		p080:1	p080:6	De ole Pachter melle Otte bi en Vorſtanne an as ſinen junken Herren, de ſek up er Univerſitait hervoredaen härre un nu en grot Verlangen ſpöre den Sport-Horſe-Klubbe midde antehören. Hei prieſe ehne an von wegen ſiner Klaukheit un umme ſiner Verdeinſte halben von wegen der Pertucht, un ſau word Otte, na er Bithalunge ſiner Karte, en anſtännig Mitglied von den wietberäumten Sport-Horſe-Klub.
380	absatz		p080:8	p080:12	De Grafe von Albienne, de de Präſiedente von Horſe-Klub was un under dene de Verein in hogen Anſeihn ſtund eröffene de Sitzunge, un nademe dat de Geſchäftsbericht von en Schrieber voreleſen un ohne alle Inrede enehmiget was, kreig de Herre von Nothhuſen dat Wort un dee ſine Perpreddigt, de hei all oftemalen upewarmet harre.
381	absatz		p080:14	p080:36	Hei ſprok von en Nutzen der Pere un ehrer Stellig tau en Minſchen. Dat Perd, meine hei, ſtünne von allen Deierten den Minſchen an nächeſten; darumme härren ok uſe Vorfahren dat Perd ſau hoch eachtet, dat ſe et mit in ehren Himmel upenohmen härren von wegen ſiner Anhängligkeit an ſinen Herren. Diſſe Frindſchop mank Minſchen un Perd mößte erholen weren. En anſtännig Minſche könne nich gut ohne en Perd fertig weren, ja et höre tau en ordentlichen Kerel ok en ordentlich Perd. Darumme mößte alle Flied up de Uptreckig der Pere anewend weren, un vor Allen härren dabi up eddele Razen te ſeihn, vornut, da de Tucht von eddeln Peren den Lanne vele Millionen inbringen dee. Hierbi namm hei nu de Snute helleſchen vull Thalen, weilen hei meine, dat de an beſten bewieſen un en Minſchen oberzeugen deen, te malen ſe uperſtunds Keiner glieks marken könne. Un dat hulp, denn Alles word von den Millionenthalen biſopen un wolle nu lauter eddele Pere trecken. De Herre von Nothhuſen beſtärke de Geſellſchop in dieſen Vornehmen un ſlaug vor, dat na er Anfoderunge der Tied de Uptreckig under hoger Beachtunge der eddeln Razen un ehren Nutzen ganz na er Arbeitsdeilig inerichtet weren mößte. Man mößte darumme ene genaue Indeilig maken in Laſt- un Luſt-Pere, in Trecker un Renner. Tau en erſten hören de Percherrons, de Brabanter un Dänen, un tau en tweiten, den Luſtperen, da reken ſe de Ponnies un Schotten, doch dei wärren ok man vor de Jungens, de richtigen Razen, de finne man bi en Arabern un Preußen un vor allen in en engliſchen Vullblaue.
382	absatz		p080:38	p081:3	As de Vordrag te Enne was, da fodere de Präſidente de Sellſchop up, den Herrn von Nothhuſen den Dank det Vereines utteſpreken. De Sellſchop namm diſſen Vorſlag mit Koppnicken un enteln Hochs up Herrn von Nothhuſen an, un nu kam de Upfoderunge, ob Ein oder de Andere tau den Nothhuſenſchen Vorſläen noch wat Apartes te ſeggen härre. —
383	absatz		p081:5	p081:7	Alles word ſtille, un de Präſidente wolle all tau er tweiten Vorlage der Daesordnunge obergahn, da melle ſek Otte Veihwann tau en Wore.
384	absatz		p081:9	p081:11	Dat was nu ſüß min Lebedae nich vorekomen, un Alles keik up den junken Minſchen, de ſek de Drieſtigkeit ruter enohmen harre, ok en Wort midde te ſpreken.
385	absatz		p081:13	p081:16	Otte Veihwann ſach dat in, dat hier wat Utergewöhnliches ſcheihen was, un dat make ehne vore't Erſte en bettchen conſternirt; aberſt dat Wort was ene ein mal egeben un et kamm nu Alles der up an, dat et nich ſtille word.
386	absatz		p081:18	p081:26	Hei räuſpere ſek un ſäe: Mit wahrer Luſt hebbe ek mit er geehrten Sellſchop inneſtimmet in en Dank, dene de hoge Verein dem verehrten Vorredner darebrocht hat, un dat konne ek ok mit guen Gewiſſen; denn Alles wat ober dat Verhältniſſe det Peres tau en Minſchen un ober den Nutzen der Pertucht eſeggt is un ſtatiſtiſch feſt eſtellt word, dat is mek ganz ut er Seele ſproken; aberſt de Meinunge, dat wie na en Stanne uſer Landwerthſchop de Tucht ſau interichten härren, dat na er Gebrukswieſe ganz beſondere Arten un Razen etrecket weren mößten, ſchient mek en bettchen te doctrinäre.
387	absatz		p081:28	p081:28	Hört! te doctrinär, reipen entle Stimmen.
388	absatz		p081:30	p082:4	De Tucht ward te buntche vor et Land, un an Enne hat de Grafſchaft luter Pere, de bi uterordentlicher Kraftanſtrengung nich mehr utrecket. Kummet mal en Krieg, wo vor unſch uſe Herre Gott bewahren mag, wo willet wie da Kanonenpere herkrieen? — De ſwaren Pere, de wie vor en Reubenwaens wegnehmet, de könnet nich lopen, un de arabiſchen un engliſchen Renners künnt, ek will de Ponnies un Schotten, de tau en Spelwark ſind, nich emal nämeſen, kort un gut, de Renners künnt nich trecken, un wenn ſe mal tau en Rennen ebruket weren ſüllt, denne hätt ſe ſau vel Pläe nödig, dat einen Angeſt un Bange oberkummet. Mit ſaunen Pere, da kann en nich na en Wettrennen henrieen, de mott en vor der Actſchon mit groter Sorge up er Iſenbahn fahren un immer mit Vorlop un Spirichtus waſchen laten, dat ſe man ja nich vorher te ſcharpe aneſtrenget werd. Ek löwe mek Pere, de en nich erſt up er Bahn fahren te laten brukt, de tau jeder Gebrukswieſe paſſig ſind, de en an einen Dae tau en Spazierenrieen oder Feuren, tau en Laſt trecken un tau en Wettrennen bruken kann, un ek meine, da up mößte uſe ganze Oenmark bi er Tucht uperichtet ſien, dat wie Pere trecken, de en nich te fahren laten bruket.
389	absatz		p082:6	p082:12	Dat was unerhört, dat was tau dulle! Et harre ſek e ne andere Anſicht, as de von Herrn von Nothhuſen upedahn, un noch der tau von enen Minſchen, de noch jung, eben erſt von der Univerſitait ekomen was, un doch wol noch nich up grote Erfahrunge Anſpruch maken konne. Herr von Nothhuſen wenne ſek denn ok glieks an en Herrn Präſidenten un bat um et Wort tau er Gegenrede, indeme dat hei Otte e ne Frae vorlegte.
390	absatz		p082:14	p082:18	Herr Veihwann, ſäe hei, härre den Wunſch uteſproken, bi er Tucht da up te ſeihn, dat en Pere uptrecke, de tau jedweder Gebrukswieſe paſſig wärren; aberſt wo in aller Welt finnen ſaune Pere? — Wor is dat Land, oder wor de Gegend, wo ſaune Wunderdeierte waſſet? — reip hei.
391	absatz		p082:20	p082:35	Dat Land, twere Otte an, is uſe dütſche Vaderland, in deme noch dat ole dütſche Ridderperd lebet, dat uſe Vorfahren na Paris, Rom un Jeruſalem draug. De lüttche Stamm, de der von ober is, de lebet im Pinzgau un in reiner Tucht up en Stammhowwe von miner Fomilig up er olen Worth un up en Nettelhowwe von Nettlingen. De Ur-ur-ur-ahne un Hengeſt heit Ramm un de Mähre Rabe. Se ſtammet ut Düringen, un ut ehrer Nakomenſchop hebbe ek ne lüttche Fomilig upetrecket, de in uſer Naberſchaft de Worthrappen hetet. Ek bin nich hierher ekomen, umme ſe anteprieſen, aber ek dachte mek, dat et dem verehrten Vereine nehme ſien könne, wenn ek mal wedder dat ole Ridderperd uſer Vorfahren labendig upwieſen un vorfeuern dee. De Pere ſtaht, weil ek eben erſt hereredden bin bi Enne der Utſtellig noch ohne Nummere, un ek beie mek an, na Beſtimmunge der Commiſchon mit jedem ut der Koppelſe te rennen, te feuern un Schaule te rieen, weil des, dat ek globe, dat mit den olen dütſchen Ridderpere alle Gebrukswieſen det Herrn von Nothhuſen uterichtet weren künnt.
392	absatz		p082:37	p082:39	Diſſe Wöre von Otte Veihwann trecken en groten Alarm na ſek in er Verſammlunge, un in Korten was nein Minſche mehr in Saale, Alle leipen de Pere anteſeihn un te munſtern.
393	absatz		p082:41	p083:2	Otte gung drumme up en Herrn Präſidenten un up en Herrn von Nothhuſen tau un entſchüllige ſek, dat hei tien ſinen Willen bi er Niedſchierenheit der Tauhörer de Verſammlunge eſtört härre un bat umme de Erlaubniſſe, midde an en Rennen Deil te nehmen.
394	absatz		p083:4	p083:7	De Erlaubniſſe word egeben, wie wol mehre Officiers un Eddellüe en Bidenken der bi harren, dat en Minſche, de doch mehr en Buernſtanne anhöre, mit en Herrn Grafen un Barons wettrenen wolle, aberſt de Präſidente ſmatt ſek in't Middel un ſäe:
395	absatz		p083:9	p083:10	Wer ſine Karte bethalt hat, de hat ok alle Rechte der Sellſchop erworben.
396	absatz		p083:12	p083:20	De Pere von Otte ſiner Tucht worren nu emunſtert, manſt prämiirt worren ſe nich, weil des, dat ſe en Bettchen von Ramsnäſe harren un ene hängige Kruppe. De Priesrichter meinen, en Perd mit grader Kruppe härre en eckiger Stell un vor et Mehrſte länkere Hinderbeine un wärre drumme mehr up en Sprung ebuet; under de Renners können ſe drumme nich komen, un under de Treckepere hören ſe ok nich, weil ſe te minne in en Knoken wärren, tau Schauleperen aberſt wärren ſe wedder te plumpe un nich lenkig enaug, ene Ramsnäſe härre wat an ſek, un kort, ſe leiten ſek in keine Klaſſe inrangiren.
397	absatz		p083:22	p083:36	Dat dee nu en olen Pachter von er Worth un en Nettelhowwe hellſchen leed, un ärgerlich dreif hei Otte an, dat hei ſek doch alle Meue geben möchte, dat hei in er Rennig den Pries winne. Otte, dei ſinen „Begard“ kenne, hei harre ene ja vor acht Jahren ſilben upetrecket, meine: Wenn Begard noch up min Wort hört as ſüß, denn hat dat wieer Niſt te bedüen, denn weit ek, dat hei vorkomen deit, aberſt köddern mott ek vorher erſt mit ene. Hei gung drumme an ſinen leiwen Begard heran un ſtrekele ene, un as hei ene en Stückſchen vorefleitchet harre, dat dei noch von der Tied her kenne, wor ſe beie up er Waie mit en ander ſpelen, da kamm niet Leben in dat Perd, dat bet dahen den Kopp dalehänget un vor langer Wiele Löckere in en Erdbodden ekleiet harre. De Ohren ſpitzen ſek, de Oen worren glu, un de Nüſtern deen ſek wiet ut en ander, as wolle dat Perd den ganzen Hewen intrecken, un as ſek nu Otte upeſett harre, da ſach en kein forſcher Perd, as Otte ſinen Begard.
398	absatz		p083:38	p084:2	Otte heilt bi er Rennig ſinen Begard erſt en bettchen an, ſau dat de annern Wettpere en lüttchen Vorſprung kreen. Dadorch word Begard immer iwriger, un as ene nu Luft elaten word, da härre Einer ditt Spelwark ſeihn ſollt, da gung dat na allen Wieſen, wie de na enander feſteſett wärren, ober Grabens un Heggen un Wälle, un Otte kamm ehr an't Teel as alle de Andern.
399	absatz		p084:4	p084:9	Otte harre wunnen, un de Buern harren groten Spaß der anne, dat ein von ehres Glieken den Pries krieen ſolle. Dat verdrot nu de Eddellüe, un ſe leien den Grafen von All bi Enne in en Ohren, dat dat Rennen nich ganz na er Ordnunge egahn härre, allene de Grafe was en rechtlichen, richtigen Eddelmann un meine: Watt Recht is, mott Recht blieben, un ſine Dochter kreig en Wink, Otte den Kranz te geben.
400	absatz		p084:11	p084:18	Der junken Gräfinne was dat nu ok nich midde, dat ſe en Buer en Kranz ſchenken ſolle; aberſt ſe moßte ehren Vaer te Willen ſien. Se gung drumme ſtolte un ſtrebe up dat Gerüſte un dee, as ſeihe ſe Otte gar nich, de up ſinen Begard der vorheilt. As ſe nu aber doch den Kranz henrecke un de gentile Wieſe ſach, mit der Otte ſien Perd knieen leit, un wie hei ſek verneige as en Eddelmann von Amören un guer Hältniſſe, da recke ſe den Kranz mit frindlichen Geſichte un mit den ſeuten Wören:
401	absatz		p084:20	p084:20	„Dem Sieger des Tages, dem Ritter der Zukunft.“
402	absatz		p084:22	p084:28	Dat was nu dat Teiken tau en groten Rumor un Juchheißen von allen, de te hope komen wärren, as brennen de Welten von en groten See bober en Sand der Rietbahn an et Euber; man allene Otte was ernſt un ſtille. Hei reit ſin Perd in de Höchte un make e ne dankende Dreiig, indeme dat hei en Rundeil, ene Achte un in korten Swenkungen de Schaule dorchmake, un ſek denne mit en militairiſchen Gruße na allen Halben henwenkend terüggetrecke.
403	absatz		p084:30	p084:38	Von da an hör en nu Niſt wieer, as von Veihwann ſpreken, un von ſinen Peren, den Rappen, un Begard, den Renner. De Buern wärren hoch, denn ſe achten Otte wie ehres Glieken, un de Eddellüe maken ſek wies, dat ſau en Rieen man von enen Eddelmanne ſcheihn künne, un dat de ole Veihwann ſchon en düchtigen Rieer un en verſtännig Pertüchter, aberſt noch en vel gröttern Diplomaten e weſt wärre, dei wol en Sitz in Herrenhuſe härre verdeint, un dat te dem male dat blot ut Mißgunſt verbleben ſie, wie wol hei en olen befeſtigten Grundbeſitz, un dorch ſien Wapen en ganz olen Adel naewieſet härre.
404	absatz		p084:40	p085:3	De Stimmunge vor Otte Veihwann word immer beter, un as hei nu Abends mit der junken Gräfinne von All bi Enne danzet, un bi en Fruenzen un Frölens wie bi en Officiers gladde Amören upewieſet, un ok bi Herrn von Nothhuſen ſek frindlich un beſcheiden upeſpeelet harre, da kamm hei in de Rehe, un word von Allen anekeken, as de glue Morgenſteren, wenn et tau en Anſtanne geit, oder de upgahende Mand, wenn de Mäkens up ehren Leiweſten hopet.
405	absatz		p085:5	p085:23	De ole Pachter von der Worth up en Nettelhowwe namm dit wahr, un vertelle nu en Buern un Junkers vel von den Veihwannſchen Peren, un wat dei alle utterichten in Stanne wärren. Hei wolle ſe dat wieſen, un en Probetrecken an ener Charſewolte anſtellen laten, wenn Otte dat verleube, un er ſilben bi ſien wolle, denn Otte härre eigentlich allene en Verſtändniß der von, wie en mit Peren ummegahn mößte, un wie einer richtig te feuern härre. Otte wärre, dat mößt 'en ſeggen, oberhaupt en ganz ſeltſamen Minſchen, de ſtudirt härre, un alles uten FF verſtünne. In en Ackerbu könne ſek Keiner mit ene meten, dat härre hei ſchonſt als halfwuſſen Burſſen ewieſet dorch ſine Drainagie un dorch ſine Wäterwieſchen up er olen Worth un in Nettlingen; dat wärre aber alles gar niſt tien dat, wat hei te Stanne brocht härre gegen dat Obergahn un Oberflauten dorch Indämmunge un Afftöge; ja da ginge ene Keiner ober, dat härre hei as Pachter, de doch nu ok all bi Jahren wärre un vel midde dorchemaket härre, oftenauch eſeihn; dat wärre in diſſen Falle ganz wat Uterordentliches mit Otte Veihwann, et ſchiene bi nahe, as härre Otte ene Vorahnig, wie dat mit en Stieen un Fallen von Water ſtünne, kort, hei vor ſine Perſon glöbe, dat Otte dat Water biſpreken könne.
406	absatz		p085:25	p085:30	Dat was nu allwol en bettchen Vel up de Möhle, un Manchein ſchüddele en Kopp un dachte ſien Deil, aber et bleif doch immer en bettchen hängen bi allen, de nich ganz frie von Abergloben wärren, un de Kedderagie richte doch ſau vel ut, dat bi Enne de Renndaes Otte ſin Name mank de Perſonen enennt word, de wol paſſig der tau wärren, de Diekhauptmanns-Stidde vor de Grafſchaft te obernehmen.
407	absatz		p085:32	p085:40	Den annern Dag, wo de Prämien utegeben worren, wärren Veihwanns Pere nich prämiirt, wie wol ſe vel Bifall efunnen harren; da word de ole Pachter, de immer noch up en Pries oder ene Anerkennunge hopet harre, quitterig. Hei leit Otte ſine Rappen vor de grote Wolte ſpannen un wolte under Upſicht von Scharſeelüen ene lanke Steinbank gladde, ohne mal de Pietſche ter Hand te nehmen, denn de Rappen trecken up et Wort; un as ditt Stückſchen under groter Tauſtimmig von en Landlüen eſpeelt harre, da ſette ſek Otte mit ſinen olen Pachter up, un beie redden wedder na er Worth un na en Nettelhowwe.
408	absatz		p086:1	p086:15	Von der Tied word et nich ſtille up er olen Worth un up en Nettelhowwe. Alle Welt wolle de Pere ſeihn, de as Renner, Treckepere un as Schaulpere bruket weren konnen. Dat Beräumen word grot, un Veihwanns Stuten un Hengeſte harren dat Prä vor allen andern, un ehre Ramsnäſen un afhängigen Kruppen gillen von nu an as en richtig Teicken ener reinen Raze. Otte ſilben bekümmere ſek da wennig umme un leit dat Geſchäfte ſinen Pachter ober, de denn balle en groten Hupen Föllens vor düer Geld verkofte un dabi immer ene Stimme tau er Diekhauptmanns ſtidde inhandele. Recht was dat nu allwol nich, aberſt de Pachter meine, ſau en lüttchen Vorthel, de keinen Minſchen kränke, wärre wohl midde te nehmen, denn en Oeconome handele mit realen Grötten. De Buern dachten ok ſau, un de Junkers wußten ok wat ehre nächeſte Vorthel was, un ſau kamm et denn, dat Otte bi er Wahl de mehrſten Stimmen kreig un Hauptmann word ober de Dieke.
409	kapitel		p086:17	p086:17	En Diekhauptmann, un wat er ut ward.
410	absatz		p086:19	p086:22	Vor't Mehrſte kehrt niee Beßen gut, aberſt wenn ſe erſt en bettchen afefeget ſind, un de afeſtötten Rieſer ſtruppe henſtaht, un denne den olen Dreck te ſcharpe fatet, denn is dat ok ſau hen, denn gift dat wat te mäkeln, un denn is dat allebot te borſtig ſcharpe un te düermaig.
411	absatz		p086:24	p086:36	Otte fate ſin niee Amt feſte an. Hei leit dat Nothwennigſte te erſt vor hogen Pries utbetern darumme, dat bi nich utergewöhnlichen Waterſtanne kein grot Schae ſcheihn könne; un da up ſtelle hei den Andrag, ne grote Summe te bewilligen, wenn de Grafſchaft ganz eſichert weren ſolle. Da mößten de Wälle terüggeſett, un dat Bedde von Fluſſe breier emaket un gladder utebaggert weren, dat was ſau ſine unantaſtbare Meinunge, un davon leit hei nich af. Dat gaf nu vel Hickhack, denn wenn dat Geld koſten deit, denn ſind wie Buern un Junkers nich te Huſe, denn gift dat en ganzen Hupen Oberklauke, de alle in der Bilae von ehren Bregenkaſten de kißlichſten Beſorgniſſe ober te grote Utgaben, de an Enne unnütze ſcheihn utwieſet; aber under keinen Umſtännen de Verantwörung te obernehmen denket, obſchonſt ſe von allen Untefreenen geren ehört werd un ſek in ehrer Oppoſitſchon freuet.
412	absatz		p086:38	p087:5	Otte leit ſek dadorch nich erre maken. Hei ſtelle ene Rechnunge up, dat bi enen richtigen Dammſchutze de Vorthel ſau grot wärre, dat de Koſten in fief Jahren wedder ewunnen ſien können. Mit er Verantwörunge, da was hei fluchs bi er Hand, dei obernamm hei mit ſiner eigenen Perſon, vor der ſe en helleſchen Regart harren, wie wol hei nich vel verleiſen konne. De Dämme worren fertig, un de Segen kamm der hinder dorch, ſau gar als hei e mal enödigt word, einen Damm dorchteſteken un en Water Aftog te geben.
413	absatz		p087:7	p087:27	Dat brochte nu Otte helleſchen in Beraum. De Underbiamten un Arbeiers, de nu mehr Gehalt un höggern Lohn verdeinen, un de Buern un Gutsbeſitters, de ehre Pläne vor en Water edecket ſeihn, un dabi doch noch ut er Gräſige ene vulle Innahme harren, de wärren alle vor ehren Hauptmann vullup innenohmen, un ſau kreig denn Otte na gerae en ganz nietlichen Swanz, de hinder ehne hertrecke; manſt de Edellüe, obſchonſt ſe ehne in ehrer Sellſchop upneihmen, de wärren doch ſau in Stillen, von wegen ſiner frien Anſichten, nich recht up ene te ſpreken; denn ein Mal was hei en Eddelmann, un dat andere Mal, da was hei en frieen Buer un en Sotſchaldemokraten, de Alles von der Apartigkeit der Minſchen un von lieken Rechte, dat mit en Minſchen up de Welt ekomen wärre, hernehmen wolle. De Barone aberſt wärren immer noch der Meinunge, dat et blot twieerlei Minſchen, Junkers un Deinſten geibe. Un as nu Otte Veihwann dat grote Wort frie up en Landdae utſprok, Vorrechte un Stänne kenne hei nich, hei kenne blot Arbeitsdäthigkeiten, de en da na te taxiren härre, wat ſe utrichten deen un produciren; dat aber de Adel, de ſek doch ſüß immer dorch ſine Nobleſſe un Opperfähigkeit utteike, jetzund noch nich de Frae beantwört härre, wie vel hei en Lanne nützet un gutedahn, da was dat vullens nich edropen, denn bether, dat moßten ſek de Eddellüe ſilben ſeggen, da harre de Adel en Lanne noch keine Druben edrahn.
414	absatz		p087:29	p088:10	De Eddellüe un de Geiſtlichkeit de maken drumme ok ene Stemmerice gegen Otte, un heilen ehne vor, dat hei nich bi en Rechte blieben dee, dat von Olders her von ehren Vorfahren inerichtet un feſte ſtellt wärre, un dat bi ener Nivelirunge, wie Veihwann ſe hebben wolle, de Welt nich beſtahn könne, obſchonſt Otte nawieſe, dat dat Leben, wie bi en Enteln ſau ok in Volke ſek ändern dee, un dat ſchonſt in er Bibele eſeggt wärre, dat Alles lieke un kein Barg un kein Dahl mehr ſien ſolle. Vernunftgrünne un Zitate hülpet aber niſt, wenn de Minſchen na ehren Willen ordeilt, un ſau härre dat Otte verdreiten un ok wol ſparen konnt, manſt dat ſchoch nich, hei was nu ein Mal in de Rage komen. Glieks na en Rennen was hei in Huſe det Grafen von All-bi-Enne innefeuert. Hei harre ſek vor den ſchönen Kranz bedanket un was von dieſer Tied an bi der junken Gräfinne geren eſeihn. Se harre ehne leiw, un beie harren ſek ent'ander en bettchen te deipe in de Oen ekeken, un da was denn de natürliche Folge, dat ſe in Korten en Paar wärren, wat de ole Grafe gar nich ungeren ſach, denn Otte was ein ganzen Kerel, un mit den Grafen von All-bi-Enne, da gung dat te Enne. De Hochtied word efiert, un Otte kreig ter Mitgaft, — de Graf harre vele Veddern un Wäſchen bi Howwe — en glautnieen gräflichen Anhang un Swanz bi alle deme, dat hei en Liberalen ſpele un mit en Conſervativen niſt te dauen hebben wolle.
415	absatz		p088:12	p088:16	Kund- un Frindſchaft bi en Corps, un Veddernſchaft in er Fomilig hät allebot wat te bedüen, un ſau word Otte dorch ſienen liberalen Anhang un dorch ſiene gräflichen Veddern in korten Landrath, un denne in dat Afgeordnetenhus ewählt, un ſau kamm et denn, dat hei bi Howwe balle enämſet un in Beacht enohmen word.
416	kapitel		p088:18	p088:18	Tor Situatſchon.
417	absatz		p088:20	p089:2	To diſſer Tied nu ſtund dat ganz buntche un dumme bi Howwe. De ole König harre ene grote Verwand- un Kundſchop in Lanne un na Butten hen, un et was da te malen mode, dat Jedweder, de en Bettchen bedüen wolle, ſek e ne lüttche Menagerie heilt. Sau harre denn ſin Brauer in Middag en Dubbeladler un wenn dei ſchraule, denn ducke ſek dorch dat ganze Land all Quek un Heunerveih, weil ſe meinen, dat ſe etreen weren ſollen. Sin Swager in Morgen, de heilt ſek en groten Bären, un wenn dei brumme, denn zittern alle lüttchen Bärentreckers; denn de Bäre was tückiſch. In Middernacht, da belle e ne grote Dogge, un hule dei, denn wake Alles ut en Slape up, un Neiner wußte wor hei ſek begriepen un wat hei tenächeſt anfaten ſolle. Up en Water da trecke en grot iſernen Arpel un fiſche de beſten Goldfiſche weg; aberſt dat was alles Niſt, wenn de rohen Apen in Abend ehre Gekriſche anfängen, un en olen Könige ober dat Rinnbek in de Appelgarens un in de Wienbarge fallen wollen. Denne word dat utermaten unruhig in Lanne; denn vor en Apen, da harren ſe en helleſchen Reſpect, de harren ſe all ofte luſet un de Parrücke verdreiet. De Einen kreen et denn in de Knoken, un de Anderen in de Zympathie. De nu Haſenharten harren, de ducken ſek, un leggten de Ohren an en Kopp, de aberſt Zympathie feulen, de maken et den Apen na mit allerhand Apenſtreichen, ehre Fruens aber mit en upgeſtokenen Hinterkoppe un en hogen Updrag up en Steert, weil des, dat ſe damidde ehre Afſtammunge verdecken wollen un grote Luſt harren an Schunkelperen un Wippeſpeel.
418	absatz		p089:4	p089:13	Sau was dat na Butten hen; in Lanne aber, da was e ne grote Menge von lüttchen Veddern, Wäſchen un Mähmen, de trecken alle an Niedhamel, un wenn ſe bi Howwe liberal un vor de Frieheit wärren, denn ſpelen de Lüttchen reactſchonär. Et was keine Indracht mehr, aber vel Wedderſpel. Wenn dat Gewarbe frie ſien ſolle, denn wollen de Städte Gilden maken, un wenn de Ummetreckig nich mehr ewehrt weren ſolle, denn verlangen de lüttchens Patchackers Paßkarten, Heimathſchiene Börgergeld un en Nawies von en richtigen Utkomen. Mit en Gewarbe ſtund dat ok ſau hen, de anſtännige ole Ehrenhaftigkeit was nich mehr, un wenn et freuer heit:
419	vers		p089:15	p089:18	„Vor ringen Pries / Gue Waare / Up lange Jahre / Tau ehrlichen Nieß“ —
420	absatz	ja	p089:20	p089:20	ſau heit dat jetzund:
421	vers		p089:22	p089:27	„Billig un ſlecht, / Is allebot recht. / Ward licht producirt, / Ward Vel conſumirt. / Verdeint mott weren balle, / De Dummen werd nich alle!“
422	absatz		p089:29	p089:30	De Geſellens, de da ſeihn, dat ehre Meſters bie korter Tied un leerbehren Arbeit rieke worren, de fängen dat ok an, un ſungen:
423	vers		p089:32	p089:39	„Den Sönndag frie, / Den Mandag blau. / Den Alldag nich der bi; / Arbeien noch, wotau? — / Latet de Buern thalen, / Willt ſe Waare halen, / Beter mött de Meſters lohnen.— / Wei willt uſe Knoken ſchonen.“
424	absatz		p089:41	p090:4	Dabi wolle dat Geſchäfte nu leſt ut nich mehr gahn, un ganz von ſilben wuſſen na gerae ene grote Menge Fulenzers up, de ſek nu up Bedreierie un Deiberie legte. Alles wolle hauſiren gahn, un Nemmes wolle wat dauen; dabi aberſt wärren ſe helleſchen von ſek innenohmen, obſchonſt ehre Kopp blot up en nächeſten Dag natedenken verſtund. Se wußten, dat ſe leddige Maens, un de Mehrthal der Füſte harren, un dreuen, mit ehren grobben Hännen Alles te caponiren, un wenn et ginge, Alles uptetheren, denn ſe wärren Omnivoren.
425	absatz		p090:6	p090:14	De Nakomen von Kerkenoe, de ſchreben ditt Unheil en natürlichen Verſtanne tau, dei immer blot up et Reale richtet wärre un neinen Halt hebben könne, wenn hei nich dorch en Kerenſpruch tau ſek ſilben keime. Se leiten drumme ehre Kinders ene grote Menge von Verſen utwennig lehren, un meinen ſau den Untuchtsdübel freutiedlich dalteholen, allene wenn de Kinner ran wuſſen, denn word de Lebensluſt grötter, as de Lehre, un denne globe de junke Tautucht, dat ſe ehren Gefallen nagahn mößte, un ſau wärren alle Sprüche un Verſe verwindweiht, un de Untucht word ter Tucht.
426	absatz		p090:16	p090:26	De Richters, de nu ſau en Unweſen wol härren ſtüern un ſtrafen konnt, de deen dat ok nich, denn ſe wärren te humane un meinen, tien Lüe, de ehre Lebedae immer mit Noth un Sorge te dauen ehat härren, da mößt en milde ſien; ſei wüßten, weil ſe ok an en Hungerdauke tocken, dat an beſten wie Einen te Maue wärre, de ſinen Liew mit en Smachtreimen tehope trecken mößte. Sau was denn vel ful un afſtarbig in Lanne, un dat härre ſcheier en innern Krawall geben konnt, wenn de Untefreenen nich na butten hen ewieſet worren wärren, weil des, dat da vel eſchreben, eloen un eweult word, wat mit wennigen Utnahmen en mehrſten Mann bidrop, bet up de von Borgne na, de kehren ſek an Niſt, de drillen ehre Mannſchop, un alle Welt löwe ehre Inſtruktſchon.
427	absatz		p090:28	p090:33	Tau ſau e ner verquicketen Tied word nu Otte na Howwe biraupen, weilen hei eines Daes — hei harre grademal wedder de Swansfeddere ut ſiner Sweſter Swanshimme in en Hännen ehat — in Afgeordnetenhuſe en groten Ummeſwung aneſeggt harre, un weilen en grot Part Howlüe, de in ſiner Frind- un Swagerſchaft ſtunnen, immer noch vel up ene heilen, un an ſine Kunſt, dat Water te beſpreken, globen.
428	absatz		p090:35	p090:41	De ole König namm ene frindlich up un wieſe ene alle Herrlichkeiten un Schätze ſeines Riekes, de hei in ſiner Hushöllig harre. Leſt ut trecke hei ok de Feddere vor, de ene von ſiner Mudders her obermaket was. Diſſe Feddere ſtimme un juſtemente mit Otte ſiner Feddere oberein, un wie ſe ſe in en Hännen harren, da oberkamm ſe beie, den olen König ſau wol wie Otte, dat ſe ehre Vaderland grot un frie maken wollen von allen Fienden, de bi Innen un de Butten wärren.
429	absatz		p091:1	p091:22	Majeſtäten, reip Otte, dat mott anders weren. Jue Voggel draff vor en Adler jues Brauers nich de Fittchen hängen laten; de Dubbeladler kann hinder de Leithamels henfleihn; jue Voggel ſall in Rauhe ſine Rupen vertheren. De Bäre von juen Swager, de kann ut ſinen duſtern Wolde her im Sommer Kamele un Dromedars anbrummen un in Winter inefroren Mamutsfleiſch freten. De Dogge in Norden legget wie en Mulkorf an, un de rohen Apen jahet wie ober alle Barge. Ek bin zwars kein groten Prophete, de Alles vorher wetten kann, man et verdücht mek, dat, wenn ek mine Lampe anſtecke, un in minen Speil kieke, denn ward mek dei wol ſeggen, wat Alles ſcheihn kann. Ok en Laken hebbe ek, dat gift mek Spieſe un Drunk, wenn ek „min Diſchken decke dek“ raupe, aber wat hülpet dat Alle? — Mit Vorutſicht un Oberleggig kann en bi ſau ener Werrniſſe wennig utrichten, mit Klaukheit allene kann en keinen Hund hinder en Oben weglocken, un alltevel Spieſunge maket träe. Eins is er, dat geiht ober Alles, Geld un Gold, dat is das Wahre; vor Geld kann en ſek wat köpen, vor Geld kann en Alles krieen: Frinne, Horſame, Sklaven, un wat dat Beſte is, Keiner ward von Gelle ſatt, immer hungerger un döſtiger ward wer ein mal anelicket hat, un darumme, Majeſtäten, mött wie da vor ſorgen, dat et nich an Gelle un Golle mangelt. Majeſtäten! latet mek up Reiſen gahn, umme dat ek Gold un Macht finne, denn Beies mott eſocht weren un kummt nich in Slape.
430	absatz		p091:24	p092:14	De ole König harre erſt ſin Bedenken derbi; et was grade in der Erentied, dat Otte reiſen wolle, un bi Howwe was vel Arbeit un Anſpann nödig, allene hei gaf na un leit Otte afreiſen. Otte kam in de Riekesſtadt un föddere kleineke mit en König ſinen Brauer un mit allen Veddern, Wäſchen un Möhmen. Da word en König ſien Voggel inelaen, tau en groten Verſöhnungs-Oſſenbraen, manſt de Kuckuk was grade noch in er Eierleggig un konne nich afkomen. Darober wärren nu de Menagerieholders, vorbat de lüttchen, hellſchen verdreitern un tückſch, aber Otte begüſeke ſe wedder un vertelle vel von er Frindſchop mit en groten Bären; de nieren Apen aber verwieſe hei up dat Land wor de Zavoynkohl waſſet un make ſe lüſtern up rheiniſche Druben. Sau bleif denn Free, un Otte konne nu ſeuken na Golle un na Macht, manſt Gold was wennig te finnen, un wat de Macht anbedrop, ſin lüttge Grotſtaat word verſpottet. Dat verdrot Otte uter Maten, un in ſinen Ingrimme gung hei grämlich wieer. Da kamm hei in ene grote Sandweuſte, wo entle Kienen ſtunnen, un hei härre geren allen Sand tau Golle un alle Fören tau Piken maket; man wat hülpet hoge Wünſche ut ingrämſchen Harten, da was kein Gold- un kein Pikenſmed un de Heideblaume honnige nich. Otte ſochte un leggte ſek mal wedder up et Spören. Hei gung en Tappen na, de ſek in Sanne afedrücket harren, allene de Sand was te loſe, hei ſtund nich un gaf keinen richtigen Afdruck un keine klare Utkunft von wo ut, un tau weme ſe hengingen. Indeß der Tappen worren mehre, un Otte de ſe probe, word dat wies, dat dat ile Eſſeltrappen wärren, un dat ſe alle na einen Teele henlopen deen. Hm, ſeggte hei bi ſek, dat is ja wunderſam ſnurrig, ek ſeuke na Golle, un aller Utſicht na kome ek mank de Eſſels. Dat drop in, Otte kamm en Sporen na an ene grote Möhle, da was en roth Schild anne, un da ſtund uppe mit fetter Schrift:
431	vers		p092:16	p092:16	Hier ward Alles te Golle vermehlt.
432	kapitel		p092:18	p092:18	De Möhle un de Knüppel im Sack.
433	absatz		p092:20	p092:24	Otte gung umme de Möhle rum un ſochte ob da Water, Wind oder Damp drieben dee; aberſt et was Alles ſtille. Hei kloppe drumme an, un et kamm en Geſelle, de harre ober en fähmſchienigen Rock grote Pluderärmels etrecket un keik e ne half fraend, un doch wedder ſtolte ober de Schulder an.
434	absatz		p092:26	p092:31	Niſt vor ungut, ſäe Otte, nademe dat hei ſinen Peckel afenohmen un en guen Dag eboen harre, ek dachte, ditt wärre e ne Möhle, un ek härre geren, juen Schille na, müldern ehulpen. Kann ek keine Arbeit krieen? — Arbeit is hier enaug, twere de Knappe an. Hei trecke ſine Feddere hinder en Ohre weg, ſchreif Otte in un gaf ene de Anwieſunge dat hei de Eſſels futtern un utmeſſen ſolle.
435	absatz		p092:33	p092:35	Bi de Eſſels mag ek nich, ſäe Otte, ek wolle müldern, aber nich Heckerling ſnieen gahn, ek ſeihet all in, hier ward dat Niſt, hier is kein Water, kein Wind un kein Damp.
436	absatz		p092:37	p092:41	Kein Water, Wind un Damp? lache de Knappe. Jü werd jüg verwundern, hier is Alles, wat ſek en richtig Mülder man wünſchen kann. Ditt is ene ganz afſonderliche Möhle, un de erſte Statſchon is bi de Eſſels. Wer dei ordentlich te drieben un te futtern weit, de kann Gold mehlen.
437	absatz		p093:1	p093:2	No, da umme bin ek ja her ekomen, meine Otte, un up jue Wort nehm ek en Deinſt an.
438	absatz		p093:4	p093:10	De Knappe drücke up en Knopp an Pulte, da klingele dat dorch dat ganze Hus. Ene grote Dör dee ſek up, un et kam en ander Knappe, de was gut bi Liewe, ſau dat en dene wol vor en richtigen Mülder härre anſeihn konnt, manſt Mehlſtow harre de ok nich up er Kledage. Hinder diſſen ſah Otte dorch de Dör en groten Hupen Schriebers, de harren et helleſchen hille, un ehre Schrieberien, dei höre ſek ſau tau, as en Möhlrad, dat ſutchen ummegeit.
439	absatz		p093:12	p093:16	Bi de Eſſels! reip de erſte Knappe den tweiten tau, un de tweite brachte Otte ober ene grote Däle up en wieen gerümigen How, de was ganz taueſloten, un de Meß, de da upehüpet was, dat wärren ile Goldappels, un ut allen Stalldören, da keken de Langohren un reipen ehre ya, ya, ya!
440	absatz		p093:18	p093:19	Otte kreig ene Anwieſunge tau er Futterig un en Inblick in dat grote Möhlengeſchäfte.
441	absatz		p093:21	p093:26	In en erſten Stalle, da wärren de gemeinen Eſſels, de kreen knappe un ſoer Futter, un geiben bi veler Arbeit man füf Procent von Reingewinne in de Möhle; aberſt obſchonſt ſe an wenigſten inbrochten ſau gullen ſe doch vor de erſten Eſſels in Lanne. Se harren ok en hallwegen Prickel, un meinen, ſe lieweren hauptſächlich dat Material vor dat Möhlengeſchäfte, weil des, dat ſe en grötteſten Hupen utmaken.
442	absatz		p093:28	p093:31	De Anwieſer meine, de ſind eigen te nehmen, de latet ſek vel gefallen, man ſtörrig draff ſe Neiner maken, wenn ſe nich partikſch weren ſöllt, un te gut holen drafen ſe ok nich, denn ſüß prikelt ſe de Haber un bi greunen Futter blaſet ſe liechte up.
443	absatz		p093:33	p093:36	O; ſeggte Otte, mit den Veih weit ek umme te gahn, mit dei Eſſels hebbe ek as Junge ſchon ofte te dauen ehat. Gut, ſäe de Upſeiher, denn lat unſch glieks in en tweiten Stall gahn, wo de Warkeſſels upeſtallt ſind.
444	absatz		p093:38	p094:2	Hier ſtunnen nu allerhand Eſſels, wie en ſe ſeltſchen up einen Blecke te drepen plegt. Te erſt, un ehre Hupe was nich de lüttcheſte, wärren upeſtallt de Mach-Handel-Eſſels. De harren alle ene Ramsnäſe, as wärren ſe ut en Morgenlanne rober ebrocht, de dreuen vel korte un lanke Waare, as Spel- un Siedentüg, Pepper, Koffee, Dübelsdreck un olen Peteröl, un jammern un meuen ſek af, dat ehre Gewarbeſchien ſe tau en Schiengewarbe bringen mößte. Se maken vel Wöre un grote Procente, aber de Möhle harre wennig der von, denn ſe vertheren te vel.
445	absatz		p094:4	p094:7	Anders was dat mit den Eſſels, de in Duſteren trecken, de ſlepen Kollen — Iſen — un Zuckerwark, un weil ſe vel un harre te kauen kreen, ſau leiten ſe ok vel vor de Möhle fallen; ſe moßten drumme, as Mehrbegünſtigte, accerat epläet un efuttert weren.
446	absatz		p094:9	p094:21	Up diſſe folgen nu de Muleſſels, de harren en helleſch Snutenwark. Ehre Arbeit was leerbehren, allheil Fraſen, Slagwöre un Anprieſungen, de ſe in partikſchen Sudel- un Woſtebladern inwickeln un dallegten. Se iwern vel un wollen partout nich eſtempelt un na er Tollmate behandelt ſien, denn dat ginge tien alle geiſtige Frieheit, vornut da ſei doch de wahre Geiſtesnahrunge un dat reine Gold ut en deipeſten Gedankenſchachte heruphalen mößten. No, ob dat ſau was? dat was ne Frae; denn ſeer ſe frie wärren von er Stempelſtüer, da ſach en vel Blech un Talmigold in Umlope, manſt dat ſe ſware Waare an Marcht un in de Möhle brocht härren, da von wolle de Upſeiher nich vel eſeihn hebben, un von Otte, da konnen ſek dat noch nich vermauen ſien, dat dei dat glieks utſpinteſiren konne, dei was ja nu eben erſt in't Geſchäfte treen.
447	absatz		p094:23	p094:31	De Upſeiher ſäe tau Otte, mit dene warſt du noch wat te dauen krieen, de ſind allkäuiſch, de dreihet ehre Futter mehr denn thein mal in Mule rum; et ſind vor't Mehrſte Kribbenſetters, Linewebers un Studirte; aberſt dorch ne ordentliche Schaule ſind ſe nich elopen, un von e ner Examenprobe, da draf en nein Wort von fallen laten; denn denne ſchrieet ſe lue up, ober Beindrächtigunge der frien Wiſſenſchaft Wahre dek vor dei, dei raunt en ander wat in ehre lanken Eſſelsohren un weil ſe en ſtänkrigen Athen hätt, ſau blift immer ſau en Bettchen von ehren Eſſelſtanke ſitten.
448	absatz		p094:33	p094:39	Bange maken gilt nich, meine Otte, ok dei Sorte kenne ek, wenn en dene wat in de Swinge ſpicht, denn licket ſe neggen Dae der na, as wärr' et ile Honnig. Aberſt alle Weder! da ſeihe ek noch en Hupen, de ſind mal fiene holen! — De hätt ja blanke Glanzwichſe up en Häuwen un draet gollene Kedden up ehrer witteſtiebeten Boſt, de mött wat under en Häuen hebben, ſüſſ härren ſe wol nich ſau hoge Angeſtröhren upeſett.
449	absatz		p094:41	p095:5	Ach wat! ſäe de Upſeiher, vel hätt dei ok nich under en Häuen, aberſt ſe ſind helleſchen empfindlich tien Verküllunge un tien dat leiwe Weder. Se quaket, as de greunen Lowütſchen, wenn dat glaumet, un dat Water ſtigt, un ſe verkrupet ſek, wenn dat Water fallt, obſchonſt wecke der mank ſind, de mehr up et Fallen, as up et Stieen ſpekelirt. No, Du warſt ſe ja noch beter kennen lehren; wenn dei man Popiere enaug kriect, denn hat dat mit dene keine Noth.
450	absatz		p095:7	p095:12	Wat Dübel! Dat hebbe ek ja min Lebedae nich ehört, reip Otte, dat en Eſſel Popier fritt. Nee, Popier fretet ſe ok nich, twöre de Knappe an, aberſt Popiere ſind ehre beſte Futteragie, un ohne Popiere kummeſt Du bi dei Eſſels nich ut; wenn Du dei aber ſicher uttedauen weißt, denn; makeſt Du de beſten Geſchäfte vor de Möhle, vor de Eſſels, un vor dek ſilben.
451	absatz		p095:14	p095:15	Dat nimmet mek Wunder! — Wo'r ſall ek Popiere her krieen, dat ek de Eſſels futtere? —
452	absatz		p095:17	p095:21	Dat kummet blot drup an, dat Du dek up de Eſſelie gut verſteihſt; en Eſſel is gar ſau dumme nich, dat weißt Du doch von Bileams Eſſel her. Keddere Du man kleineke, un lat et ter rechten Tied nich an Lobhudelieen fehlen, denn ſaſt Du mal ſeihn, wat alle de Eſſels te Wee bringet.
453	absatz		p095:23	p095:27	Damidde gung de Upſeiher af un wieſe Otte ene grote Pumpe, de up et Stiehn un Fallen inerichtet was un ene lüttche Preſſe harre, ut der, na deme, dat en de Schruben antrecke, allerhand Popiere, graue, blaue, witte, keimen, de mit groten Nummern un velen bunten, heidniſchen Blaumen bedrucket werren.
454	absatz		p095:29	p096:3	Otte was nu allene mank de Eſſels un keik ſek de Watertröge un de Pumpe an. Hei grübele ober dat Räderwark na un ſach in de Tröge, de en Stiehn un Fallen nawieſen, Hauſſe un Baiſſe, ja nademe, dat de üpperſte Schrube anetrecket word. Bi ſiner Munſterunge gung ene ganze Tied hen, un de Eſſels worren, weilen ehre Futterungstied kamm, unruhig un maken en abſcheulich Spitakel un Gekrieſche. Da moßte nu abſolut wat ſcheihn, wenn dat keinen Krawall nich geben ſolle. Otte reip ſe oftemalen ter Rauhe, aberſt wat hilpet en Kummando, wenn de Schetteln leddig ſind? — Otte ſach dat in, un meine, mit gladden Wören mößten Einen wol mal ober ene Mahltied weghilpen künnen, un hier heite dat „Tied ewunnen, is Alles ewunnen“. Hei ſteig drumme de Tritte na er groten Futterkiſte rup, hei fate de Swinge, as wolle hei ſe vull Habern dauen un en Stof dorchſeben; fluchs word et ſtille in Stalle, un de Eſſelsköppe richten ſek alle der Kiſte tau, un Otte harre ſine Freude dran, as hei ober de velen Snuten un Langohren keik, de alle up ene luern deen, wat hei wol ut der leddigen Kiſte noch utkramen künne.
455	absatz		p096:5	p096:31	Hei verneige ſek vor der Verſammlunge un wieſe de leddige Swinge. — Verehrte, hoge Herrn von grauen Mäntel, ſprok hei, wenn jü diſſe Swinge anſeiht, ſau wieſet ſek dat ut, dat ſe leddig is, un dat de grote Futterkiſte ok neinen Habern mehr barget; et is alſau ene knappe Tied, un dat drücket jüg un drücket mek, jüg, weilen dat Möhlengeſchäfte nich mehr flotte ummegeiht, un mek, weil ek bi allen Amorteſatſchonen un Extraordinarien neie Gelegenheit finne, jüg under de Arme te griepen. Deme mott afehulpen weren, — afehulpen weren, reipen de Eſſels —, dat Anſeihn der Möhle, un de Ehre von miner Stellunge lätt dat nich anders tau, un ek gebe min feſte Wort, dat ek Alles dauen will, den Credit der Möhle wedder uptehilpen un jue verquitterte Lae wedder uptebetern. (Uptebetern, hört!) Tied ewunnen, Alles ewunnen! Eine inzige Mahltied, de ein Mal oberſlaen ward, bringet er Möhle ſau vele Millionen in, dat en der midde de Pumpe wedder in Gang bringen, un en Credit up et thein- un twintigfake verhöggern kann. Mit juer Inwilligunge, un up en Henwies, dat dadorch ene grote Erſparniſſe ſchieht, werd de Papiere ſocht, un denne kann de Pumpe mit er Snellpreſſe ſau vel liewern, dat et nich mit rechten Dingen tau gahn mößte, wenn wie nich alle heidenmäßig vel Geld krieen wollen, un uſe Stüern un Taubußen mit Plaſier geben können. (Mit Plaſier! ſäen de Eſſels.) Latet mek Tied, un in Korten werd jü ſeihn den Segen, de in jue Kribbe fallt. Ek bin nich vor en Sparſyſtem, Gietz is en Laſter un bringet kein Geld under de Lüe. Alles mott flott un frie, un Jedweder in ſiner Apartigkeit eſchützet weren. Frien Ackerbu, frie Gewarbe, frie Preſſe, frien Handel, Alles mott frie weren, wat nich mit juer Inwilligunge under dat Geſetze brocht ward. Frieheit under en Geſetze! dat leuwen de Eſſels.
456	absatz		p096:33	p096:37	Diſſe Rede make en grot Upſeihn bi de Eſſels, un obſchonſt ſe alle hungrig wärren, ſau harren ſe doch ſau vel inebrocket ekreen, dat ſe vor ditt Mal de Mahltied verpaſſen un gar nich an et Kauen dachten. Se leiten Otte hoch leben, un up ſine Frae, ob ſe ſine Vorſläe annehmen wollen, reipen ſe Alle: Ya! ya! ya!
457	absatz		p096:39	p097:7	Da up gung Otte an de Pumpe un trecke de Schruben an, un de Preſſe gung halwee umme, un de Popiere werren von allen Eſſels, ſau wol von de, de innen wärren, as von de, de butten weien, haſtig enohmen, un et was ene Luſt, wie dat grote Trittrad von en Eſſels etreen word, un wie de Lumpen te Treſoren wärren, un wie ſek de Goldappels up en Möhlenhowwe mehren. De Luſt an en Geſchäfte namm bi en Möhlenknappen tau, un de Schriebers harren enaug te dauen, dat ſe de groten Summen te hope tellten, de alle in dat Möhlengeſchäfte keimen.
458	absatz		p097:9	p097:13	Otte make alle Statſchonen bet in die Oberrekenkamer dorch, un denne word hei, as en utgelehrten Müldergeſellen, frie eſproken un kreig tau Lohne en prächtigen, ſtaatſchen Goldeſſel midde. Dene namm hei nu midde up Reiſen na ſinen olen König, dei ſek da wol ober freuen konne.
459	absatz		p097:15	p097:32	Seer des, dat Otte de Goldmülderie lehre, harren ſek de Wee helleſchen ummewandelt. De vele Sand, de do te malen mit Eſſeltrappen oberſeiet was, as Otte in de Möhle kamm, de was nu mit ſtaatſchen Hüſern un greunen Lowgarens bebuet. Mankedorch trecke ene grote breie Strate, de up dat Water tau gung, wor de drei Inſeln von Nettels Nakomen inne leien. Hier wolle Otte erſt mal vorkieken un ſek en Gaeſtock köpen, de do te malen in Borgdörp bi en Stockfabrikanten Holtke an gladdeſten edreſſelt un lakirt werren. Hei heilt drumme ſtille un gung en Meſter umme en guen Dagſtock an; allene de Meſter meine, wer en guen Stock hebben wolle, de mößte ſek dene ſilben timmern, hei wolle aber der bi ſien, wenn Otte ſinen Goldeſſel in et Rad ſtellen dee. Dat namm Otte an, un et word en raren Witthaſſeln edreſſelt, de ganz ut Luſten kloppe, wenn et tau en Slaen gung. De Meſter biſach ſek den Stock, un as hei ene an ſiner Handhabe na ſiner Armforſche eprobet harre, da ſtok he ene in en Sack. Hei bund ene mit Baſte tau un beſprok ene „Stöckel, Stöckel blief in Sack, hier in diſſen Leben, Free unſch te geben; hett et aber ut en Sack, no denn wett te beben, Holtke, Voggelke, Geben.“
460	absatz		p097:34	p097:39	Otte bedanke ſek bi ſinen Meſtere un namm Afſchied. Blitz geren wärre hei mit ſinen Eſſel un ſinen Stocke ok e mal bi ſinen Veddern in Kerkenöe inekehrt, aberſt da lag noch Alles in deipen Globensdrome, un weilen ein Voe ober en andern kamm, dat hei na Howwe komen ſolle, leit hei ſine ſwarte Verwandſchaft in Rauhe, un reiſe ober de ole Worth ſinen Könige tau.
461	kapitel		p098:1	p098:1	Vor en Kriee.
462	absatz		p098:3	p098:15	Hier bi Howwe was nu ſer Ottes Mülderie un Dreſſeliee allerhand Kribbelkerig vorekomen, un et was ene ganze Aeſige Unrath utteräumen. De ole König harre zwars all vel vorboten laten; hei harre dene von Warkö Gewarbefrieheit egeben, de Tollgrenze upehoben un en Münzverdrag emaket, ok harre hei ene Einigunge in Globensſachen inefähmelt, un was eben der bi, mit ſinen Frinnen ene Conventſchon interichten, up dat hei Alles einen wolle tau en Beſten ſines Lannes, in Globensſachen, Credit un Heerweſen; aber all ſin Afmeuen was ummeſüſſ; feuere hei hotte up er Frieſtrate, denn gung dat ſinen Veddern te wiet rechts, un denn leiten de Hü angahn, un de Wae heilt an, un de Pere bleben ſtahn; gaff hei na, un leit de Töggel links anrecken, denn harren ſek de Veddern wedder beſunnen un reipen: hotte, hotte, hotte!
463	absatz		p098:17	p099:4	Ane Moleſten geit dat, wenn Emmes wat utrichten will, ſcheier nein mal ganz af; aber ſaune Stemmerie was ok en olen guen König te vel. Hei word mißmäuig up ſine Veddern un Frindſchop, vornut, as ſine ole Möhme ehne umme Hülpe angung, un Nemmes mit ene te hope gahn wolle. Ditt ſtünd ſau: Den olen König ſine Möhme was te dem male, as Otte von ſiner Reiſe wedder na Howwe kamm, Widdeweſche, un harre ehren Söhnen un Döchtern all ehre Arfdeil un Middegaft egeben, man allene vor de beien jüngeſten Mäkens, da was dat Land- un Arfgut noch nich afelaten, de ſtunnen noch under Tucht un Vormundſchaft. Diſſe beien Mäkens nu, de Twillinge, un Wäſchen wärren von en olen König, de heilen helleſchen grote von't ander, un harren ſek all ganz freu dat Wort egeben, dat ſe ehre Lebedae nich von en ander laten wollen. Se wuſſen te hope up un harren ſek leiw, as en Paar Inzeparabels, un de ganze Minſchheid freue ſek ober de beien Deren, de in de Mäkensjahre keimen, un rieke, gladde Jungfern wärren. Ehre Vormund, obſchonſt hei all oldere, harre doch en lüſtern Oe up de beien Mündels, vorbat up ehre Middegaſt. Hei harre ſek drumme von ehrer Frindſchop verſpreken laten, dat ehne de, de ene an nächeſten ſtund, anetruet weren ſolle, un dachte all dran, dat de andere, weil des, dat ſe beie nich von en't ander laten wollen, denn ok bi ene intrecken mößte. Datau ſtimme na butten hen bi de Bäre, de Arpel un de rohen Apen, un bi innen en grot Part von lüttchen Patchakers von Bräuern, Sweſtern un Vaddern, ſau dat de Vormund ſek in Harten ſchonſt da up freue, dat hei nu balle de beien Inzeparabels bi ſek infängen könne.
464	absatz		p099:6	p099:18	De Frigat was inefähmt un in beſter Utſicht, denn en nächeſten ut der Frindſchop, den harre hei utekoft, un et konne Nemmes gegen de Hochtied Inſprake dauen, as alene man de ole König, ſin Brauer in Middag un de ole Mudders; de ole Mudders aberſt was malakſch un krank, un harre all ehre Gut all afegeben, de Brauer aber gönne den olen König nich, dat dei ober dat Fortkomen ſiner Wäſchen te erſt en Wort midde te ſeggen hebben ſolle, un de andere Frindſchaft meine, wat ein mal verſproken wärre, dat mößte ok eholen weren, un ſe härren blot en Recht der tau de beien Twillinge in Upſicht un Schutz te nehmen, dat ſe aberſt de Plicht härren, ok dat Verſpreken der beien Twillinge te achten, dei ewig bi en ander blieben wollen, da harren ſe niſt ober, ſe tucken de Schuldern, un meinen en Wort von Kindern egeben, härre niſt te bedüen, un oberhaupt wärre en Wort kein Dönderſlag.
465	absatz		p099:20	p099:22	Sau was denn en grot Jammern un Wenen bien Mäkens, un en abſcheulig Hulen un Wehklaen bi er olen Mudders, de vor Sorge umme ehre Kinner keine Nacht ſlapen konne.
466	absatz		p099:24	p099:28	Der Frindſchaft was dat ok nich ganz recht um et Harte, aberſt ſe wage niſt un dee niſt, un de ole König, dei wol geren ehulpen härre, dene helt ſin Brauer et Wedderſpel; da ſtorf ganz unverſeihens de Vormund von en beien Twillingen, un nu meine ſin Nafolger, hei härre dat grötteſte Recht, up er Stunds de Inzeparabels intefängen.
467	absatz		p099:30	p100:8	As de Mäkens ditt hören, da werren ſe ſtrebe un wehren ſek, un weil ſe vel Anhang harren, ſau gaf dat groten Krawall. De Nafolger in er Vormundſchaft, dei word ok biſtrich un leit ſine grote Dogge los, un hiße de beien junken Sweſtern ober dat Geeſtland, bet an de Stidde, de von der Rennig nu Rennsborg het, un et was up en Haar, un de Dogge härre ſe fatet; aber en Wort, dat ſek fromme Herzen egeben, is en feſte Bollwark, dat kein Fiend breken kann, vel wenniger ſauen döniſchen Hund. De beien Sweſtern heilen ehre Wort, dat ſe bi en ander blieben wollen, wenn ſe ſek ok verwünſchen mößten. As nu de Dogge nächer kamm, un ſe nich mehr utwieken konnen, da hucken ſe beie in et Meer, un jedwede word ene Seerauſe. De Dogge renne na; aberſt umme de Rauſen ſlinge ſek ſau vel Tang, un et wuß ſau vel Schelk un Rohr up, dat dat böſe Deiert nich ran ſwimmen konne. Da hule dat Beiſt vor Wuth un ſette wedder an et Land un kleie vor Ingrimm un Iwer grote Löker in en Bodden, un ſmatt grote Sandhupen up, as woll et de beien Rauſen te Lanne belagern, man dat Water was en Rauſen gut un ſpeule den Sand in de Deipe. De beien Rauſenblaumen vor bi na, de Sandkuhlen un de Dämme aberſt, de de Dogge uppeſmetten harre, de bleben ok, un hetet drumme noch hütigen Daes de dönſchen Warke.
468	absatz		p100:10	p100:19	De ole Mudders von beien Twillingen harre ſek nu grulich; ſe wene bittere Thranen un gung noch mal en olen König an, dat hei doch endlich ſine beien Wäſchen erlöſen un von den grobben Beiſte frie maken ſolle. Ditt ſchach gerade, as Otte Veihwann mit ſiner Vadderngabe, ſinen Goldeſſel un ſinen Knippel in Sacke na Howwe kam. Majeſtäten, ſäe hei, de Mülderiee un de Dreſſeliee is nu vorbi, Alles te Majeſtäten beſten Deinſte. Latet de Bedreubeten un Nothlieenden nich mit leddiger Hand von jüg, juer Möhme Thranen gaht mek te Harten un jue un juer Söhne Wort is en beien Rauſen as Pand egeben, hülpet, Majeſtäten, jü ſind de Nächeſte der tau.
469	absatz		p100:21	p100:29	Veihwann, ſprok de ole König, wie jü denket, ſau feule ok ek. Et is ene Schanne, dat ſek mine Wäſchen tau Seerauſen verwünſchen un ſek vor der Dogge verkrupen mött, temalen mine tappern Kriegeslüe verſproken hätt, ſe wollen ſe hülpen. Nu wieſet, ob ſek jue Eſſel un jue Stock ok bewährt. Dat hat keine Noth, de willen ſek wohl maken, meine Veihwann, aber ek hebbe leſen: „Wutt Du oppern, ſau verſöhne Dek te vor mit Dinen Brauer“ un drumme wärre et gut, wenn jü juen Brauer middeneihmet, eier wie de Dogge mit en Stocke drauen; de Dogge is gut Frind mit en Arpel, en Bären un en rohen Apen.
470	absatz		p100:31	p100:32	No, wenn dat einmal ſcheihn mot, ſau mag et er umme ſien; aber et ſwant mek, min Brauer hat Nücken, un ſin Adler hat twei Köppe.
471	absatz		p100:34	p100:42	Otte gung nu hen an en Howw von en König ſinen Brauer un begüſeke ehne un föddere kleineke, dat de beien verwünſcheten Prinzeſſinnen ok ſine Wäſchen wärren un en Anrecht up de Hülpe von ehrer Mutter Brauer härren, dat dat ganze Land ſek da hellenſchen ober freuen wolle, wenn de beien Königsbräuer einen Strang trecken un de Twillinge erlöſen, dat ſe der nacher jeder na Wunſche de Mäkens under de Haube bringen künnen, un dat von nu an in de ole aneborene Frindſchaft — ſe wärren doch Bräuer — nein Hickhack, un Wedderſpel mehr komen ſolle.
472	absatz		p101:1	p101:6	Den olen König ſin Brauer höre dat geren un dachte bi ſek: Geit din Brauer allene de verwünſchten Prinzeſſinnen te erlöſen, denn kannſt Du dek dat Mul wiſchen un haſt dat Nakieken, geiſt Du midde un wahrſt en Bettchen Dinen Vorthel, ſau treckeſt Du de Fettfeddern un haſt dat Räumen dervon: din Brauer mag denn ſeihn, wie hei dek wedder los ward.
473	absatz		p101:8	p101:10	Hei ſeggte de Hülpe tau un lehne den olen Könige ene Forke tau en Stecken. Alle Welt freue ſek ober de Indracht, un jedweder jubele, dat nu de beien Seerauſen erlöſet weren ſollen.
474	kapitel		p101:12	p101:12	De Kriee.
475	absatz		p101:14	p101:22	Nich lange drup, da keimen ſe te hope an der Stidde, wo ſek de beien Twillinge verwünſchet harren, un heilen Rath, wie ſe de Dogge ſtille maken un an en Bänd nehmen wollen. Dat was nu ſau lichtferrig nich; denn an der Verwünſchungsſtidde, da harren ſek en Paar Veddern upeſtellt, de wollen nich wieken, aber ok nich midde anfaten; ſe heilen da up, et mößte Alles bi en Olen blieben, un ſtunnen ſau den beien Bräuern in en Wee. Da word de ole König verdreitern un wieſe ſine Veddern weg, un dat gaf en groten Hupen Groll un Verdruß, dene de Afewieſeten midde na Huſe neihmen.
476	absatz		p101:24	p101:32	Dat was de erſte Unfree. De tweite kamm dervon, dat de Lehnsforke, as de Königesſohn up en Sliee an et andere Euber make, de Milbe up er linken Halbe nich te rechter Tied dervon in Kenntniß ſette, dat de Milbe, weil de Forke glieks los ſtok, ſek nu nich in de Dogge infreten konne, un dat de Dogge nu dervon renne un Rietut namm. Da ober leiten nu de Muleſſels en abſcheulig Räumen dorch alle Welt lopen, un vertellen vel von der Forke ehren blanken Tacken; de Milbe aber verſpotten ſe, weil dei in et leddige Neſt der Dogge te ſpäde komen was.
477	absatz		p101:34	p101:37	Den olen König un Otte was ditt hellſchen ſchanierlich, de Dogge aberſt kamm glücklich dervon, un et duere nu ene ganze Wiele, bet ſe ſe ober et Water jeuen un ehr tauraupen konnen: „Tewe geiſt'e, wutt de na Hus!“ —
478	absatz		p101:39	p102:2	De beien Sweſtern worren indeſſen erlöſet, obſchonſt manche rohe Blautdruppe up ehre witte Winterkled follt, de wol härre konnt eſpar weren, wenn de Milbe te rechten Tied Naricht ekreen härre. Se keimen, weil ſe noch nich riepe wärren, wedder under Vormundſchaft, un weil e ſek dat Wort egeben harren, dat ſe ewig bi en ander blieben wollen, ſau word dat ſau inerichtet, dat jedweder Brauer eine Wäſche ter Uptreckig kreig, dat ober beie teſamme ſe bevormunden.
479	absatz		p102:4	p102:14	Dat was nu de dridde Anlat tau en Unfreen. Was de König ſtrenge, denn was ſin Brauer lüiſch, heilt de Eine up Ordnunge, denne vertrecke de Andere ſin Mäken, un de Mäkens ſilben wärren mit ehrer Vormundſchaft ok nich tefreen un feulen ſek nich behäbe. De Muleſſels geiben tau en heikeln Gerichte noch ehren Semp, un de von Rennsborg afewieſeten Veddern ſmatten da noch Pepper an. Da, as de Hickhack noch grötter word, da word de Lehnsforke terügge raupen, un alle lüttchen Bären- un Löwentüchter keimen in er ſtolten Riekesſtadt wedder te hope un berahen ſek, un ſtimmen alle da in oberein, dat ſe den olen König wollen Executſchon ſchicken; in Stillen aber deilen ſe all ſin Land un wollen ehne wedder tau en Marquis maken.
480	absatz		p102:16	p102:21	As de König un Otte Veihwann ditt hören, da worren ſe unruhig in Gebläute, un Otte ſprok: De Verſammlunge hat kein Recht tien einen, de vor et Ganze ene andere Meinunge hat as de andern, Executſchon uteſpreken, un wenn de Verſammlunge von ehren Vornehmen nich aflätt un up Executſchon beſteiht, denn het dat Krieg, un wenn dat Krieg gift, dene latet wie maſchiren.
481	absatz		p102:23	p102:26	Ditt verdrot nu de Veddern in er Riekesſtadt uter maten, un ſe maken ene abſcheulige Weuleriee bi en Mach-Handel-Eſſels, bi en Muleſſels un bi en Deckhahnen un Kappelhahnen, de von Kerkenoe herober komen wärren.
482	absatz		p102:28	p102:36	Krieg können ſe gar nich bruken, meinen ſe, da tau härren ſe gar keine Tied. Se mößten wat verdeinen, denn dat Möhlengeſchäfte ginge ſlappe umme, un de Popiere ſtünnen ſlecht, un et wärre oberhaupt nich mehr paſſig mit Krieg te drauen. De Entele mößte ſek under de Mehrheit begeben, ſeggten de Kappelhahne, un de Stärkere mößte chriſtlich terügge gahn, wenn da kein Brauermord, wie bi Kain un Abel, utkomen ſolle, un datau können ſei ehre Wort nich geben, un dat ganze Volk könne dat mit Gelle nich underſtützen, da tau härren ſe kein Geld, un da tau wollen ſe ok nich bithalen.
483	absatz		p102:38	p102:39	Saune Rede was nu Otte gar nich nehme un brochte ehne ganz uter ſek. Hei gung drumme der mank un ſprok lue un verſtändlich.
484	absatz		p102:41	p103:10	Dei frommen Lüe, dei hätt gut föddern un ehre lanken utwenig elehrten Litaneyen von chriſtlicher Duldunge un Nageben afteleyern, de holt ehre linke Backe nich hen, wenn ſe wat up de rechte krieet, de denket nich der an, ſek as gedullige Lämmer afſchlachten te laten, wenn ehre Brauer all dat Slachtemeſt ſcharpet. Wat is dat vor en Snack von Kain un Abel un Brauermord? — hätt wie nich Alles edahn, as wie uſen Brauer upfodern tau er Erlöſunge uſer verwünſcheten Prinzeſſinnen, de wie doch mit der Tauſtimmig von Allen nich under der Macht der Dogge laten konnen? — Hätt wie nich in aller Frindſchaft te hope de Vormundſchaft obernehmen, un nu krieet wie et mit heimlicher Weuleriee te dauen, mit Uprauer, mit drauen un mit Executſchon? Wie künnt et nich taugeben, dat uſe Mitbörgers in ehren Hüſern bedrauet un mit Inquartirunge un Contributſchon belegt werd.
485	absatz		p103:12	p103:19	Executſchon het Krieg, un Krieg koſtet Geld, dat is wiſſe, un wenn unſch nich gutwillig Geld egeben ward, denn nehmet wie et, wo wie et krieen könnt, un et is jue Schae, wenn jü unſch nich mit vullen Hännen entien komet; denn geiht et unſch ſlechte, denn geiht et jüg ſchon lange nich gut, werd wie eſtrafet, denn werd jü eſlan, geiht et unſch an Kragen, denn geiht et jüg an't Leben. Drumme kein Fedderleſen mehr, gebet Geld! Et is nu einmal nich anders, Executſchon het Krieg, un Krieg is kein Brauerſtückſchen.
486	absatz		p103:21	p103:30	De Eſſels keken ſek en ander an un maken lanke Ohren, un as nu Nemmes dat Wort namm, da nicken ſe alle mit en Koppe, un de Muleſſels neihmen ſek up un ſchreben in allen Blädern, et wärre Swäche un Malatſchigkeit, wenn einer da noch wat der gegen ſeggen wolle, wat Veihwann ſau glippe un klar utenanner eſett härre, un wie wol ſe erſt etwiewelt un ganz anders edacht harren, ſau meinen ſe nu, dat et an er Tied wärre Patriotismus te wieſen, un et word en grot Kriegesjubel, et gaff keine findlichen Bräuer mehr, et wärren er man blot noch Slowaken un Muſefallenkerels, un alle leiten nu Gold fallen un maken de Kriegslae vull.
487	absatz		p103:32	p104:7	Nademe, dat Otte diſſe Rede daen, un ſek de Stimmunge rummereſmetten harre, da gung hei na ſinen König. Majeſtäten! jue Frindſchop meint dat nich ehrlich, ſäe hei, ſe hätt en groten Rath afeholen, un de Executſchon is vor der Dör. Ek hebbe mine Lampe aneſtoken un min Speil wieſet mek Krieg. Teuben is nich un et is beter ſlaen as Släe krieen. Ek rahe drumme, dat Majeſtäten dat Wort der tau gebet, dat ek minen Knüppel ut en Sacke late. Wat? ſeggte de König, Veihwann meinet jü vorwahr, dat min Brauer un mine Frindſchop mek mit Krieg obertrecken können! — Dat kann nich miglich ſien, ſe ſind immer ſau frindlich tien mek eweſt, un wat härren ſei un ek er von, dat wie unſch bläuige Köppe halen; ek möchte nich de erſte ſien, de Blaut verſpritchen dee, Blaut is en raren Saft, un Blaut pläcket, un de Pläcken gaht nich lichte ut; is dat aber ſau, as jü vermauet, ſau mött wie unſch ſichern, un drumme willen wie de Mannſchop up en Krüzewee laten; denn de wille Jagd meiet en Drieweg; oder ſe geiht der hinder dorch, meine Veihwann, un drumme, dat rah ek, latet maſchiren.
488	kapitel		p104:9	p104:9	De Krieg.
489	absatz		p104:11	p104:27	De ole König ſchuppere ſek noch un gaf dat Commando de Wee te beſetten! aberſt de Voen, de de Naricht henbringen ſollen, wärren lahm elegt, de Blitzpere harren de Iſen verloren, un ſau kam dat, dat Veihwann ſin Wille dorcheſett word; denn ſin Updrag konne nich afbeſtellt weren. De Knüppel word elöſet, un de Goldeſſel obergaff ſek un leit fallen, as härre hei wat inekreen, un dat Laken Deckedek gaff Spieſe un Drank. Et bullern de Waens dorch dat wiee Land un de Erdbodden dröne von Hauwiſen der Pere, de Straten bebbern von en Marſchtritte der Mannſchop, oberall blitze't un dändere't, un de Barge zittern von'en Hurrahraupen der Kriegeslüe; de ole König hänge ſine graue Mäntele ober un ſette ſinen Helm up, hei beſteig ſine ole Stute „Sadoben“ un trecke ſinen Degen. Da werbele et in er Lucht as von Snieplocken ut Blie- un Iſenſpäunen, un in en leiwen Weder, dat ober en Böhmer Wold hentrecke un dalleit, as de Königsſohne mit ſinen Lehmops hinder en Bargen herkamm, da worren de Fiende beringet un verbiſtert. Et word ene grote Slacht eſlaen, de tau en ewigen Angedenken von en frommen olen Könige Königes Dank enennt word.
490	absatz		p104:29	p105:8	Alles gung glücklich af, un as nu ok en König ſin Voggel dat lüttche Rowveih un de Löwen verjahet harre, da make hei Free te Siegborg un wolle Alles biholen, wat ſine praven Zaldaten innenohmen harren. Hei was vuller Siegesluſt, aber Otte höre en Bären brummen un de rohen Apen krieſchen, un harre enaug te dauen, de ſtille te krieen. Wie dat ſchach, dat is Nemmes wies eworren; aberſt man kann ſek dat all denken; dem Bären word wiſſe Honnig an en Bart eſmert, un de rohen Apen worren de Appels un de Druben ewieſet, manſt nich tau en Anbieten, nee, man blot tau en Beſeihn, wat Otte „Lat dek du narren“ heit; mit den frommen Deckhahnens aber kamm en oberein, dat alltevel Segen en Minſchen nich gut wärre, un dat ene Wanne ſien mößte tüſchen Mein un Dein. Dat word denn ok na velen Hen un Herterjen te Enne brocht dorch Anectiren, Cediren un Uplaten, un as dat Alle ſcheihn was, da gung Otte under en Mach-handel-bom up er olen Worth un fund under ehne en gelen Appel von Geres Gurte, de was riepe un hei namm ene up, un brochte ene ſinen olen König, un ſprok: de is riepe un de andere mott ok balle affallen, aber ek kann ene noch nich riepe te ſeihn krieen, ſchüddele nich te freu, Fallobet kriegt lichte Pläcken un fult, de Tied riepet Alles, un de tweite Appel ward jüg ok in en Schot fallen.
491	absatz		p105:10	p105:15	De ole König, wie wol hei ſchonſt Anbietſchon harre, was nich rachgierig, hei gaff na, un et word wedder Rauhe, manſt en grot Hupe Niedhammels un de rohen Apen konnen dat nich oberwinnen, dat de ole König ſek na ſinen Strapazen in en warmen Bae utrauhen wolle, da meinen ſe, et wärre de beſte Tied der tau, in ſine Wienbarge un Appelgarens intefallen.
492	absatz		p105:17	p105:28	Se fängen, weil des, dat dat under en wiſſen Schiene von Recht ſcheihn ſolle, de Nergelie mit en Schienkope von ener lüttchen Garenecke an, de, weil ſe ſe nich afluchſen konnen, von da an Luxenborg enämſet word, un ſau vel Kummer un Kribbelkerig make, vornut, weil ut en Kope Niſt word; aber ſe leiten nich na. En Salbader, den ſe den olen König tauſchicken deen, de harre in Bae bi en König en unſeerſchen Plack anedropen, de en olen König lichte in Ragie brochte, wenn en dene anröhen dath. Dütt was ene Liekdöre von hohen't Oldern her, de en olen Könige juſtemente boben en Harten ſatt un von der de Wörteln bet in en Kopp trecken. Diſſe drei Wörteln wärren: Stolt up de Apartigkeit, Stolt up de Fomilig un Stolt up dat ganze dütſche Land.
493	absatz		p105:30	p105:31	Na en Updrae von en groten Könige der rohen Apen nu, make ſek de Bader ran un ſolle die Liekdöre operiren.
494	absatz		p105:33	p105:35	De ole König ſegte, lat dat gut ſien, dat ſitt mek an Harten; de Bader aber meine, de Wörteln ſauner Liekdöre, de mößten ut en Grunne nohmen weren, un hei beitze drober hen. —
495	absatz		p105:37	p105:42	Da reip de König: dat brennt! aber et mag hen gahn, de Rof ſtött ſek balle wedder af. De Bader griene, un wieſe ſien Meſt tau en Utſnieen von den ineſieketen Kreienoe, dat in der Fomilig arflich was. Da ſprok de König: dat ſchient mek, as wärre et nich anteſeihn un afteholen, denn dat geiht in de Glieder, doch ek will min Möglichſtes dauen, dat ek de Glieder ſtille hole.
496	absatz		p106:1	p106:2	Da lache de Bader vor Luſt ut vullen Liebe, hei fate ene Moppſe un wolle den König brandteiken un binnen.
497	absatz		p106:4	p106:9	Dat was te vel, da teratt de König de Bänne un ſchriee lue up vor Entrüſtunge un Weihdae: „Ek ſolle mine Näſe beſchimpen un mine Fomilig beſmeren? ek ſolle mek un min ganze Volk bekläckern un up ewige Tied verſpotten laten? — Wat nich geiht, geiht nich. De ewige Richter ſall en Sticken ober unſch breken, aberſt frie willt wie blieben bet in en Dot vor witt, ſwart un roth.“
498	absatz		p106:11	p106:26	Nu wedderhalle un dorchdröne dat dat ganze Land, un all Volk word vull Iwer un Groll up de rohen Apen von wegen der quaten Behandlunge ſines leiwen grieſen Königes. De rohen Apen erklären en Krieg un ſochten Biſtand bi den niedhämlichen Veddern un Wäſchen un bi allen Untefreenen, de do te malen immer noch in heimlicher Findſchaft leben ober den Verdrag von Siegborg, ober de Anecſchonen un ober den Striet in Sachen det Globens, det Gewarbes un der Stüern. Man de Groll up de rohen Apen was noch grötter, as de Unfreen in Lanne. De Veddern un Wäſchen, wie wol et ſe nich ganz midde was, gungen mit en olen König, un jedweder fate na en Degen un ſtelle ſek under dat Gewehr. Otte Veihwann knütte ſinen Sack wedder up, un de Knüppel word los. De Goldeſſel make von ſilben Kladderadatſch un Snedderain—tain—tain, dat et de Art harre, un ober alle Iſenbahnen breie ſek dat Veihwannſche Diſchdauk ut mit allerhand Leiwesgaben von Stullen, Koffee un Toback, un nein Minſche harre Noth, un et word vel verthert un noch vel mehr edrunken.
499	absatz		p106:28	p106:33	Da maken ſek de rohen Apen, de neinen Biſtand funnen, Bollwarke, as de Multwörme un verkropen ſek in er Ere, aber en König ſine Lüe puſten ſe wat in de Löckere un dämpen ſe ut. De in et Frie keimen, de ketteln ſe in, un ſe fängen ehren Apenkönig un beringen ehre grote Apendörp, de aber butten leien, de ſmatten ſe in de Barge, dat ehre Nabers lange der an te futtern harren.
500	absatz		p106:35	p106:39	Sau was denn nu de Apenkrieg ok vorbi un et word wedder Free. De Stimmunge ändere ſek, un dei den olen Könige an mehrſten te weddern eweſt wärren, de ſtellen nu en Andrag, dat de König ſolle Kaiſer weren. De ganze Frindſchop ſo wol, as de biſtrigen Veddern reipen lue:
501	vers		p106:41	p106:41	Hoch en Kaiſer!
502	absatz	ja	p106:43	p107:2	un dat ganze Volk mit ſamt de Eſſelsmöhle ſtimme midde in, un ſe harren nu wat ſe all lange ohne Meue un Blautlaten dorch Einigkeit härren krieen konnt.
503	absatz		p107:4	p107:8	De Kaiſer make Otte tau en Förſten, un Alle keimen heme un fieern Feſte un heilen Hochtied; Otte aber gung wedder under en Mach-handel-bom up er olen Worth, un fund den tweiten Appel, de derwilen riepe worren un afefallen was, un brochte ene ſinen frommen olen Kaiſer tau en ewigen Angedenken.
504	absatz		p107:10	p107:20	De beien Appels, de an Geres Liewgurte ſeten harren, wärren nu wedder bi en ander, aber de eine was up ſiner Sunnenhalbe pläckig, weil des, dat Keiner, as dat Kaiſerhoch dorch dat Land döndere, ene mit Vorſicht upefänget harre, un et ward nu wol noch manch ein Sommer un Winter der ober hengahn, ehr de Pläcke dof un tuff werd. Otte un de ole König harren ehre Plicht edahn, un de Swansfeddern harren ſe der tau ebrocht. De Vöſſe, de Miäntchen un de Spinne harren dat Spor ewieſet, un de junken Dannen mit ehrer Handreckig un ehren Upſcheiten na en Sunnenlichte, un de flietigen Immen mit ehren Honnigdronen harren tau en Streben na den hogen Tele upefodert; dat Graumänneken aber harre Alles tehopefatet in:
505	vers		p107:22	p107:22	„Ehre de Meinheit un wahre de Apartigkeit.“
506	absatz		p107:24	p108:12	Seer des, dat ditt Wort gänge un gebe, von Otte un en olen grieſen Könige befolget word, kamm nu de Frieheit vor en Enteln, vor de Fomilig, vor en Stamm un vor dat ganze Volk, aber de Spauk von Vorrecht un Verdeinſt ſpeuket noch in velen Köppen na, un dat kann ok nich anders komen, denn de Olen ſtarbet ut, un de Junken werd nich klauk vor Jahren. De von Warkoe gebet immer noch vel up Gut un Geld, de von Borgoe up Ehre un Inſtructſchon, un de von Kerkenoe, wie wol ſe all ofte ehren Rock ewendt hätt, bliebet noch immer bi en Baukſtaben ſtahn, un baukſtabiret na oler Wieſe fort, d—a—t—, dat moßt du globen. Dat Laken Deckedek gift noch alle Dae Spieſe un Drank, man mott et man richtig uttebreien verſtahn, un ut en Speil kann en noch jeder Tied dat Weder vorherſeggen, wenn en de Lampe anteſteken verſteiht, wie uſe Wederprophete Docter Flunkerfaut. De Knüppel in Sacke is niet lakirt wedder ineſtoken, un ek will et Keinen rahen, ehne wedder rut telaten, denn denne gift et en Unglücke. De Goldeſſel is zwars, weilen hei te vel laxirt hat, under einen groten Krach tehopeſchoten; aber bi alle deme ſchient hei ſek, wie ſelige Docter Geſerig ſeggt, wedder te verhalen; denn de Swansfeddern ſind gut upehoben, un de Globe an de Swansjungfer Gere loppet immer noch dorch dat dütſche Land. Zwars hat ſe Nemmes eſeihn, aber as Victoria is ſe oberall uperichtet mit engen Gurte un gladder Boſt. Epluſtert is ſe noch hütigen Daes, et fehlt ehr immer noch ein Paar Feddern in ehren Fittigen; wenn aber ein mal Ein kummet, de den Gurt te löſen verſteiht, denn ſind ſek ok dei Feddern wedder, un denn kummet Gere unſch ganz terügge, un dat Mal as gladde, junke Frue. Ehre Boſt ward denn rund, ehre Gurt deit ſek ut enander, un ſe word denne All-Lannes-Mutter. Manſt da ward wol noch en bettchen Tied ober hengahn, un da ward noch manch Wunder ſcheihn mötten, denn wie ſind itzund knappe bi en dridden Wunder anekomen.
507	kapitel		p108:14	p108:14	De Wunder un de Peiter-Fiſcherſche.
508	absatz		p108:16	p109:8	Dat erſte Wunder, wat wie bi lebet hät, dat was en Rock ohne Nath. Wie en Rock ohne Nath emaket weren kann, dat is all wunderlich enaug, aberſt noch vel wunderbarer was et, dat ene lahme Fiſcherſche bi ſinen Anſeihn wedder beinig un dänzerig word. Dat tweite Wunder was de Upnahme ohne Pläcke, ſau ne Art Parthenogenie, wor de Wibekens keine Chapeaus mehr nödig hätt, un de Bottervöggels ganz allene utfleiht; dat dridde Wunder aber, un da ſin wie noch inne, dat kam da uppe rut, dat Peiter Fiſchers ſine Frue den Pantuffel ſau hoch behre, dat ſe ohne Fehl den Nägel immer up en Kopp drepen moßte. Wie dat kamm? dat kamm ſau. De ole Peiter-Fiſcher harre eines Daes en Manntche fänget un ſiner Fruen vertellt, dat de Butt in de See harre ſpreken konnt. De Frue harre ene denn lange extert, dat hei dorch ſin Bidden un Beddeln et bi en Manntche dahen brochte, dat ſine Frue de üpperſte in der Chriſtenheit word. Dat was nu all wol vel, un ſe härre da ſchonſt enaug anne hebben konnt, aber ene ole Mudders kann vorwahr nich te vel krieen, vorbat, wenn et ehre Kinder bedrippet. As ſe nu det Morgens ut ehren ſwaren Sorgendrome upwake, weil des, dat noch vele von ehren Krabaten as Heiden upwuſſen un andere oberklauke Kinders von ehrer Memme niſt wetten wollen, da meine ſe, wenn du doch wärreſt, as de leiwe Gott. Et was grade in er Morgenſchämmerig, un ſe keik dorch et Fenſter, as Mand un Sunne te lieker Tied an Hewen ſtunnen, un ehre glaume Lucht ober de Bettsbüre utgoten; da meine ſe, Joſua hat doch na ſinen Willen Mand un Sunne tau en Stillſtanne brocht, worumme ſolle ek dat nich ok künnen? Se gaff mit en Ellebogen ehren olen Peiter Einen in de Ribben. Peiter, wat ſleppeſt du un läſt dine Frue ſek in Kummer afmeuen? — De Sunne ſteit all hoch an Hewen, un de Mand kruppet balle under, ſtah fluchs up un gah flink na en Manntche, un bidde ne, dat hei mek ohne Fehl maken, un ober Sunne, Mand un Sterne, un ober de ganze Welt ſetten ſolle.
509	absatz		p109:10	p109:16	Wat wolle Peiter-Fiſcher maken? — Sine beſte Halbe harre dat ſau ewollt, ſine Ribben deehn ehne weih, tau ener Freupreddig mit heikeln Wören ſpöre hei kein Verlangen mehr, hei heilt ſek vor en friedſam, ſimpeln Mann, dei ſiner Fruen nich geren wat in en Weg legte un ſau gung hei denn, wie wol et ehne nich grade na Koppe was. Hei hucke fluchs in de Buxen un leip ilig; denn hei höre hinder ſek dorch bi innen ſine Frue ſchillen un ſchraulen.
510	absatz		p109:18	p109:21	Hei kamm an't Water un ſmatt ſine Angel un reip na en Manntche. De Manntche tocke allwol, aber hei batt nich, hei ſpele mit en Worm, et was kein Weder in Antoge, un en Butt hat ſine Tied, wo hei bitt, un wo hei nich bitt.
511	absatz		p109:23	p109:30	Sau kamm et denn, dat Peiter-Fiſcher en ganzen Dag verangele un Niſt utrichte; ſine Frue aberſt dachte, anzant de Mann angeln gung, wat liehſt du hier noch in dinen Sorgenbedde? — hätt de Weltlichen all ſau vel ewunnen, wat wolleſt du nich bi dinen Geiſtlichen utrichten? de Manntche is en gut Mann, un Peiter gilt vel bi en Manntche. Se ſprung haſtig up un ſchref vele Breiwe un Rundſchriebens, dat ſe von Stunne an unfehlbar wärre, un dat er de ganze Chriſtenheit horſam ſien mößte.
512	absatz		p109:32	p109:40	Dat make vor't Erſte en grulig Upſeihn, un de Groten up ehren Schüddelſtäulen kreen dat Bebbern in de Knoken; denn ſe wußten, dat Peiter-Fiſcher dat Angeln verſtund, un dat et nu de Groten ok emal drepen konne. Silbeſt den olen guen Kaiſer word nich gut te Sinne, denn wat was da te maken, wenn de Breiwe von Peiter-Fiſcher ſiner Fruen gillen deen? — Mit en Regimente was et denn ute, vornut, as de Deckhahnen un Kappelhahnen in Lanne rummerherleipen un en Lüen vertellen, dat de Breiwe von Himmel efallen wärren. Sien Wort gult denn nich mehr, un et gult denn ok kein Eid un Fahnenſweren.
513	absatz		p110:1	p110:3	De ole Kaiſer leit drumme Veihwann komen, un Otte ſtok ſine Lampe an un keik in en Speil; aber de Speil wieſe niſt, as en grot gladde Glas, up deme ſek de Lucht un de blaugraue Hewen ſpeile.
514	absatz		p110:5	p110:10	Majeſtäten, dat is ile Spauk un Wind mit den Breiwen, ek ſeihe niſt un höre niſt, nich e mal en Hahnenkrieſch lätt ſek vernehmen, dei up en nien Dag henwieſe. Wind mag dat allwol ſien, ſäe de Kaiſer; aber Wind maket Rumor un ek will Rauhe hebben, Veihwann, jü mött wedder en Spore nagahn un ſeihn, wor de Wind herkummet un wo he henweihet.
515	absatz		p110:12	p110:16	Dat is ſwar ſpören, Lucht lätt keine Tappen, un ek ſin kein Voggel, de en Idealen naflicht, ek hole mek an't Reale. Latet unſch en Tun oder ene Sparre maken, denn fänget ſek wol de Wind, un wie komet denn under Wind un künnt uſe Mäntele dreihn, je nademe, dat ſek de Wind rümmerſchmitt.
516	absatz		p110:18	p110:20	Obſchonſt nu de grieſe Kaiſer, as en frommen Zoldaten, nich vel da up heilt, de Mäntele na en Winne te dreihn, ſau gaff hei doch na, un de Sparre word na er Opportunität inerichtet.
517	absatz		p110:22	p110:37	Der olen Peiter-Fiſchers Fruen Windmülderiee gung von nu an knapper umme, un ehre Deckhahnen un Kappelhahnen worren leeg, denn de Sparre ſparre de Feuerig af, un ſe harre minne an dat theinte Koren antebieten. Mit Peiter-Fiſcher ſienen Peiter-Pennigen word dat ok na gerae immer wenniger, un der Peiter-Fiſcherſchen ehre Hushällig kamm immer mehr in Verfall, vornut, as ſe ſek nu wenniger mit er Melkeriee afgaff un ſek mehr up de Bilderiee un dat hillige Blautfleiten legte. De hilligen Jungfern blödden von nu an ut ſebben Löckern, un de hillige Mudders ſtund up en Kerkenfenſtern, up en Bömen un boben en hilligen Lurtchenſpringe, aberſt bi allen groten Wunder, dat da was, kamm doch dat Wunder, dat Peiter-Fiſchers Frue nich mehr fehlen konne, as uſe leiwe Herr Gott nich te Stanne un ehre Hus verſchrumpe wedder tau e ner lüttchen Fiſcherköthe. Dat was ſlimm un brochte bi ehren Kinnern en grot Jammern un Weihklaen te Wee, dat nu in heimlichen Groll un Untefreenheit utarte vornut, as Otte von en Kaiſer ſinen Jagdfalken lehne un up Beitzen gung.
518	absatz		p110:39	p111:9	De Falke flog ter Höchte, un Otte renne na. Ober Kerkenoe ravire de Falke in groten Bogen un heilt ſek boben e ner lüttchen Hütte am Euber, un ſtund un wibbere mit ſinen Fittchen. Otte höre en ſwar Anken un Wimmern, as wenn e ne ole Frue in en Leſten liet. Hei wolle in de Hütte, aber umme de Köthe was en Slohn, dene hei ſilben plantet harre, un ober den hei nu nich weg komen konne. De Dören wörren rund umme ene hocheſchoten, un tau en Slotte, dat vor de Dör von der lüttchen Köthe hänget was, da harre hei keinen Slöttel. Nu wenke Otte den Falken af un de Falke make wedder en groten Bogen un ſtund boben ener groten Bucht an er See, wo Peiter-Fiſcher up ſine Angel keik. He! reip Otte, Peiter, wat fiſchſt du da un verangelſt dine Tied? diene Frue liet in en Leſten, lop un ſlut mek de Köthe up.
519	absatz		p111:11	p111:16	Wat? — mine Frue in en Leſten un in ener lüttchen Köthe? ek hebbe ſe ja in en groten Slotte laten un hope, dat dat Slott tau en groten Weltendome ward, un dat mine Frue unfehlbar ſien ſall; manſt de Manntche hat noch nich ebetten un eſproken. Dat mag ſien, ſäe hei, aberſt upſtund anket ſe, un ek globe, dat geiht an't Starben, wenn wie nich balle hülpet.
520	absatz		p111:18	p111:30	Otte un Peiter-Fiſcher leipen nu immer umme dat lüttche Hüſeken rum, einer achter en andern dor. Otte ſach ene verfallene Köthe, un Peiter-Fiſcher ſach en grot allmächtig Slott; aber beie harren keinen Slöttel der tau. Otte, dei ſüß lichte ober Alles weg kamm, dene word dat ditt mal doch te bedenklich, un bi ener olen Frue in et Fenſter te ſtiehn, dat was ehne denn doch te ſchanierlich, un Peiter-Fiſcher harre as hei det morgens ilig tau en Angeln leip, den Husſlöttel vergetten. Et was grote Noth, de Hewen was tauenält, un Nemmes konne in Himmel komen. Härre nich uſe Herr Gott en Inſeihn ehat, da härre dat ſlimm konnt weren, aberſt de gue Vaer lebe noch, un richte dat te dem male ſau in, dat Jedweder ſek in ſinen Harten ſau en lüttchen Privathimmel upbuen un alle himmliſche Luſt langen konne, wenn hei man der na leben wolle.
521	absatz		p111:32	p112:4	Ob Peiter-Fiſcher noch e mal in ſinen Himmel kamm, dat hebbe ek in Otte ſinen Speil nich konnt ſeihn, un ob Otte Veihwann in ſinen Harten ſau ne lüttche Himmelskamer fund, da könne ek anne twieweln denn bi allen Streben na en Groten un Natſchonalen was hei doch helleſchen vor ſine Apartigkeit un et blaume de Klewer un et wauchere de Nettele. Ek kann mek erren, denn mine Ohren ſind all en bettchen dof, un mine Oen ſind vor Older thranig eworren; et will mek ſau vorkomen, as leipen beie, Otte un Peiter-Fiſcher noch immer umme en Slohn von Peiter-Fiſchers Fruen Köthe rum, un künnen et Lock nich finnen, ſeer de niee, hoge Löggenſtein von Kanoſſa up en Borgbarre uperichtet word. Allene manſt de ole gue König un Kaiſer, dat hebbe ek eſeihn un weit ek wiſſe, dei hat in ſinen Harten ſinen Himmel efunnen un pläet ſek nu in ſinen Older.
522	absatz		p112:6	p112:6	Hei heilt up ſine Apartigkeit aber hei achte de Meinheit ob Alles.
523	impressum		p112:9	p112:9	Buchdruckerei von A. W. Zickfeldt. Oſterwieck a. H.
