seite	zeile	art	einzug	voll	text
3	1	titel	0		Ganne Nettels,
3	2	untertitel	0		'ne lüttge Vertellig as Vorlat.
3	3	leer	0		
3	4	absatz	4	ja	Up e ner olen Worth mank twei Wannen lebe vor Tiedten en
3	5	weiter	0	ja	Mann, de was vel in er Welt rummer weſt. Hei harre veele Städte
3	6	weiter	0	ja	un Länder eſeihn, ok harre hei ſek an veelen groten Höwwen ummedahn
3	7	weiter	0		un as Diplomate manchen guen Rath utedeilt.
3	8	leer	0		
3	9	absatz	4	ja	Wie dat ſau kümmet, mankedorch was ene dat Glücke hold eweſt,
3	10	weiter	0	ja	vor't Mehrſte aber was et ene nich na Wunſche gahn. Teleſt, as
3	11	weiter	0	ja	hei in de Jahre kam, was hei det Hantirens oberdrüſſig. Hei namm
3	12	weiter	0	ja	ſine ole Worth, de he bet dahen vermeiert harre, ſilben an, un dachte
3	13	weiter	0		ſek te Rauhe te ſetten.
3	14	leer	0		
3	15	absatz	4	ja	Klauk, as he was, meine hei, et mößte ene wol gelingen, ſinen
3	16	weiter	0	ja	How, de en Bettchen in Verfall ekommen, wedder in Gang te bringen,
3	17	weiter	0	ja	un wenn et de Herre geben wolle, ſau dachte hei ok noch ene gue Fri-
3	18	weiter	0	ja	gat te maken, un ſinen Stamm von de Veihwanns, de ſek na der olen
3	19	weiter	0		Worth nämſen, fortteſetten.
3	20	leer	0		
3	21	absatz	4	ja	Worumme ok nich? — Veihwann was noch in guen Jahren un
3	22	weiter	0		von older Fomilig.
3	23	leer	0		
3	24	absatz	4	ja	Sine Vorfahren harren ſek vor Olders, as noch de Düringer mit
3	25	weiter	0	ja	den Saſſen umme dat Land ſtrien deen, uteteiket. Se wärren te dem
3	26	weiter	0	ja	Male mit er olen Worth bigabet, dei vel eigene Gerechtſame an Waien,
3	27	weiter	0	ja	Wieſchen un Wold, Dieken un Deinſten, Land un Lüen harre. De How
3	28	weiter	0	ja	was gut, un manch jung Mäken härre ſek wat da uppe te gue dahn, as
4	1	weiter	0	ja	Frue up der olen Worth te reſidiren, denn e ne Reſidenz was de ole
4	2	weiter	0		Worth.
4	3	leer	0		
4	4	absatz	4	ja	Se was mit en Bollwalle beringet un harre midden inne enen
4	5	weiter	0	ja	groten Steinthoren ſtahn, up den en mit er Leire ſtien moßte, weil des,
4	6	weiter	0	ja	dat de Brügge, dei von den olen Huſe na den Thoren gung, all lange
4	7	weiter	0		affefult un dal eſtörtet was.
4	8	leer	0		
4	9	absatz	4	ja	Schon dat Older von ſau ener olen Borg hat vor Fruenslüe
4	10	weiter	0	ja	wat, dat antrecken deit. Sei denket ſek immer in de Tiedten terrügge,
4	11	weiter	0	ja	as noch de Ridders gentilken mit ſe umme gingen, un wor de Frölens
4	12	weiter	0	ja	tau de junken Mannslüe wedder gnädeklich deen. Diſſe Erinnerunge
4	13	weiter	0	ja	an de ole Luſt is bi en Fruenzen noch nich ganz uteſtreken, ne, ſe
4	14	weiter	0	ja	nimmet in diſſer uſer Tied mankedorch noch tau, vornut, wenn de Fo-
4	15	weiter	0	ja	milig, ut der de Bredigam ſtammet, in er Naberſchop noch in guen
4	16	weiter	0	ja	Anſeihn ſteit. Dat was nu hier ſau, denn de olen Lüe vortellen ſek
4	17	weiter	0	ja	faken, dat de Veihwanns vor olen Tiedten up en Steinen von der olen
4	18	weiter	0	ja	weuſten Gerichtsſtidde, up er Brods-Enne eſeten, un dat ſe in Felle
4	19	weiter	0	ja	up en Tie ehr Weſen ehat harren; dat ehre Nakomen aber immer in
4	20	weiter	0	ja	guen Andenken eſtahn harren, dat was wiſſe. Wie wol ſe in der Naber-
4	21	weiter	0	ja	ſchop keine grote Frindſchop up te wieſen harren un nich in groten
4	22	weiter	0	ja	Anſeihn ſtunnen, ſau wärren ſe doch eachtet, gutmäuig, milddädig un
4	23	weiter	0		jeder Mann gut Frind eweſt.
4	24	leer	0		
4	25	absatz	4	ja	Veihwann ſilben, obſchonſt hei all en Sombart kreig, was lüiſch,
4	26	weiter	0	ja	un ſine Utſichten up ene gue Frigat wärren gar nich ſau weg te ſmieten,
4	27	weiter	0	ja	te malen hei der Meinunge was, dat bi der Kiſunge ener Brut Alles
4	28	weiter	0	ja	da up ankeime, dat ſe en geſund, dütſch Deren wärre, un dat ſe vor
4	29	weiter	0	ja	Allen de Hushällig ordentlich verſtünne: Saune Mäkens wärren nu te
4	30	weiter	0	ja	dem Male gar nich ſau ſeltſen, vorbat, wenn en ſe bi den Börgers- un
4	31	weiter	0	ja	Buers-Lüen ſochte. Veihwann harre dat Utſeuken, hei harre de Wahl
4	32	weiter	0	ja	un harre de Qual. Veihwann leit dat drumme vort Erſte obſiets. Weilen
4	33	weiter	0	ja	hei nu aber doch einmal frieiſch was, ſau dachte hei dran, ſek erſt en
4	34	weiter	0	ja	niet gladde Neſt te buen. Hei hacke drumme ſine Eiken, de umme de
4	35	weiter	0	ja	ole Worth rummerherſtünnen umme, un timmere ſek en frindlich ſtaatſch
4	36	weiter	0	ja	Hus. Dat lüchte ſau nitſchen in dat Land hendal, dat wol de Deren
4	37	weiter	0	ja	nieren da up wärren, wat dat wol vor en jung Burße möchte ſien, de
4	38	weiter	0		ſek en ſau gladde ſchön Hüſeken bue? —
4	39	leer	0		
4	40	absatz	4	ja	As nu Pingeſten in dat Land kamm, da ſach en ut allen Büſchen
5	1	weiter	0	ja	junke glante Mäkens kieken, wie et wol umme de Worth ſtünne, un wie
5	2	weiter	0		ſek de Regente da ſau ſchöne innerichtet härre.
5	3	leer	0		
5	4	absatz	4	ja	Mäkens ſind nietſchieren, wie en wol weit, vornut, wenn ſe wie de
5	5	weiter	0	ja	Häuner im Freujahr rohe Köppe kriet, denn iſt kein Holen mehr; dat
5	6	weiter	0	ja	geit ober Stieg un Tun in de Büſche un de Böme. Hier werd Blau-
5	7	weiter	0	ja	men eplücket, un dort werd Kränze bunnen, un dat Jagdtern is ut der
5	8	weiter	0	ja	Maten, un dat Schnacken hat nein Enne, vornut, wenn et ſek umt
5	9	weiter	0	ja	Frieen handelt. Denn werd innewennig un buttewennig elachet, un
5	10	weiter	0	ja	mankedorch, wenn dat nich ſau inſleit, denn kümmet ok wol en heimlich
5	11	weiter	0	ja	Groll. Denn werd ſe ſtrammbulſtrig un weent en Schuer, un de dicken
5	12	weiter	0	ja	Thranen fallet denn in en Schot, denn hänget ſe dat Köppken un ſeuket,
5	13	weiter	0	ja	as härren ſe wat verloren, un bi der Säukig finnet ſe en Kaublaumen-
5	14	weiter	0	ja	ſtengel un plücket dene af un beſeiet de Puſtern der anne un ſettet ſek
5	15	weiter	0		dal un beet.
5	16	leer	0		
5	17	absatz	4		Hei hat mek doch leiv? — Leiv hat he mek doch!
5	18	leer	0		
5	19	absatz	4	ja	Un denne blaſet ſe de Puſtern der von af un tellet, wo vel
5	20	weiter	0	ja	Jahre wol da ober hen gahen künnen. Un wie wol ſe feſte puſtet
5	21	weiter	0	ja	ſau bliebet doch noch vel te vel Puſtern ſitten. Verdreitern ſmietet
5	22	weiter	0	ja	ſe den Stengel ter Halbe un fänget von nien an den Knöppen afte-
5	23	weiter	0	ja	tellen, ob dei wol grade oder ungrade ſind, un up teleſt ſind ſe alle
5	24	weiter	0	ja	mal grade, un wenn ſe nich grade weren willt, denn ſmietet ſe einen
5	25	weiter	0	ja	Knopp ober ſek weg, un denne is dat doch grade, un denn ſegget ſe „de
5	26	weiter	0	ja	Himmel hat dat ein mal ſau ewollt, un grade is et doch, un et ſchall
5	27	weiter	0		einmal ſau ſien.“
5	28	leer	0		
5	29	absatz	4	ja	Sau kam dat denn ok hier in miner Vertellig, wenn ok en bett-
5	30	weiter	0		chen anders.
5	31	leer	0		
5	32	absatz	4	ja	As de Mäkens te Pingeſten ut den Buſche an der groten Wanne
5	33	weiter	0	ja	vor der olen Worth keimen da juchheißen ſe lue up, denn von der an-
5	34	weiter	0	ja	dern Halbe was ok en Tropp junke Lüe ut den Nabersdörpern ekomen.
5	35	weiter	0	ja	Se wenken ſek en ander tau, un et dure ok nich lange, da wärren ſe
5	36	weiter	0	ja	alle te Hope up er Wieſche, dei tau der olen Worth höre un vor den
5	37	weiter	0	ja	Worthholte lag. Man allene Ganne Nettels harre ſek an den Grenz-
5	38	weiter	0	ja	ſteine von ehres Vaers Wieſche daleſett, de in dat Worthholt un in de
5	39	weiter	0	ja	Worthwieſche inbuchte, un umme dei de Nettels lange Jahre mit den
5	40	weiter	0	ja	Veihwanns Striet ehat harren.
6	1	weiter	0	ja	Se harre ehren Korf up en Grabenbort ter Halbe ſtellt un ſortire
6	2	weiter	0	ja	de Blaumen un de junken Looftelgen, de ſe von den Maien eruppet harre
6	3	weiter	0	ja	un dee gar nich, as höre ſe der tau. Se keik ober den Grabenbrink na
6	4	weiter	0	ja	den nien Huſe up der olen Worth un dachte ſau biſek, wie doch Alles
6	5	weiter	0	ja	anders ward. — Süß hat en ſau ofte bi der Heuwenne de ole Worth
6	6	weiter	0	ja	mit ehren ruppigen Strohdäkern eſeihn, un nu ſchient dat ſau roth un
6	7	weiter	0	ja	ſau gladde her, as wärre dat in Sunnenſchiene Alles von Gold un Sil-
6	8	weiter	0	ja	ber etimmert. Süß harren des Striets halber immer en Groll in Har-
6	9	weiter	0	ja	ten, wenn en de Worth bi en Heumaken te Geſichte kreig, un nu ſchient
6	10	weiter	0	ja	dat ſau fründlich hendal, as wolle ſe einen inlaen hentekomen un ute-
6	11	weiter	0		rauen. —
6	12	absatz	4	ja	As ſe ſau noch vor ſek henſprok un wier dremmele, da harren de
6	13	weiter	0		junken Lüe all ene Kedde ſloten un wollen den Dridden afſlahn.
6	14	absatz	4	ja	Se reipen ehr tau: Ganne wutt Du allene ſitten blieben, wenn
6	15	weiter	0		wie Alle luſtig ſind? Du warſt doch neine Speelverdarberſche ſien! —
6	16	absatz	4	ja	Nee dat nich, ſäe dat Mäken, aber wenn ek up miner Vaers Wiſche
6	17	weiter	0	ja	danzen un ſpelen kann, denne mag ek nich up ener fremmen rummer-
6	18	weiter	0	ja	poſen. Wenn jü diſſen Strietſtein kennen wie ecke, un wenn jü man
6	19	weiter	0	ja	en Biensken ſau dächtet wie ek, denn wollen jü jüg wol wahren un up
6	20	weiter	0	ja	fremmen Bodden rummerherlopen, te mal wenn dat, wie et wol ſcheien
6	21	weiter	0	ja	mag, nich emal verlöbet ward. Ek mag Nemes umme wat angahn oder
6	22	weiter	0	ja	gar te weddern ſien, wat ene nich anſteiht. Wat den Einen nich nehme,
6	23	weiter	0		dat is en Andern nich lieke lang.
6	24	absatz	4	ja	Ach wat! reipen ehr de junken Burßen un Deren tau un ſchillen.
6	25	weiter	0	ja	Du wutt man wedder de Stolte ſpelen, du meinſt dek man wat, weilen
6	26	weiter	0		dien Vaer uppen Nettelhowwe ſitt.
6	27	absatz	4	ja	Wie hätt alle Jahr te Pingeſten up er Worthwieſche eſpelt, un
6	28	weiter	0	ja	nein Minſche hat da wat bi ehat, aber Du biſt ſtolte as en Frölen, un
6	29	weiter	0		biſt en Frölen, un haſt immer wat der bi, wenn wie luſtig ſind.
6	30	absatz	4	ja	Dit Frölen ſtötte nu de Ganne harre an en Kopp, denn ſe harre
6	31	weiter	0	ja	vor wahr ſaunen lütchen Prickel, un dachte ſek en bettchen mehr te ſien,
6	32	weiter	0	ja	weilen ehre Vaer den Nettelhoww inne harre, dei in en Dörpe vor den
6	33	weiter	0	ja	älleſten How gult, un weil de Nettels ſek immer as grote un ſtolte
6	34	weiter	0	ja	Frieburen heilen.
6	35	weiter	0	ja	Se ſlaug ſachtchen de Oen dal un plücke en Paar Hälmeken
6	36	weiter	0	ja	aff, de tau ehren Fäuten ſtunnen, as wolle ſe affluren, ob nich noch
7	1	weiter	0	ja	en heikel Wort in ehre Ohr keime. Se batt ſek up de Lippe un trecke
7	2	weiter	0	ja	de affgeruppeten Grashalme vor en Geſichte dorch, as wolle ſe ſeck ne
7	3	weiter	0	ja	Miie affjaen; aber ehre lüttche Finger ſmatt ne bittere Thrane ter
7	4	weiter	0	ja	Halbe, dei nu dit mal Neiner ſeien ſolle, un de ok Neiner te marken kreig.
7	5	weiter	0	ja	Dar na namm ſe ene Raue un legte eine Blaume an de andere an, as
7	6	weiter	0	ja	wolle ſe en Kranz binnen, un as ſe noch ſau hen un her grübele, halff
7	7	weiter	0	ja	vor Aerger un halff vor Stolt, wat ſe eigentlich vorharre, da hör en
7	8	weiter	0		mit einen Male lue upkriſchen.
7	9	leer	0		
7	10	absatz	4	ja	De Herre kummt, Veihwann kummet! — De Deren un de junken
7	11	weiter	0	ja	Burßen wärren dralle ober den Graben un de Wanne in dat Buerholt
7	12	weiter	0	ja	elopen un harren Rietut enohmen, man allene Ganne Nettels was bi den
7	13	weiter	0		Steine ſitten ebleben un märe mank ehren Blaumen.
7	14	leer	0		
7	15	absatz	4	ja	Veihwann gung up ſe tau un ſäe: Guen Dag. Sinn jü allene
7	16	weiter	0		ſitten bleben un de Andern ſind fort? —
7	17	leer	0		
7	18	absatz	4	ja	Schönen Dank, twere Ganne an, dat will woll ſau weſen. De
7	19	weiter	0		Häuner fleiet weg, wenn de Habuk kummt, un de Habuk meiet de Dören.
7	20	leer	0		
7	21	absatz	4	ja	No wat den Habuk angeit, meine Veihwann, ſau wüßte ek nich,
7	22	weiter	0	ja	dat ek ſau griepfängig up de Häuner wärre, denn wenn dat ſau ſtünne,
7	23	weiter	0	ja	ſau künne ek jüg ja lichte infängen, un jue Vaer ſolle woll gue Wöre
7	24	weiter	0		geben, dat hei ſinen Voggel wedder inhale.
7	25	leer	0		
7	26	absatz	4	ja	Ja wenn diſſe Brink un Stein nich wärre, un de Wanne nich an
7	27	weiter	0	ja	mines Vaers Wiſche trecke, ſau härren jü woll en Recht te ſchillen,
7	28	weiter	0	ja	aber ek ſitte up den Uſigten. — Hinder den Steine is jue. — Un
7	29	weiter	0	ja	wenn jü Luſt verſpört intefängen? — De Weg geit ober de Drift in
7	30	weiter	0	ja	dat Buerholt; man ek globe, da werd woll wecke ſien, de dat wehret,
7	31	weiter	0	ja	un Dörenſtöcke waſſet da ok. Hier bin ek in Rechte, un wenn ek ok
7	32	weiter	0	ja	man en Mäken bin, wat min Recht un mine Frieheit bedütt, dat weit
7	33	weiter	0	ja	ek grade ſau gut wie jü. Wat da butten is, dat ſind mine Bohnen
7	34	weiter	0		nich, hier aberſt bin ek up en Minigten; ek hete Ganne Nettels.
7	35	leer	0		
7	36	absatz	4		Damidde namm ſe ehren Korf un Blaumen un wolle gahn.
7	37	leer	0		
7	38	absatz	4	ja	Veihwann ſach ſe ſek von unnen bet te boben an, un in ſinen
7	39	weiter	0	ja	Harten ſprok dat: Wat is dat vor en ſtolt, ſtatſch Deren! Bin ek doch
7	40	weiter	0	ja	wiet in der Welt rummer herkomen un hebbe ſau en ſlank, prutzig
7	41	weiter	0		Fruenzen nich eſein.
8	1	absatz	4	ja	Hei ſette fluchs ober den Grabenbort un kamm Ganne Nettels
8	2	weiter	0		up er Drift in de Möte.
8	3	leer	0		
8	4	absatz	4	ja	Jungfer, ſäe hei, Niſt vor ungut, ek harre dat mit den Infängen
8	5	weiter	0	ja	nich ſau erenſt emeint, ſieet drumme nicht allgrämig un verdreitern, un
8	6	weiter	0	ja	wenn jü na Hus komet, ſtellet juen Vaer en ſchönen Gruß tau von
8	7	weiter	0	ja	mek un ſegget, ek leite ene gue Naberſchop beien, un wenn hei et ver-
8	8	weiter	0	ja	löbe, wolle ek ene biſenken. No ek kome; kome ek aberſt, denn ſied nich
8	9	weiter	0	ja	ſau prutzig tien mek as up Stunds. Nich wahr Jungfer, dat verſpreket
8	10	weiter	0	ja	jü mek! — Un da midde gaf hei Ganne de Hand taun Afſchiede, ehr
8	11	weiter	0	ja	ſe mal wußte, wor ſe der tau ekommen was, ſe antenehmen, un nich
8	12	weiter	0		terügge te trecken.
8	13	leer	0		
8	14	absatz	4	ja	Dat Mäken was dabi bet ober beide Ohren roth eworren un ſlüre
8	15	weiter	0	ja	längſchen ober de Wanne in dat Buerholt. Veihwann aber trat wedder
8	16	weiter	0	ja	up ſinen Plan un keik ehr lange na, bet de Büſche dat ſtolte, gladde
8	17	weiter	0		Mäken mit den friſchen greunen Looftelgen taudecken.
8	18	leer	0		
8	19	absatz	4	ja	Seer diſſer Tied was in Veihwann en ander Leben inekehrt.
8	20	weiter	0	ja	Hei konn et gar nich mehr afwahren, dat ſien niet ſchön Hüſeken
8	21	weiter	0	ja	fertig word, un dat de Diſchers un de Anſtriekers nich von der Stidde
8	22	weiter	0	ja	keimen. Hei ſchult un dreif. Alles gung ene te längſchen un ſachte.
8	23	weiter	0	ja	Wenn hei aberſt mal frie harre, denn gung hei na den Steine an er
8	24	weiter	0	ja	Wieſche un keik ober Nettels Grashow na en Kerkenthoren in Nabers-
8	25	weiter	0	ja	dörpe, un ob Nettels Schüne, de ober de Woldböme henluge, noch dat
8	26	weiter	0	ja	Heilebartneſt wieſe mit ſinen frindlichen Voggelpaare, de ſek immer en
8	27	weiter	0	ja	ander anklappern, wenn de Eine un de Andere te Neſte flog. Denn
8	28	weiter	0	ja	dachte hei wol bi ſek: Wat ſind dei glücklich in ehren Sommerpalai
8	29	weiter	0		wenn et dek doch ok ſau wärre! —
8	30	leer	0		
8	31	absatz	4	ja	Hei gung wedder na Hus un keik in alle Ecken un telle alle Fäker
8	32	weiter	0	ja	na un brumme vor ſek hen. Et geit längſchen, et kummet nich wieer;
8	33	weiter	0	ja	de Kaare blifft allheil noch ſtahn. Hei legte ſek hen un ſummenire un
8	34	weiter	0		dremmele un ſtund wedder up un harre neine Rauhe.
8	35	leer	0		
8	36	absatz	4	ja	Dit duere ſau hen, bet de Meihers keimen un de Wieſche meihen.
8	37	weiter	0	ja	No, denn gung hei na er Wieſche, allene man, umme te ſeihen, ob woll
8	38	weiter	0		de junken Burßen un Deren in Freujahr vel umepoſet harren.
8	39	leer	0		
8	40	absatz	4	ja	Ob hei noch wat Anderes in Koppe harre, un ob hei meine Ganne
8	41	weiter	0	ja	Nettels bi der Heumakig up der Nettelwiſche te drepen, dat weit ek nich
8	42	weiter	0		wiſſe, et kann aber möglich ſien.
9	1	absatz	4	ja	En olen Junggeſellen, dene wie en olen Rehbocke nochmal de Knob-
9	2	weiter	0	ja	ben ſprotet, deme ward in en Maidaen dat Blaut lichte unfehrſch; hei
9	3	weiter	0	ja	möchte jimmer noch mal begegnen ſpelen. Wie wol hei weit, wat da bie
9	4	weiter	0	ja	rut kummet, hei kann er nich von laten. Vort Mehrſte is hei en Li-
9	5	weiter	0	ja	ſekentritt un, blöer as en Schauljunge, aber dat nützet niſt, de Mailuft
9	6	weiter	0	ja	drift un teleſt fallt hei doch rin, obſchonſt e noch ſau vele Wenns un
9	7	weiter	0	ja	Abers upſtellt. Un dat is ok man gut, vorbat, wenn hei en gut Gegen-
9	8	weiter	0	ja	part find, denn ſüſſ blebe hei ja leddig as en olt Jungburße, un wat
9	9	weiter	0		wolle denn ut der Welt weren.
9	10	leer	0		
9	11	absatz	4	ja	Mit uſen Veihwann was dat ſcheier ok ſau. Et was in den
9	12	weiter	0	ja	Maidaen ober ene kommen un ſpeuke nu bi ene na. Hei trampe wed-
9	13	weiter	0	ja	der na en Strietſteine un keik ower de Böme na Nettels Howwe.
9	14	weiter	0	ja	Hei härre geren na Ganne utegluſtert un freue ſek der up, ſe te ſeihn
9	15	weiter	0	ja	te krien, manſt hei was in ſinen Inrichtungen un mit den Husbue noch
9	16	weiter	0	ja	nich up et Reine komen, un ſau hentelopen, un olt Nettel ume den
9	17	weiter	0	ja	Bart te gahn, dat ſtund ene nich an, datau harre hei de Couragie nich,
9	18	weiter	0	ja	kort, hei was en ander Minſche worren, de nich ut der Oberleggig kam,
9	19	weiter	0		hei was ja wedder e mal Diplomate.
9	20	leer	0		
9	21	absatz	4	ja	Up Nettels Howwe, wo ſüſſ Alles na der Schnauer gung, da
9	22	weiter	0	ja	was dat ok ſau hen mit der Biſtännigkeit, ne lüttche Veränderunge
9	23	weiter	0		was da ok in eträn.
9	24	leer	0		
9	25	absatz	4	ja	Ganne Nettels was ſeer der Tied, dat ehre Kameradſchaft ſe
9	26	weiter	0	ja	Frölen nenne, wie ſe ober den groten Grenzſtein na der olen Wort keik,
9	27	weiter	0	ja	un nahedeme dat Veihwann ehren Vaer te biſeuken taueſeggt harre, ſtille
9	28	weiter	0	ja	vor ſek te Hus bleben, obſchonſt ſe doch ſüß geren mit ehrer blanken
9	29	weiter	0	ja	Harke in glanten Klee na der Heuwenne lopen kam. Süſſ was et ehr
9	30	weiter	0	ja	jimmer te ſtille un te enge in Huſe, jetzt aberſt bleif ſe heme, un wenn
9	31	weiter	0	ja	et Keiner ſach, denn wene ſe mankedorch in Stillen en Schuer af, un
9	32	weiter	0	ja	ſüfze, as harre ſe de Marte drücket. Denn aberſt fate ſe mit Forſche
9	33	weiter	0	ja	wedder de Arbeit an, un denn genug dat Schüern un Fegen un Sandſtrauen
9	34	weiter	0	ja	los, dat et de Art harre, un dat en niſt as Bollwarken un Beſſenrut-
9	35	weiter	0	ja	ſchen höre, ſau dat et ehren olen Vaer un der ſieken Mutters ofte te
9	36	weiter	0	ja	vel word, dat beie wol den Kopp der tau ſchüddeln, un nich wußten,
9	37	weiter	0		wat ſe der tau ſeggen ſollen, un worhen dat utlopen wolle.
9	38	leer	0		
9	39	absatz	4	ja	Ole Nettel höre, under unſch eſegt, tau den Buern, de vel up
9	40	weiter	0	ja	Meß heilen, un de da meinen, wo nein Stroh, Meß un Drek up en
10	1	weiter	0	ja	Howwe wärren, da wärre ok nein richtig Wolſtand. Nu was da bi
10	2	weiter	0	ja	ene wol Ordnunge, denn alle Middewochen un alle Sünnabend word dat
10	3	weiter	0	ja	Hus uteſchiffelt, un tau en Sönndag word ok wol mal eſchüert un Sand
10	4	weiter	0	ja	ineſtrauet, ok wärren denn de Diſche afewuſchen, un de grote Koffekettel
10	5	weiter	0	ja	word denn afenohmen un blank eputzet, allene diſſe Dae wärren doch
10	6	weiter	0	ja	eigentlich ſau, as wärren ſe ut ſinen hüslichen Leben uteſtreken. Denn
10	7	weiter	0	ja	gung hei na en Kraue, bet dat Alles reine was, un nein Kruck un nein
10	8	weiter	0	ja	Beſſen mehr hantire. Hei was noch von den Olen, de Alledaes blanke
10	9	weiter	0	ja	Lederne dreuen, wor up ſe dat Meſt ſcharp maken konnen, wenn et tau
10	10	weiter	0	ja	en Morgenbroe gung, un de ober ehren Buk un ehre Boſt un Aermel blanke
10	11	weiter	0	ja	Straten uptewieſen harren, de wie blanke Beke en beſtöbet Euwer beſpeulen.
10	12	weiter	0	ja	Dabi was aber ole Nettel neineswees verbummelt. Sönndaes word
10	13	weiter	0	ja	alle Mal en rein Himme, de witten Upgekollderten un de glante Bredi-
10	14	weiter	0	ja	gamsrock mit den groten beſpunnenen Knöppen un den rohen Under-
10	15	weiter	0	ja	futter annetrecket, un denn härre Einer ſollen kommen un Jonas Nettels
10	16	weiter	0	ja	Hus un How hebben antaſt oder gar biſchmetten. Denn trecke hei ſine
10	17	weiter	0	ja	breie Underlippe immer deiper dal, denn dreie hei ſinen Dreimaſter umme
10	18	weiter	0	ja	un denn fate hei ſinen apelbömen Gaeſtock, un was en ganzen Buer,
10	19	weiter	0	ja	ſtolte, ſtramm un ſtraff. Sine grauen Kattenoen gluſtern denn wuchtig
10	20	weiter	0	ja	under ſinen borſtigen Oenbroen vor, un ek härre Neinen rahen mocht,
10	21	weiter	0	ja	ene in de Wee te komen; aberſt dat dee ok Keiner, denn wenn hei
10	22	weiter	0	ja	iwrig word, denn was da kein Kerſcheneten midde, obſchonſt hei ſüſſ
10	23	weiter	0		lüiſch was un kein Kind bedreube.
10	24	leer	0		
10	25	absatz	4	ja	No, Jonas Nettel was ſau un bleif ſau, un da was Niſt mehr
10	26	weiter	0		an te ändern un te mäklen.
10	27	leer	0		
10	28	absatz	4	ja	Sine Frue harre da ofte ehren Kummer ober e hat, un Ganne
10	29	weiter	0	ja	Nettels wußte as e ne gue Dochter, dat en Vaer un Mudder ehren
10	30	weiter	0		ſchall, un darume legte ſe ehne ok Niſt in en Weg.
10	31	leer	0		
10	32	absatz	4	ja	Allene ſeer Veihwann ſek bi ehren Vaer anemeld harre, was ſe
10	33	weiter	0	ja	doch ſau bi Lüttchen en Bettchen wieer in der Rentlichkeit egahn, un
10	34	weiter	0	ja	vorbat det Sönndaes moßte nu Alles blank un nietſchen utſeihn, un de
10	35	weiter	0		Stallderen moßten denn ok en How reine ekrucket un efeget hebben.
10	36	leer	0		
10	37	absatz	4	ja	Denn ſette ſeck dat ſmucke, ſnare Mäken mit ehren Neitüe an de
10	38	weiter	0	ja	Fenſterbank, un alle Mal, wenn ſe en Som fertig eneiet harre, denn
10	39	weiter	0	ja	fate ſe dat Tüg, un glätte et mit en Nägels, dat et man ſau rietſche
10	40	weiter	0	ja	un ſau ratſche, un denne keik ſe ober den Keilekenbom, de an der Fen-
10	41	weiter	0		ſterhalbe ſtund, na der Strate, de na der olen Worth henwieſe.
11	1	absatz	4	ja	Sau ſatt ſe eines Sönndaes wedder mal bi ehren Neitüe. Ehre
11	2	weiter	0	ja	Vaer las grade ſiner kranken Fruen en Troſtverſch ut en Geſangbauke
11	3	weiter	0	ja	vor. Se harre eben wedder ene Somnath fertig, un de Vaer las „Herr
11	4	weiter	0	ja	erlöſe uns aus tiefer Noth.“ Rietſch, ratſch gungen ehre Nägels tauer
11	5	weiter	0	ja	Schichte ober dat harre, ſtiebe Linnen. Se keik wedder up de Strate
11	6	weiter	0	ja	un make ehren Hals lang, dat ſe ober den Keilekenbom wier in die Ferne
11	7	weiter	0		lugen konne.
11	8	leer	0		
11	9	absatz	4	ja	Ehre Vaer richte ſek in ſiner ganzen Poſentur up, hei ſchof ſinen
11	10	weiter	0	ja	Dreimaſter mit der Knoppſpitze na vorne un ſach mit Erenſt ſine Dochter
11	11	weiter	0	ja	harre an, dei in ehren Sönndagsſtaate, der lüttchen breitbändergen Mütze,
11	12	weiter	0	ja	den witten geſtebeten Halskraen un den ſammtmancheſternen Camiſol ſek
11	13	weiter	0		ower de Fenſterbank henböe un wedder der Strate tauwenne.
11	14	leer	0		
11	15	absatz	4	ja	Dochter, ſäe hei, wat haſt Du jimmer ober den Heldernbuſch te
11	16	weiter	0	ja	ſieken, te mal, wenn ek diner kranken Mutters Troſtwöre ut den Geſang-
11	17	weiter	0	ja	bauke vorleſe? — Du könneſt doch ok tau hören. Du kummeſt mek nich
11	18	weiter	0	ja	vor, as wärreſt Du derbi. Biſt Du nich bi dek un mit dek ſilben nich
11	19	weiter	0		eins? —
11	20	leer	0		
11	21	absatz	4	ja	Niſt vor ungut, leiwe Vaer, twere Ganne an, da is en Fleien-
11	22	weiter	0	ja	ſnipper, de fänget alle Fleien un Müggen von den Keilekenblaumen un
11	23	weiter	0	ja	da dachte ek ſau in minen Sinn, as jü laſet, wenn Du doch ok dinen
11	24	weiter	0	ja	olen Eldern ſau alle Sorgen wegſnappen künneſt, as diſſe Fleienſnipper
11	25	weiter	0		deit, de ſau flink Grillen jögt un Gnitten picket.
11	26	leer	0		
11	27	absatz	4	ja	Danke ſchön vor en guen Willen, ſäe olt Nettel; aber et will
11	28	weiter	0		mek ſau vorkomen, as härreſt Du wier e keken.
11	29	leer	0		
11	30	absatz	4	ja	Ja, Vaer, dat is ſau hen. Erſt fänget ſau en Gedanke minne un
11	31	weiter	0	ja	leerbehren an, un denn geit dat von ſilben wieer de ganze Strate ent-
11	32	weiter	0	ja	lang, un denne denket en ſek hinder der Strate Barg un Wold un Wieſche
11	33	weiter	0	ja	un Höwwe un Dörper, un midden inne en grot Schlott mit allen, wat
11	34	weiter	0		er anne un inne wohnt.
11	35	leer	0		
11	36	absatz	4	ja	No were man nich hochmäuig, ſäe de Ole, un keik ok en Mal
11	37	weiter	0	ja	ober den Heldernbuſch de Strate entlang na den Fleienſnipper, un as
11	38	weiter	0	ja	hei noch nipe na den Voggel ſochte, da kamm da in korten Gallup en
11	39	weiter	0	ja	Minſche klabiſter klabaſter up en Appelſchimmer in et Dor rineredden
11	40	weiter	0		un heilt up en Howwe.
11	41	leer	0		
11	42	absatz	4	ja	Veihwann! ſäe Ganne, un dabi word ſe roth un zetterig un dat
11	43	weiter	0	ja	Harte ſlaug ehr as woll et utfleien. Vaer, gaet ene entien, un latet
11	44	weiter	0		ene in de andre Stube, dat he de kranke Mudder nich ſtört.
12	1	absatz	4	ja	De ole Nettel dee denn ok wat ſine Dochter ſäe. Hei namm
12	2	weiter	0	ja	Veihwann dat Perd af, nademe dat ſe ſek guen Dag un ſchön Dank
12	3	weiter	0	ja	eſegt harren, un reip Veihwann tau: Gaht rechts in de Gaſtſtube, ek
12	4	weiter	0	ja	will anzant dat Perd uphalftern, weil des, dat uſe Jungens un Knechte
12	5	weiter	0		Sönndag fiert. Ganne ſchall jüg te drinken geben.
12	6	leer	0		
12	7	absatz	4	ja	En guen Drunk bi heiter Tied ut leiwer Hand is immer midde
12	8	weiter	0	ja	te nehmen, vornut, wenn en wie in Werthshuſe nich mal dervor te
12	9	weiter	0	ja	danken hat. Un dat was hier ſau, denn te diſſer Tied gung de Kraug
12	10	weiter	0	ja	noch bi den Ackerlüen un Halfſpänners umme, et gaf noch kein Ge-
12	11	weiter	0		meindewerthshus, un in diſſen Jahre harren Nettels den Utſchank.
12	12	leer	0		
12	13	absatz	4	ja	Veihwann gung ober de Däle in de Gaſtſtube un ſette ſek an den
12	14	weiter	0	ja	groten Diſch mit den gekrüzeten Beinen un der groten blauen Schebbern-
12	15	weiter	0		tafel.
12	16	leer	0		
12	17	absatz	4	ja	Da kamm Ganne in ehren Sönndaesſtaate, in lüttchen ſchwarten
12	18	weiter	0	ja	Clapptuffeln un dorchbrokenen Zwickelſtrümpen, ſlank un ſnar, as
12	19	weiter	0	ja	ene junke Eſche, un gaff Veihwann mit en fründlichen Willkomen de
12	20	weiter	0		lüttche Hand.
12	21	leer	0		
12	22	absatz	4	ja	Veihwann heilt de Hand feſte un ſäe: Jungfer, et hat mek led
12	23	weiter	0	ja	edahn, dat ek jüg te Pingeſten an en Worthſteine iwerig emaket hebbe,
12	24	weiter	0		un et hat mek neine Rauhe laten, ek mußte her un jüg affbidden.
12	25	leer	0		
12	26	absatz	4		Niſt vor ungut von te demale. Jü hät mek doch vergeben? —
12	27	leer	0		
12	28	absatz	4	ja	Ganne, de bet dahen immer up de Schebberntafel ekeken harre
12	29	weiter	0	ja	wor noch de Kriedeſtriche von ener untgewiſcheten Zeche dorchſchemmern
12	30	weiter	0	ja	deen, ſlaug nu ehre Oen up, half ſchämleren un half luſtig, as wolle
12	31	weiter	0	ja	ſe de Rechnunge von Dae vorher quitt maken un ſprok: Dat is all
12	32	weiter	0		lange her, un ek pläe lichte te vergettern.
12	33	leer	0		
12	34	absatz	4	ja	Wenn jü ſau lichte vergetten ſind, meine Veihwann, un ek doch
12	35	weiter	0	ja	nich geren vergetten ſien möchte, weil ek nich von jüg laten kann, ſau
12	36	weiter	0	ja	wärre et wol am beſten, wenn wie unſch te hope deen, un jü immer
12	37	weiter	0		bi mek blieben wollen? —
12	38	leer	0		
12	39	absatz	4	ja	Dat ſtimmet; dei Voggels, dei wegfleien künnt, de ſett en in en
12	40	weiter	0	ja	Buer. — Jü ſind lange utebleben, ehr jü dem Vogel naegahn ſind.
12	41	weiter	0	ja	De Voggel is noch frie, un et ward wol rathſam ſien, wie föddert von
12	42	weiter	0	ja	wat Andern. Ek hale jüg, et is hüte en heiten Dag, en friſchen
12	43	weiter	0		guen Drunk.
12	44	leer	0		
12	45	absatz	4	ja	Ob ſchonſt nu Veihwann helleſchen heit was, ſau dachte hei doch
12	46	weiter	0	ja	vel weniger an en Beierkraus, as an Ganne: Hei ſprung up un wolle
13	1	weiter	0	ja	Ganne in ſine Arme nehmen; man dat Mäken harre all den Kraus
13	2	weiter	0	ja	efatet, un dat gollene Beier mit ſinen Silberſchume ſprodele da inne up
13	3	weiter	0	ja	un dal, as ehre Harte in der Boſt. Wenn ſe ſüß ehre Lebedae nich
13	4	weiter	0	ja	oberlopen leit, dit mal harre ſe et doch verpaſſet, un bi den Dalſetten
13	5	weiter	0	ja	follen en Paar Druppen up de Schebberntafel, as wolle dat Schick ehr
13	6	weiter	0		de Teche upteiken.
13	7	leer	0		
13	8	absatz	4	ja	Veihwann nam fluchs de Tied wahr. Hei trecke dat Mäken tau
13	9	weiter	0	ja	ſek up en Schämel un ſäe: Nich wahr Ganne, Du warrſt mine
13	10	weiter	0		Frue? —
13	11	leer	0		
13	12	absatz	4	ja	Ecke? — Na, da ward wol Vaer un Mudder ok en Wort tau
13	13	weiter	0		te ſeggen hebben.
13	14	leer	0		
13	15	absatz	4	ja	Wie ut langer Wiele, tippe ſe dabi mit ehren lüttchen Finger in
13	16	weiter	0	ja	de obergelopenen Druppen, un telle de Sprittchen, de de Schebberntafel
13	17	weiter	0		anfuchten.
13	18	leer	0		
13	19	absatz	4	ja	Eine, tweie, dreie, veiere. — Dat was gerade, reip ſe mit ören
13	20	weiter	0	ja	frindlichen Geſichte, un wolle all inſlan, as ehr Veihwann de Hand
13	21	weiter	0	ja	un en Kuß bot, aberſt in diſſen Oenblicke, kam olt Nettel ut en Per-
13	22	weiter	0	ja	ſtalle, un entſchüllige ſek, dat hei den Halfter nich glieks ter Hand ehat,
13	23	weiter	0	ja	un dat dat ſau lange eduert harre, ehr hei ſinen Gaſte harre up-
13	24	weiter	0		wahren konnt.
13	25	leer	0		
13	26	absatz	4	ja	No, unſch is de Tied nich lang eworren, ſäe Ganne. Herr Veih-
13	27	weiter	0	ja	wann hat ene gue Utrede. Hei weit nietiig te fören un verſteit dat
13	28	weiter	0	ja	halftern. De Beiernixe is unſch ok nich entien eweſt. De utgeſtöbe-
13	29	weiter	0	ja	ten Druppen wärren grade. — Ja, Vaer, ek will et jüg man ſegen,
13	30	weiter	0	ja	Herr Veihwann hat um mek aneholen. Hei iſt lüiſch, ek mag ene lien,
13	31	weiter	0	ja	un wenn Du mek leiw haſt, ſprik mit ene. Anzant will ek na der
13	32	weiter	0	ja	Memme gahn, un ſe underwieſen wat ſcheien is, un fraen, wat ſcheien
13	33	weiter	0		ſchall. Damidde gung ſe ut der Dör ober de Däle na er Mudders.
13	34	leer	0		
13	35	absatz	4	ja	Nu gung dat ant Utfraen, wie et umme de ole Worth ſtünne.
13	36	weiter	0	ja	Wo vel Veih da uppe ginge, wo vel Land, Wieſchen un Holt der tau
13	37	weiter	0	ja	hören, un ob dat wol enaug wärre en richtig Utkommen te vermauen,
13	38	weiter	0	ja	wenn Ganne bi ehrer Aftreckig ene ordentliche Mitgaft midde kriegen dee.
13	39	weiter	0	ja	Dat ſtimme ja nu ſau halberlang, un olt Nettel harre vor't Mehrſte
13	40	weiter	0	ja	niſt dergegen, dat ſine Dochter up de Worth friee, aber hei harre immer
13	41	weiter	0	ja	noch en ander lüttig Bedenken, un dat beſtund da inne, dat Veihwann
13	42	weiter	0	ja	ſek wat der up te gue dath, dat hei ut ener olen Fomilig ſtamme, de
13	43	weiter	0	ja	ſek von Olders her tau den Eddelingen telle, un dat hei uterdem ſek
14	1	weiter	0	ja	vel mit Schrieberie afegeben harre. Dat wolle olt Nettels nicht recht
14	2	weiter	0	ja	in en Kopp. Wie Veihwann den Eddelmanns- un Gelehrten-Prikkel,
14	3	weiter	0	ja	ſau harre olt Nettel den Buern-Prikkel. Hei härre abſolut ſine Dochter
14	4	weiter	0	ja	keinen Schrieber, Halfbuern oder Koſſathen egeben. Hei meine, wat hei
14	5	weiter	0	ja	ſiner Dochter in diſſer Wieſe nicht tautruen künne, dat drefte hei Veih-
14	6	weiter	0		wann ſiner Dochter gegenober ok nich an Mauen ſien.
14	7	leer	0		
14	8	absatz	4	ja	Veihwann gaff ſek nu helleſche Meue olt Nettels rummer te
14	9	weiter	0	ja	krien, dat bi Stännen de ebillet wärren, un datau rekene hei de Nettelſche
14	10	weiter	0	ja	Fomilig, nein Underſchied bi wärre, un dat ja Grafen un Ferſten ofte-
14	11	weiter	0	ja	malen Dänzerinnen un Muſikantenmäkens frieen. Aber dat ſlaug bi
14	12	weiter	0	ja	olt Nettels Alles nich tau. Hei bleif der bi, en Underſchied wärrer doch
14	13	weiter	0	ja	bi en Minſchen wi bi en Veih. Un en Minſche wärre immer noch kein
14	14	weiter	0	ja	Minſche, un en Perd immer noch kein Perd. Bi en Pere keime dat up
14	15	weiter	0	ja	Race un Tucht, un bi en Minſchen up en Minſchen an. En Buer
14	16	weiter	0	ja	blewe en Buer, un en Eddelmann wärre immer noch nich eddel, aberſt
14	17	weiter	0	ja	en Junker könne dat jänkeriren nich laten, un darume wärre et beſſer
14	18	weiter	0		wenn jeder in ſinen Stanne bleve.
14	19	leer	0		
14	20	absatz	4	ja	Hier hapere de Frigat, un Veihwann wußte nich mehr ut un in.
14	21	weiter	0	ja	Weilen hei nu all up der Reterade was, dar en lichte Breiwe ſind, dei
14	22	weiter	0	ja	all olt ſind, un nich immer in guen Geruche ſtaht, ſau kamm hei un-
14	23	weiter	0	ja	glücklicher Wieſe up den Striet umme den Grashow an der Worth-
14	24	weiter	0	ja	wieſche te kören, un dat mit der Hochtied nu alle Fiendſchaft un alle
14	25	weiter	0		Groll en Enne hebben ſolle.
14	26	leer	0		
14	27	absatz	4	ja	Wat? — ſäe olt Nettel, de Grashow is na guen Rechte min.
14	28	weiter	0	ja	Hei fate mit der Linken na ſinen Dreimaſter un mit der Rechten na
14	29	weiter	0	ja	ſinen Appelbömen, de juſtemente in der Ecke von den Schenkdiſche ſtund.
14	30	weiter	0	ja	Sine Underlippe hänge einen halben Toll deiper dal, ſine Oenbroen
14	31	weiter	0	ja	richten ſek na unnen, ſine Oen maken witt wie bi en Oſſen, de ſek
14	32	weiter	0	ja	taun Stöten ſtellt, un gluſtern grimmig under der Grollfole vor, de
14	33	weiter	0	ja	ſau deipe word, as ene utgepleuete Grenzföre. Wat? is nich de
14	34	weiter	0	ja	Striet te Enne? — Steit nich de Strietſtein uperichtet up juer Halbe
14	35	weiter	0	ja	mit den Dribläe, un na unſch tau mit en Nettelkrue? — Wat is dat
14	36	weiter	0	ja	vor en Snack! — De Grashow is min, un nich en Quaderattoll geit
14	37	weiter	0		der von af.
14	38	leer	0		
14	39	absatz	4	ja	Ja, ſäe Veihwann, dat is wahr un hat ſine Richtigkeit; da inne
14	40	weiter	0	ja	hät jü recht, un ek härre den Strietſtein um Alles nich in't Mul
14	41	weiter	0	ja	e nohmen, denn ek weit, dat hei en heikel Dinges is, aber ofte Malen
15	1	weiter	0	ja	kummet ut deme, wat einen nich nehme is, en guen Utgang, un dat,
15	2	weiter	0		leiwe Vaer, drüppet hier tau.
15	3	leer	0		
15	4	absatz	4	ja	Dat Klewerblät up miner Halbe is ſeer Jahrhunderten dat Wapen-
15	5	weiter	0	ja	ſchild miner Vorfahren, un de Nettels hätt an allen Gebüen un up
15	6	weiter	0	ja	allen olen Liekenſteinen ne Brennnettele ſtahn. Wie wolle dat kommen
15	7	weiter	0	ja	ſien, wenn nich vor olen Tiedten beie, de Nettels wie de Veihwanns,
15	8	weiter	0	ja	diſſe Teiken edraen härren, de beie up en frieen Buernſtand henwieſet? —
15	9	weiter	0	ja	Dat is mal wiſſe, Buern ſind uſe Vorfahren alleſammt eweſt. De Per-
15	10	weiter	0	ja	köppe up en Dakferſten wieſet up en Spanndeinſt von frieen Buern in
15	11	weiter	0	ja	Kriegstiedten hen, un jedweder harre ſien Fomiligenwapen, man allene
15	12	weiter	0	ja	nich de Koſſathen un de Brinkſitters, denn dei dreuen kein Schild un
15	13	weiter	0	ja	kein Speet, un drumme konnen ſe ok nich vor richtige frie Buern gillen,
15	14	weiter	0	ja	un dreften neine Sunnen an ehren Hüſern hebben, ſe wärren nich frie
15	15	weiter	0	ja	un harren ehre Gut nicht von der Sunne. Zwars harren dat Hand-
15	16	weiter	0	ja	wark un de Warklüe ok ehre Teiken, as en Hauwieſen vor en Schmed,
15	17	weiter	0	ja	oder en Rad vor en Stellmaker, oder gar ene Scheere vor en Schnieer,
15	18	weiter	0	ja	aberſt dei harren denn wedder keine Perköppe, dei hören nich tau der
15	19	weiter	0	ja	Buernſchaft. No, dat is nu Alle anders e worren, un dorch dat vele
15	20	weiter	0	ja	Verlehnen un Tehopeköpen ſind de olen Fomiligenſtämme dorch en ander
15	21	weiter	0	ja	ernährt, wei aber hätt unſch ſtille weg von allen nien Wandel un Kehr
15	22	weiter	0	ja	frie eholen, un darumme latet jüg nich eriwrigen von wegen det Striet-
15	23	weiter	0	ja	ſteines, dei as Teiken von der Frieheit uſer beien Fomiligen ſteit; wered
15	24	weiter	0	ja	nich verdreitern, un legget de Klewerbläe un de Nettelbläe te hope up
15	25	weiter	0	ja	einen Bräe, un ek will jüg von Harten danken, un jüg leiwe Teitge
15	26	weiter	0		nennen.
15	27	leer	0		
15	28	absatz	4	ja	Diſſe Rede Veihwanns make up olt Nettel en ſtillenden Indruck.
15	29	weiter	0	ja	Teitge wolle Veihwann olt Nettels nennen, wenn hei de Klewer- un
15	30	weiter	0	ja	Nettelbläe teſamme legte, un Buern wärren ſe Alle eweſt mit Utnahme
15	31	weiter	0	ja	der Koſſathen, Brinkſitters un Schriebers. Dat was en Plaſter up
15	32	weiter	0	ja	de ole Wunne, as de Striet ober den Strietſtein wedder anereget word.
15	33	weiter	0	ja	Sine Fole vorn Koppe flache ſek allmählig wedder af, de Oen worren
15	34	weiter	0	ja	wedder fründlich, un de Appelbömen Gaeſtock word wedder in de Ecke
15	35	weiter	0	ja	ſtellt, aber ſpreken konne olt Nettel noch nich wier, dat Gebläute was
15	36	weiter	0	ja	noch nich ganz in Rauhe kommen. Hei nicke bifällig mit en Koppe un
15	37	weiter	0		köre vor ſek hen.
15	38	leer	0		
15	39	absatz	4		Tehope Drieblät un Nettelblät! — Buern ſind ſe Alle weſt.
15	40	leer	0		
15	41	absatz	4	ja	In diſſer ſachte lopenden Tied der Oberleggig, wor et Veihwann
16	1	weiter	0	ja	all ganz bängiglich word, kam Ganne Nettels wedder in de Stube.
16	2	weiter	0	ja	An Bedde ehrer kranken Mudders was Alles gut afelopen. De Olſche
16	3	weiter	0	ja	harre ſek, as ſe Veihwanns Andrag vernohmen, bi allen Elenne hoch
16	4	weiter	0		uperichtet. Se harre Gannes Hand efatet un fründlich an ſek etreket.
16	5	leer	0		
16	6	absatz	4	ja	Dat is de beſte Melizin up minen Krankenlager, harre ſe ſegt.
16	7	weiter	0	ja	Dei ſleit an; nu were ek woll wedder neſen. — Mine Dochter up ſau
16	8	weiter	0	ja	nen groten How! — Dat gift Botterwark un vulle Eierbräer un ene
16	9	weiter	0		grote Werthſchaft un Anſeihen.
16	10	leer	0		
16	11	absatz	4	ja	Vaer, ek danke Dek, dat Du min Gebet up e ne gue Frigat von
16	12	weiter	0	ja	miner Ganne ehört haſt. — Nu ſall de ole Striet umme de Nettel-
16	13	weiter	0	ja	wieſche nich wedder anefaket weren. — Ganne hale Veihwann un minen
16	14	weiter	0	ja	olen Heren rin. Wie wüllt jüg uſen Segen geben, un uſe Söhne ſüllt
16	15	weiter	0	ja	der bie ſien, un da ſall kein Kyff un kein Hader mehr mank ſcheien.
16	16	weiter	0	ja	Wie gebet de Wieſche an Veihwann af, un Veihwann kann ſe dek as
16	17	weiter	0		Morgengabe wedder terügge ſtellen.
16	18	leer	0		
16	19	absatz	4	ja	Ganne harre knappe den Willen ehrer Memme mit Thranen vor
16	20	weiter	0	ja	Luſt un Dank uterichtet, da recke ſek olt Nettels in de Höchte. Hei
16	21	weiter	0	ja	fate Ganne un Veihwann an de Hand un ſähe: Mine ole Mudders
16	22	weiter	0	ja	is en verſtännig un friedſam Wiw. Fruenslüe hätt vor't Mehrſte en
16	23	weiter	0	ja	richtig Inſeihn; et ſchwant ſe ofte, as fälle et ſe man ſau tau, wor wie
16	24	weiter	0		Mannsminſchen ofte lange ober grübeln un reken mött. —
16	25	leer	0		
16	26	absatz	4	ja	En gut Mann legt ſiner Fruen niſt in en Weg. Latet unſch nu
16	27	weiter	0		glicks hengaen, tau er Memme rober.
16	28	leer	0		
16	29	absatz	4	ja	In diſſen Oenblicke keimen Nettels Söhne von Howwe up de
16	30	weiter	0	ja	Däle un maken grote Oen, as ſe ehren Vaer un ehre Schweſter mit
16	31	weiter	0		Veihwann in er Midde na er Krankenſtube aftrecken ſeihn.
16	32	leer	0		
16	33	absatz	4	ja	Olt Nettel wenke ſei mit den Koppe tau, un de drei junken Burßen
16	34	weiter	0		folgen na bet an dat Krankenlager.
16	35	leer	0		
16	36	absatz	4	ja	Mudders, ſähe olt Nettel, hier is Herr Veihwann un uſe leiwe
16	37	weiter	0	ja	Ganne. Se hätt ſek up er Worthwiſche an en Strietſteine funnen un
16	38	weiter	0	ja	ſind en Paar. Ek gebe mine Inwilligunge, un Du ſegene uſe Kinder.
16	39	weiter	0	ja	— De Wieſche kummet an den Worthhow, mine Söhne! dat ſegge ek
16	40	weiter	0	ja	hier an diſſen Bedde, dat jü dat wett, un Veihwann is von hütigen
16	41	weiter	0	ja	Dae an jue Brauer. Et ſall nu kein Striet mehr ſien mank den
16	42	weiter	0	ja	Veihwanns un mank de Nettels, un tau en ewigen Angedenken ſall de
16	43	weiter	0	ja	Strietſtein ſtahn mit der Tahl, de wie ſchriebet, un ek will de Nettel-
17	1	weiter	0	ja	bläer tehope leggen mit dem Klewerbläe, unnen de Netteln un boben
17	2	weiter	0		dat Drieblät.
17	3	leer	0		
17	4	absatz	4	ja	De ole ſieke Mudder richte ſek hoch im Bedde up, un na deme,
17	5	weiter	0	ja	dat ſe beet harre, recke ſe ehre Hänne ut ober Veihwann un ober Ganne
17	6	weiter	0	ja	un ſprok: De Herre ſegne mine Kinder. — Se gaf Veihwann un
17	7	weiter	0	ja	Ganne en Kuß, olt Nettel ſchüddele Veihwann de Hand, un de drei jun-
17	8	weiter	0	ja	ken Nettels recken ſe Veihwann un ehrer Sweſter, un Ganne was
17	9	weiter	0		nu Brut, un Veihwann was en Bredigam.
17	10	leer	0		
17	11	absatz	4	ja	Et was ene grote Luſt up Nettels Howwe un up der olen Wort.
17	12	weiter	0	ja	Alles jubelire, un ſilbeſt de ole Appelſchimmel, de doch dat mehrſte Lo-
17	13	weiter	0	ja	pen der von harre, was vel beiniger un luſtiger e worren. De Hoch-
17	14	weiter	0	ja	tied leit nich lange up ſek luern, un Alle wärren guer Dinge un danzen
17	15	weiter	0	ja	veier Dae up en Nettelhowwe un veier Dae up er Worth. Et word
17	16	weiter	0	ja	vel Spaß e dreben mit Stehlen un Rüggeſtehlen, Ut- un Verkleen,
17	17	weiter	0	ja	Rededauen un Singen, Gläſerklinken un Shallnankanders, Tafelrumen
17	18	weiter	0	ja	un Kehrut, bet ſek Alles verleip wie dat Water von Barge flütt, un
17	19	weiter	0	ja	te leſt word et ſtille, un de olen Nettels reiſen na Hus mit ehren
17	20	weiter	0	ja	Söhnen, un de junken Lüe bleben up er Worth un richten ſek in, un et
17	21	weiter	0	ja	kam ene andere Tied, in der nich Alles ſau ſtille afleip as betsher in
17	22	weiter	0		Nettlingen un in den Nabersdörpern.
19	1	kapitel	0		Ganne Nettels,
19	2	unterkapitel	0		de Heilebäre un wat er von kummet.
19	3	leer	0		
19	4	absatz	4	ja	De Sommer na der Hochtied was en warmen Sommer, un dat
19	5	weiter	0		junke Paar harre ſine Luſt an en't ander un gung ſinen Geſchäften na.
19	6	leer	0		
19	7	absatz	4	ja	Hei weitere in't Feld un ſach de Weitenahren na, ob da wol
19	8	weiter	0	ja	kein Brand inne wärre, un ſei hantire in en Melkkelder un heilt Ob-
19	9	weiter	0	ja	ſicht ober ehre Mäkens, wenn dei an en Friedae wol Thal eſpunnen
19	10	weiter	0		härren un an Sünnabend de Schäue ſmären un blank putzen deen.
19	11	leer	0		
19	12	absatz	4	ja	Det Sönndaes na er Kerken pläen denn de beien junken Lüe,
19	13	weiter	0	ja	wenn't ſüs ſtille un queie Weder was, vor der Dör te ſitten under
19	14	weiter	0	ja	einen olen Haſſelnottbome, de da all lange, lange Jahre ſtahn harre,
19	15	weiter	0	ja	un von dene de lüttchen Lüe ſegten, et ginge under ene umme, et ſpeuke
19	16	weiter	0		da, un de Bom wärre en Mach-Handel-Bom.
19	17	leer	0		
19	18	absatz	4	ja	As ſe da nu mal wedder te ſamme wärren, un ober de Wieſche,
19	19	weiter	0	ja	den Diek un dat Buerholt na Nettels Howwe hen keiken, da harren
19	20	weiter	0	ja	ſek all de Heilebäre, — et was grade, dat de Weiten emeiet word, —
19	21	weiter	0	ja	to ehrer Wanderſchop te Hope egeben un heilen Rath, von eier ſe wol
19	22	weiter	0		affreiſen wollen, un wat vor ſe noch alle te beſpreken wärre.
19	23	leer	0		
19	24	absatz	4	ja	Ganne Veihwann word wehmäuig, dat nu de Winter balle komen
19	25	weiter	0	ja	ſolle, un dat ſe denne allene up er olen Worth blieben mößte, wenn
20	1	weiter	0	ja	Veihwann den ganzen Dag ober up en Felle ſcharwarke. Se härre
20	2	weiter	0	ja	wol mocht wenen, un as ſe bi ehren Naſinnen einen von den Heile-
20	3	weiter	0	ja	bären zedate nächer komen ſach un bedenklich ober ſinen lanken Bart
20	4	weiter	0	ja	kieken, da dee ſe, as wolle ſe ene ſmieten, un dabi röhe ſe den ober-
20	5	weiter	0	ja	hängigen Telgen an, un et follen twei Nötte dal, de noch in er Sliee
20	6	weiter	0		ſeiten, un grade in ehren Schot poltern.
20	7	leer	0		
20	8	absatz	4	ja	Dat kamm wie en guen Taufall. Se ſliee de Nötte ut un
20	9	weiter	0		gaf eine an Veihwann, un de andere beheilt ſe ſilben.
20	10	leer	0		
20	11	absatz	4	ja	De willt wie te ſamme upeten, ſäe de junke Frue, un dabi willt
20	12	weiter	0		wie unſch wat denken un wat der bi wünſchen.
20	13	leer	0		
20	14	absatz	4		Ek globe dat ſleiet tau en guen in.
20	15	leer	0		
20	16	absatz	4	ja	Ganne knacke, un Veihwann knacke, un de Heilebart keik grienend
20	17	weiter	0	ja	ter Halbe ober ſinen lanken Snabel un klappere luſtig un wenke mit
20	18	weiter	0		ſinen Fittchen, as wolle hei ja der tau ſeggen.
20	19	leer	0		
20	20	absatz	4	ja	As de Nötte verthert wärren, fraug Ganne: No wat was din
20	21	weiter	0	ja	Bigär, un wat haſt Du dek e wünſchet? — Grade wat Du dek edacht
20	22	weiter	0		haſt, twöre Veihwann an, un de Heilebart ſchall unſch dat bringen.
20	23	leer	0		
20	24	absatz	4	ja	No dat ſleit gut in. Ek harre vor dek en lüttchen Jungen e
20	25	weiter	0	ja	wünſchet, un wenn et ok en driehärigen wärre. Un ek vor dek en
20	26	weiter	0		fründlich lüttchet Mäken, un wenn et ok rohe Haare härre.
20	27	leer	0		
20	28	absatz	4	ja	De Klapperbart nicke tau mit ſinen Koppe, hei klappere luſtig up
20	29	weiter	0	ja	un dal, un denn flog hei weg na ſiner Kameradſchop, un de ganze
20	30	weiter	0	ja	Wanderhupe hucke un danze un klappere juſtemente, as wärre üchtens
20	31	weiter	0		ne gue Botſchaft komen.
20	32	leer	0		
20	33	absatz	4	ja	Ganne lache ſchämeleren, un Veihwann gaf ſiner Fruen en ſeuten
20	34	weiter	0	ja	Kuß, un et was grote Luſt bi den Heilebären up er Wieſche, un en
20	35	weiter	0		ſtillen Free bi Veihwanns in en lüttchen ſchönen Hüſeken.
20	36	leer	0		
20	37	absatz	4	ja	Aberſt wie dat ſau geit. — Alles hat ſine Tied, un na der Luſt
20	38	weiter	0		kummet de Laſt. De Heilebäre flohn henweg, un et word Winter.
20	39	leer	0		
20	40	absatz	4	ja	As dat Lov von den Bömen follt, da word Ganne wedder weh-
20	41	weiter	0	ja	mäuig, un as ſek en witt Laken ober de Ere utbreie, da dachte ſe an't
20	42	weiter	0	ja	Starben. Allgrämig ſach ſe ſek de ſwarten un grauen Kreien un de
20	43	weiter	0	ja	groten Raben an, de in ehren hogen Bömen Slapenstiedt heilen. Et
20	44	weiter	0	ja	keimen ehr Naedanken ut der Mäkenstiedt von Rabenveih un Liekhaun,
20	45	weiter	0	ja	un et drücke ſe dal, dat nu Alles anders eworren was, as ſe globet
20	46	weiter	0	ja	un edacht harre. Se ſchüddele denn wol mit en Koppe un fole ehre
21	1	weiter	0	ja	Hänne vor ſek up er Herzkule un ſüfze un bee. Un wenn ſe beet harre,
21	2	weiter	0	ja	denn ſlaug dat Herze wedder luſtig in der bangen Boſt, denn namm
21	3	weiter	0	ja	ſe ſek wat vor, un ſlüre ſachtchen na der groten Lae, un ſochte de wei-
21	4	weiter	0	ja	keſte un fienſte Lennewand vor, un ſnatt ſe kort tau lauter lüttchen
21	5	weiter	0		witten Kinderhimmeken.
21	6	leer	0		
21	7	absatz	4	ja	Sau was nu de ſnare, ſlanke un ſtolte Ganne ne ſtille un ze-
21	8	weiter	0	ja	datſche Husfrue worren. Under Hopen un Harren was Wihnachten
21	9	weiter	0	ja	ran komen, un in den twölf hilligen Nächten ſette ſek de junke Frue
21	10	weiter	0	ja	hen un neie un plätte de Some. Et word Niejahr, un de twelf Kin-
21	11	weiter	0	ja	derhimmen wärren emaket, un de junke Frue freue ſek ober de lüttche
21	12	weiter	0	ja	Cledage mehr, as to dem Male, as ſe noch as Schaulemäken niee
21	13	weiter	0	ja	Puppenkleder neie. De ganze utlaten Luſt was wedder bi ehr upe-
21	14	weiter	0	ja	waket, un wenn ſe ok bange up de Dae henkeik, de da komen ſollen,
21	15	weiter	0		ſau ſach ſe doch mit Couragie un Free up dat, wat ſe bedrepen mößte.
21	16	leer	0		
21	17	absatz	4	ja	De harre Winter, de Slotenſchuere un dat Sniegeſtöber werren
21	18	weiter	0	ja	nich mehr in Stanne, ſe vom Hopen aftebringen, un wenn denne mal
21	19	weiter	0	ja	de leibe Sunne en frindlichen warmen Strahl dorch de half upgedaue-
21	20	weiter	0	ja	ten Fenſterſchieben ſmatt, denn konne ſe vorwahr en Lach-Geſichte ma-
21	21	weiter	0	ja	ken, un denne harre Veihwann ſine Luſt an ſiner leiwen Frue, un ſe
21	22	weiter	0		leben ſek beie bi aller Sorge en guen Dag.
21	23	leer	0		
21	24	absatz	4	ja	Dit gung ſau hen, wie dat te kommen pläet, wenn en up dat
21	25	weiter	0	ja	Luern anewieſet is, under Bangen un Hopen, bet de ferreſten Schäpe-
21	26	weiter	0	ja	ken an en Palmwieen vorkeiken, un de Wold brune Knobben kreig.
21	27	weiter	0	ja	Da keik eines Daes de junke Frue na en olen Waenrae, dat Veih-
21	28	weiter	0	ja	wann vor de Heilebäre up dat Schündak harre ſetten laten, wenn wol
21	29	weiter	0	ja	dat Rieſig, dat da upelegt was, nich von Winne affeweihet wärre.
21	30	weiter	0	ja	Se ſummenire da ober na, ob wohl in diſſen Jahre en Heilebartpäre-
21	31	weiter	0	ja	ken ſek da uppe dal laten wolle. Gerade dee ſe ehren Mann raupen,
21	32	weiter	0	ja	dat hei dat Wahstüg deruppe feſte leggen ſolle, da kam ſchon en Lang-
21	33	weiter	0	ja	bein mit ſinen rohen Klapperſnabel ſachtchen ober dat Holt eflohn un
21	34	weiter	0	ja	ſette ſek up en Neſte dal, un legte de Rieſer te rechte, un keik liſtig
21	35	weiter	0	ja	grienend na er Frue hen, un klappere ut vuller Luſt, un verneige ſek
21	36	weiter	0	ja	as wolle hei ene gue Naricht bringen, dat nu ene andere Tiedt keime,
21	37	weiter	0		un dat dat Freujahr indrepen wolle.
21	38	leer	0		
21	39	absatz	4	ja	De junke Frue nam dit as en gut Vorlat. As aberſt de Abend,
22	1	weiter	0	ja	ran kam, da ſtelle ſek dat Bangen un Aengeſten wedder in, un ſe bee
22	2	weiter	0		ut deipeſten Harten: „Herre, hülp mek in miner Noth!“
22	3	leer	0		
22	4	absatz	4	ja	Et kamm ene ſtörmiſche Nacht, dat de Theile up en Däkern knattern,
22	5	weiter	0	ja	un dat de Schebbern an en Windlatten klappern, en Hulen, as ginge
22	6	weiter	0	ja	de wille Jagd ober't Feld un en Wold, un as ſollen alle Böme ut der
22	7	weiter	0	ja	Ere retten weren, un as wärre vor en Minſchen de jüngeſte Dag
22	8	weiter	0	ja	ekommen. De Wind ſtörte up dat lüttche Schön-Hüſeken, hei reit en
22	9	weiter	0	ja	Fenſter up un fege dorch Kamern un Bodden, un et kam under Schrieen
22	10	weiter	0	ja	un Anken un Süfzen ein Weihen ober't andere un up't Leſt en Rau-
22	11	weiter	0		pen vuller Angeſt un Beben, un denn word et ſtille.
22	12	leer	0		
22	13	absatz	4	ja	Dat was ene Nacht! — As aber de Morgen kam, da was de
22	14	weiter	0	ja	Heilebart in't Fenſter eflohn, un in Veihwanns Kamer, da ſtund ene
22	15	weiter	0	ja	lüttche Wehe, un da drinne leien en Paar lüttche, niedliche Kinderkens;
22	16	weiter	0		man de Junge was drie- un dat Mäken was rothhärig.
22	17	leer	0		
22	18	absatz	4		De Frue wake up, un Veihwann ſatt an der Wehe. —
22	19	leer	0		
22	20	absatz	4	ja	Se leit ſek de beien Kinderkens wieſen, un as ſe ſe emunſtert harre,
22	21	weiter	0	ja	da gaf ſe Veihwann mit enen frindlichen Geſichte de lüttche Hand un
22	22	weiter	0	ja	ſäe: Ek hebe ofte uſen Hahnen mit der Dreitackenkrone un uſe gele
22	23	weiter	0	ja	Haun mit der gollenen Boſt anekeken, un davon hat dat Mäken gollene
22	24	weiter	0		Haare, un de Junge de drei Spieren up en Koppe.
22	25	leer	0		
22	26	absatz	4	ja	De Beemudders ſtimme der midde in un meine: Ja Herre, dat
22	27	weiter	0	ja	könnt jü man glöben, wenn en in ſaunen Ummeſtännen iſt, denne is dat
22	28	weiter	0		Lichtes, denn kann en ſek balle verſeihn.
22	29	leer	0		
22	30	absatz	4	ja	Dat was nu te dem Male ſau de Globe; aberſt da dachte Nei-
22	31	weiter	0	ja	ner nich an, dat de Nottbom, under dene ſe ſek de Kinder ewünſchet
22	32	weiter	0	ja	harren, un ehre grote Sehnen na e ner Nakomenſchaft, an diſſer lüttchen
22	33	weiter	0		Verſchimpunge ſchuld an e harre.
22	34	leer	0		
22	35	absatz	4	ja	No Veihwann was en gut, verſtännig Minſche un harre da niſt
22	36	weiter	0		ober.
22	37	leer	0		
22	38	absatz	4	ja	Wie hätt unſch de Kinnerkens ewünſchet, ſäe hei, un nehmet, wat
22	39	weiter	0	ja	unſch de Herre gaf, mit Danke an. Wat einen eſchenket is, da ſall en nich
22	40	weiter	0	ja	anne mäkeln, un manke dorch maket de Tiedt balle gut, wat einen vor
22	41	weiter	0	ja	et Erſte nich nehme is. Rohe Haare wered in Older brun, un Drie-
22	42	weiter	0	ja	härigkeit is immer en Teiken von Beſtännigkeit, un dat en weit wat
22	43	weiter	0	ja	en will. Damidde gaf hei ſiner Fruen en Kuß, un ſe wärren beie froh,
23	1	weiter	0	ja	dat de ſtörmiſche Nacht vorbi was, un dat ſe de Kinnerkens in der
23	2	weiter	0		Wehe harren.
23	3	leer	0		
23	4	absatz	4	ja	Nu word de Appelſchimmel wedder eſadelt, un der ganzen Vaddern-
23	5	weiter	0	ja	ſchaft aneſegt, dat bi Veihwanns en Twillingspäreken anekomen wärre,
23	6	weiter	0		un dat ſe alle an en olen Maidae ter Döpe komen ſollen.
23	7	leer	0		
23	8	absatz	4	ja	In Schönhuſen, up er olen Worth, word et nich ſtille. Allebot
23	9	weiter	0	ja	keimen Nafraen, wie et der junken Frue un den Kinnerkens ginge. Vele
23	10	weiter	0	ja	gue Zuppen worren ebrocht, un Veihwann moßte manche fette Wochen-
23	11	weiter	0	ja	zuppe eten, de Kinnerkens wehen, in der heiten Stube ſitten un ut
23	12	weiter	0	ja	Zympathie midde ſweten. Dat gung ene nu ſwar af, aber en jung
23	13	weiter	0	ja	Vaer verdrägt vel, un de Luſt an ſinen Jungen heilt ene hoch. Hei
23	14	weiter	0	ja	was nu wedder vuller Hopen, dat dat Eddelblaut von den Veihwanns
23	15	weiter	0	ja	in den lüttchen driehärigen Sproten dralle upſcheiten, greunen un blau-
23	16	weiter	0	ja	men ſolle, as te dem Male, as ſine Vorfahren in dat Land un up de
23	17	weiter	0		ole Worth keimen.
23	18	leer	0		
23	19	absatz	4	ja	Ganne lache denn wol, wenn hei von den eddeln Vullblaue ſiener
23	20	weiter	0	ja	Ahnen köre, un wenn hei ſine Pläne make, wat alle ut den lüttchen
23	21	weiter	0	ja	driehärigen Prinzen weren ſolle. Se lache ene wat ut, dat dat Blaut
23	22	weiter	0	ja	von de Veihwanns beſſer ſien ſolle, as dat von en Frieburen Nettels.
23	23	weiter	0	ja	Blaut, meine ſe, is Blaut, un allebot roth, wenn't nich madderig is;
23	24	weiter	0	ja	aberſt da inne gaf ſe Biefall, dat döt Blaut beter ſie, denn dönſch.
23	25	weiter	0	ja	Döt un dönſch, ſäe ſe, ſtimmet nich gut te Hope, aber döt un dütſch
23	26	weiter	0	ja	dat lat ek gillen, un nu willen wie unſch nich wieer ſtrien; denn Alles,
23	27	weiter	0	ja	globe ek, kummet up uſen leiwen Herr Gott an, un vor unſch Eldern
23	28	weiter	0	ja	up ene gue Uptreckig; un dat wie da midde en richtig Anfängen maket,
23	29	weiter	0	ja	da willen wie der vor ſorgen, dat den Kinnern ene anſtännige Vadder-
23	30	weiter	0	ja	ſchaft ward, de ehren Päthen en guen frommen Wunſch utdenket, un ſe
23	31	weiter	0		Gaben middebringet, de ſe wat nützen könnt.
23	32	leer	0		
23	33	absatz	4	ja	Dat ſchach denn ok, un as de ole Maidag rankam, da ſach en
23	34	weiter	0	ja	groten Hupen von Fremmen up er olen Worth. Nein Minſche harre dat
23	35	weiter	0	ja	konnt denken, dat olt Veihwann, de ſüſſ ſau ſtille un verinſamt in
23	36	weiter	0	ja	ſinen lüttchen ſchönen Hüſeken ſatt, ſau ene grote Kundſchaft uptewieſen
23	37	weiter	0	ja	harre, de Alle von Wietens her un von underſchiedlichen groten
23	38	weiter	0	ja	Höwwen, wor hei vormals Diplomate eſpelt harre, mit ehrer Vaddern-
23	39	weiter	0		gabe antrecken deen, un ehre guen Glückwünſche brochten.
24	1	absatz	4	ja	Up et Leſt keimen ok noch drei ole Möhmen an de Wehe, de
24	2	weiter	0	ja	ſeihn ſek de Kinnerkens munſternd mit groten Oen an; ſe recken ſek
24	3	weiter	0	ja	ober en Pühle de Hänne, as tau en Verlöbniſſe, un denn leggten ſe
24	4	weiter	0	ja	en tehopeknüttet Bündel up et Lager, un weg wärren ſe, un nein
24	5	weiter	0		Minſche word wies, wor ſe her keimen, un wor ſe hen gingen.
24	6	leer	0		
24	7	absatz	4	ja	Dit Bündel was in en witt linnen Laken innebunnen, up dat
24	8	weiter	0	ja	allerhand rare Blaumen un Obet innewarket wärren. Knütten den er-
24	9	weiter	0	ja	ſten Knutten up, denn lag da up er einen Halbe en Speil, un up er
24	10	weiter	0	ja	andern ene lüttche Lampe, un wor ans ein de Lampe anſtok, un keik in den
24	11	weiter	0	ja	Speil, ſau konne hei Alles ſeihn, wat da vor Tiedten eſchein was, un
24	12	weiter	0	ja	wenn ein den Speil ummedreie, denne kunne hei Alles marken, wat der
24	13	weiter	0		noch komen ſolle.
24	14	leer	0		
24	15	absatz	4	ja	Under den tweiten Knutten, da lag en Fruengurt, glu as en
24	16	weiter	0	ja	Blendworm von blanken Silber un rohen Golle. Sien Puckel harre
24	17	weiter	0	ja	en Striepen, as ene Otter, un ſien Kopp harre en Paar Demantöen, von
24	18	weiter	0	ja	dene nein Minſche nich wußte, wo ſe hen glupen deen. Ut'en Mule
24	19	weiter	0	ja	hänge ne Dubbeltunge, de fate, wenn en den Gurt uprullen dee, juſte-
24	20	weiter	0	ja	mente in de Nöſe von den Stertenne. Da hängen nu an den Inſlotte
24	21	weiter	0	ja	en Paar wunderſchöne Appels, de heten de Fruenappels, un ſüllen na
24	22	weiter	0	ja	ener olen Mähre der Eva, as ſe mit Adam vom Bome der Erkenntniß
24	23	weiter	0	ja	naſche, leſt ut noch der Fruen von der Slange in en Buſſen ſmetten
24	24	weiter	0	ja	ſien un der nacher vel Unheil in der Minſchheit anerichtet hebben. Ob
24	25	weiter	0	ja	dat ſau is, da will ek nich vor inſtahn, denn et ward vel vortellt;
24	26	weiter	0	ja	manſt dat is min Globe: Wer in ſinen Leben ein Mal der tau ekomen
24	27	weiter	0	ja	is, de Appels te proben, de ward woll neinen Twiewel der anne hebben,
24	28	weiter	0	ja	dat dat Paradisappels wärren, vornut, wenn in ene noch en Bettchen
24	29	weiter	0		ole Adamsluſt un Nierigkeit na Erkenntniſſe un Klaukmakig inne is.
24	30	leer	0		
24	31	absatz	4	ja	Wer nich all te ſehre von der Bort an up en Kopp efallen is,
24	32	weiter	0	ja	de mot ſek dat inſtahn, dat de Vadderngabe von den drei olen Möh-
24	33	weiter	0	ja	men nich terrügge te ſetten was. En Kiek in dat, wat da ſcheihn was,
24	34	weiter	0	ja	un en Kiek in dat, wat da kommen ſall, is vor einen, de de Lampe
24	35	weiter	0	ja	anteſteken weit, wat ewerth, un wenn Eins den Fruengurt, mit den
24	36	weiter	0	ja	Appels der an, recht te handhaben vorſteiht, denn maket ſek dat ganz
24	37	weiter	0	ja	von ſilben, dat ut den Laken mit den raren Munſtern, wo de Päthen-
24	38	weiter	0		gabe inneknüttet was, en Diſchken Deckedeck ward.
25	1	absatz	4	ja	Nu will ek nich grade ſeggen, dat de olen Veihwanns um einen
25	2	weiter	0	ja	Sinn te korte komen wärren, weil des, dat ſe den Werth von der
25	3	weiter	0	ja	Vadderngabe nich recht innenomen harren, un ſe bi Siete ſetten. Se
25	4	weiter	0	ja	dachten da, weil ſe et nich nödig harren, nich der ober na, de Geſchenke
25	5	weiter	0	ja	utekramen, un ſek te beſinnen, wor tau dei wol nütze wärren. De
25	6	weiter	0	ja	Kinnere wärren ja noch lüttchet, un dat harre noch neine Noth da ober
25	7	weiter	0	ja	te ſpinteſiren, wor tau dei Geſchenke wohl gut wärren; dat wolle ſek
25	8	weiter	0	ja	mit der Tiedt wol finnen, wenn de Kinnerkens erſt ran wüſſen. Dat
25	9	weiter	0	ja	dat komen moßte, dat hopen ſe, un da twieweln ſe nich an, denn ſe
25	10	weiter	0	ja	pläen ſe un harren ſe leiw, un de Kinnere dieen denn ok, dat en ſine
25	11	weiter	0		Luſt der anne hebben konne.
25	12	leer	0		
25	13	absatz	4	ja	Sei häue de Gäuſe an en Worthdieke, un hei waie de
25	14	weiter	0	ja	Föllens un dat Groteveih, un wenn ſe Abends na Huſe keimen, denn
25	15	weiter	0	ja	eigeien un hätſcheln ſe Veihwanns. Ganne Nettels ſäe denn wol tau
25	16	weiter	0	ja	ehren Manne: Et is doch e ne wahre Luſt, wenn en de Krabaten ſau
25	17	weiter	0		ran waſſen ſieht, un wenn en ſek ſeggen kann: Dat ſind mine Kinner!
25	18	leer	0		
25	19	absatz	4	ja	Dit, mine Kinder, kam ehr aberſt mit einem Male wie ungerau-
25	20	weiter	0	ja	pen ſtruf ut'er Giele, as wärre da en Aber bi, un Veihwann fate dralle
25	21	weiter	0	ja	ſinen driehärigen Jungen, den ſe in der Döpe den Namen Otte geben
25	22	weiter	0		harren.
25	23	leer	0		
25	24	absatz	4	ja	Ek weit nich wie dat ſchah. Ganne, de wol na den lüttchen Mä-
25	25	weiter	0	ja	ken härre langen ſollt, dat ſe Gere nümeſen, un dat ſe mehr, as ehre
25	26	weiter	0	ja	Herzblatt leiw harre, Ganne leit dat lüttche Dören ok obſiets ſtahn
25	27	weiter	0	ja	un fate bitau ok na ehren Otte. Dat dee nu Ganne in der Seele weih
25	28	weiter	0	ja	un make bi Gere en ſchrinnen, wunnen Plack. De Twiewel kam. Von
25	29	weiter	0	ja	olt Veihwann will ek dat nich e mal grot ſeggen, de was in ſinen
25	30	weiter	0	ja	Jungen vernarret un harre vor Niſt wier en Oe; aberſt Gere was dat
25	31	weiter	0	ja	doch ſehre leed, dat ſe ſek tau en erſten Male verlaten feule, un allene
25	32	weiter	0	ja	ſtund. Ganne ſchot dat wie Martendrücken in de Herzkuhle, dat ſe te
25	33	weiter	0	ja	dem male, eher de Heilebart in't Fenſter flog, man einen Dänzer un-
25	34	weiter	0	ja	der ehren Harten efeult harre. Se konne da nich ower weg komen un
25	35	weiter	0	ja	munſtere wedder de beien Kinner, ob ſek dei wol lieke ſeien deen, un in
25	36	weiter	0	ja	de Frindſchaft ſläuen. Se keik un keik; manſt de Junge was un bleif
25	37	weiter	0	ja	driehärig, en Rundkopp mit en Paar grauen Kattenoen, as ſin Grote-
25	38	weiter	0	ja	vaer Nettels harre, un en Geſichte, as wolle hei de Welt betwingen un
25	39	weiter	0	ja	Kanaſchen, as könne hei de härreſten Nötte knacken. Gere dergegen
26	1	weiter	0	ja	harre en fien, gollen Siedenhaar, en ſmall, zierlich Geſichte, un en Paar
26	2	weiter	0	ja	blaue Oen, ſau weik un ſinnig, as wolle de ganze Hewen da inne up-
26	3	weiter	0	ja	gahn. Hei was en bettchen tollpatſch un plumpe wuſſen, un ſei was
26	4	weiter	0		ſlanke un gladde, as ene junke Eſche.
26	5	leer	0		
26	6	absatz	4		Dat Munſtern was ute, un de Likigkeit drop nich tau.
26	7	leer	0		
26	8	absatz	4	ja	No, meine Ganne, wenn ok de Underbeſcheid grot is, un ek et nich
26	9	weiter	0	ja	mehr rut krieen kann, ob hei oder ſei min Dänzer was, da will ek mek
26	10	weiter	0	ja	nich mehr umme härmen un plaen. De beien Kinner ſind mek in einer
26	11	weiter	0	ja	ſtörmeſchen Nacht e geben, un ek hebbe mine Luſt der an, un da ſall
26	12	weiter	0		mek nu kein Twiewel mehr ume ängeſten.
26	13	leer	0		
26	14	absatz	4	ja	Gere, ſähe ſe, Du ſaſt mine leiwe Dochter blieben, un wenn Du
26	15	weiter	0		mek ok undereſchoben oder inneweſſelt wärreſt.
26	16	leer	0		
26	17	absatz	4	ja	Damidde fate ſe Gere an de eine, un Otte an de andere Hand,
26	18	weiter	0	ja	un Veihwann fate Otte, un an de andere Gere, un et word en
26	19	weiter	0	ja	Rundel edanzet von e ner luſtigen un hüslichen Fomilig in aller Stille
26	20	weiter	0		un in aller Indracht.
26	21	leer	0		
26	22	absatz	4	ja	Diſſe ſtille Free un ungeſtörte Raue un Indracht duere ene ganze
26	23	weiter	0	ja	Wiele, un de beien junken Lüe, Otte un Gere, heuen vor bi na ehre
26	24	weiter	0		Veih. Hei fleitche:
26	25	leer	0		
26	26	vers	8		Wille, wille Wieke,
26	27	vers	8		Lat von dienen Dieke,
26	28	vers	8		Unliek un Like,
26	29	vers	8		Alles in min Rieke.
26	30	leer	0		
26	31	absatz	4		Un Gere ſwenke ehre Raue mit der rohen Fahne un ſung:
26	32	leer	0		
26	33	vers	8		Wille Wieke wehre,
26	34	vers	8		Dat ek mit der Gere
26	35	vers	8		Wenke mine Heere
26	36	vers	8		All te Veihwanns Ehre!
26	37	leer	0		
26	38	absatz	4	ja	Sau trecken ſe beie, Otte un Gere, as en Brauer un ene Sweſter
26	39	weiter	0		deit, mit der ganzen Aeſige na der olen Worth.
26	40	leer	0		
26	41	absatz	4	ja	All Quek un all Beiſt in Water un up en Lanne folge ſe na, un
26	42	weiter	0	ja	et was en luſtig Tehopeleben mank de beien Kinnern, as künne da min
26	43	weiter	0		Lebedae nein Striet bie vorkomen.
26	44	leer	0		
26	45	absatz	4	ja	De Fruenslüe pläen denn wol te ſeggen: Wenn de beie nich
26	46	weiter	0	ja	Twillinge un Brauer un Sweſter wärren, denne geibe dat en rar
26	47	weiter	0		Paar.
27	1	absatz	4	ja	No da inne harren ſe recht, denn Otte konne nich ſinder ſine
27	2	weiter	0	ja	Gere leben, un ſei keik ehne jimmer mit ſau nieren un ſinnigen Oen an,
27	3	weiter	0	ja	dat dat nein Wunder was, dat hei ſek da ganz inne vorleiſen moßte.
27	4	weiter	0	ja	Otte, ſäe ſe denn wol, ek hebbe deck ſau von Harten leiw, dat ek dek
27	5	weiter	0	ja	frien könne, wenn ek nich en Wunſchmäken wärre. Sau geit dat nich,
27	6	weiter	0	ja	aberſt ek will dien ſien un blieben, un dek grot maken dorch Been un
27	7	weiter	0	ja	Boten. — Ne grote Thrane folt denn wol wie e ne glaume Perle hen-
27	8	weiter	0	ja	dal, un Otte fate denn ehre lüttche Hand un tröſte ſe un ſegte: Gere,
27	9	weiter	0	ja	wie willen te hope blieben, bet an unſer Dae Enne. Mag da komen,
27	10	weiter	0	ja	wat da will, Du biſt mine herzleiwe Sweſter, un ek will dien Brauer
27	11	weiter	0		ſien un ſwäre dek tau, dat ek ewig dek gut ſien will.
27	12	leer	0		
27	13	absatz	4	ja	Se loben ſek dat tau, un de Luſt was grot bi den Kinnern, un
27	14	weiter	0	ja	ſe leben luſtig fort mit en ander. Veihwann un ſine Frue harren
27	15	weiter	0	ja	ehren Spaß der anne, un vorbat Ganne juchheiße lue up, dat de beien
27	16	weiter	0	ja	junken Lüe ſau fründlich mit en ander verkehren, un dat nich en inzig
27	17	weiter	0		Mal Striet under ſe word.
27	18	leer	0		
27	19	absatz	4	ja	In Huſe was ok Free, un et kam ok ſüſſ kein Spauk vor, de de
27	20	weiter	0	ja	Fomilig in Unraue ebrocht härre, aber wie dat ſau geit: Et ſall
27	21	weiter	0		Nemmes den Dag vor en Abend loben.
27	22	leer	0		
27	23	absatz	4	ja	Ole Anwöhnig lätt ſek nich dieken, ſe blaumet immer wedder up.
27	24	weiter	0	ja	Olt Veihwann kamm wedder in ſien olt diplomatiſch Weſen. Hei word
27	25	weiter	0	ja	en Heimekenfänger un ſochte dat Grote in hogen Regionen, wie wol hei
27	26	weiter	0	ja	wußte, dat dat Gröteſte vor't Mehrſte ganz unnen up er Ere upkiemen
27	27	weiter	0	ja	deit. Ofte plae ene det Nachts de Marte. Hei dremme von Ferſten,
27	28	weiter	0	ja	Königen un Kaiſer, un en grot wiet un ſtark Vaderland treke as en
27	29	weiter	0	ja	Schemen an ehne vorrober. Grote Gedanken ſpeuken in ſienen Koppe, un
27	30	weiter	0	ja	hei grübele lange da ober na, wie hei wol ſienen Volke nützen un ſil-
27	31	weiter	0	ja	ben högger rupſtieen könne. Hei was un bleif vor wahr en richtigen
27	32	weiter	0	ja	Eddelmann, obſchonſt hei mankedorch dat Plaugiſen lichte un de Klu-
27	33	weiter	0		ten trampe.
27	34	leer	0		
27	35	absatz	4	ja	Te dem Male, as ſek olt Veihwann wedder e mal mit groten
27	36	weiter	0	ja	Plänen ummedraug, was e ne rege Wahlagitatſchon in Lanne, un et
27	37	weiter	0	ja	was Veihwann ſien ganze Streben, en Sitz in Herrenhuſe inte nehmen.
27	38	weiter	0	ja	Hei wieſe drumme en hoges Older von ſiner Fomilig un en feſten,
27	39	weiter	0	ja	olen geſicherten Grundbeſitz as Arfland na; man de Nied von ſienes
27	40	weiter	0	ja	Glieken un de wapenkunnigen Heraldikers legten ene Alles ter Schanne
28	1	weiter	0	ja	ut. De Klewerbläder un de Netteln derunder düchten den Hiſtorien-
28	2	weiter	0	ja	ſchriebers nein Teiken von olen Adel, weil des, dat ſe nicht up Row
28	3	weiter	0		un Krieg henwieſen deen.
28	4	leer	0		
28	5	absatz	4	ja	Dat kränke nu olt Veihwann ut er Maten ſehre un fratt ene an
28	6	weiter	0	ja	Harten. In ſienen groten Mißmaue, un doch wiſſe wettend, dat dat
28	7	weiter	0	ja	ole Muerwark up ſiener Worth allene ſchon en Herrenſitz naſek trecken
28	8	weiter	0	ja	mößte, ſteig hei eines Daes up ſienen olen Steinthoren, un wahre de
28	9	weiter	0	ja	Botſchaft af, de ene nu de Naricht ober ener Wahl tau en Afgeordneten
28	10	weiter	0	ja	bringen ſolle, wor tau hei ſek emeld harre, un dei hei ſek tau ſinen
28	11	weiter	0	ja	Gunſten utlegte. De Boe kam, un wie et mit en Herrenſitze Niſt was,
28	12	weiter	0	ja	ſau was dat ok mit der Utſicht up en Landboen Niſt. Olt Veihwann
28	13	weiter	0	ja	kreig en Swimel, en Stein bröckele under ſienen Feuten ut, un as hei
28	14	weiter	0	ja	ſek an en Leierſtrahlen begriepen wolle, da wärren dei ok mulſch un
28	15	weiter	0	ja	ful, un Veihwann folt dorch, dorch de Leiere un dorch de Wahl un
28	16	weiter	0	ja	ſtörte mit en Koppe up en olt Plaugiſen, dat dar unnen ter Halbe
28	17	weiter	0		ſett was.
28	18	leer	0		
28	19	absatz	4	ja	Olt Veihwann was dote un de Dot, de bi ene innekehrt was, de
28	20	weiter	0	ja	harre ne beſocht as en richtigen Landeddelmann mank Muerwark un
28	21	weiter	0	ja	Plaugiſen, un dat was en anſtännigen un ehrenhaften Dot vor ene,
28	22	weiter	0	ja	denn wie kann einer beter de Spille komen, as dat hei an ſiner Paſchon
28	23	weiter	0		ſtarbet? —
28	24	leer	0		
28	25	absatz	4	ja	Wie nu aberſt kein Unglücke allene kummt, ſau kam dat ok hier.
28	26	weiter	0	ja	Ganne Veihwann, dei nu as Widdeweſche mit ehren Kinnern verlaten
28	27	weiter	0	ja	up er olen Worth ſatt, de barme un meue ſek af umme ehren Mann,
28	28	weiter	0	ja	un word ſiek un ſtorf, nademe dat ſe ehre Kinner vermahnt harre, dat
28	29	weiter	0	ja	ſe tru an en ander holen ſollen. Un de olen Nettels konnen nu wedder
28	30	weiter	0	ja	nich den Dot von ehrer Dochter oberſtahn, un dat Older un de Kummer
28	31	weiter	0	ja	brochten en grot Starben in de Fomilig, un allene Nettels Söhne
28	32	weiter	0		un Otte un Gere bleben ober.
29	1	kapitel	0		Nettels Söhne,
29	2	unterkapitel	0		de Aftog.
29	3	leer	0		
29	4	absatz	4	ja	Wo de Dot de afeſtorbenen Telgen von Bome ſnitt, da ſcheitet
29	5	weiter	0	ja	de Waterrieſer ut en olen Splinte vor mit greunen ſaftigen Blädern,
29	6	weiter	0	ja	man de Rieſer hät noch neinen wiſſen Stand, ſe ſweimelt noch in Winne
29	7	weiter	0		hen un her un ſeuket dat Wiee.
29	8	leer	0		
29	9	absatz	4	ja	Na Veihwanns un olt Nettels Doe kam de Wanderluſt in de ganze
29	10	weiter	0	ja	Fomilig. Up en Howwe von Nettels was neine Rauhe mehr. Keiner
29	11	weiter	0	ja	wußte wer Herre un Regente ſpelen ſolle, un dat gaf vel Hickhack un
29	12	weiter	0	ja	Werrwarr, un up er olen Worth, da was dat ok ſau hen, tefreen wär-
29	13	weiter	0		ren ſe da ok nich.
29	14	leer	0		
29	15	absatz	4	ja	Da keimen up et Erſt de drei Bräuer, wat nu Nettels Söhne
29	16	weiter	0	ja	wärren, da inne oberein, dat ſe wollen ehren Howw verpachten, un ſek
29	17	weiter	0	ja	in er Welt wolln ummedaun. Se deilen drumme alle ehre Husgeräthe
29	18	weiter	0	ja	un ok ehre Vadderngabe, de ſe bi der Döpe ſchenket was. Vor en
29	19	weiter	0	ja	Aelleſten ene Bibel, vor en tweiten en Degen, un en Hamer vor en
29	20	weiter	0		Jüngeſten.
29	21	leer	0		
29	22	absatz	4	ja	Mit diſſen Geſchenken trecken ſe nu af na deme, dat ſe Otte un
29	23	weiter	0	ja	Gere Adjees eſegt harren un keimen an en grot Water. Da wärren
29	24	weiter	0	ja	Scheepe uppe, un ſe koften ſek en Scheep un reiſen af, immer wieer,
29	25	weiter	0	ja	bet dat ſe an drei Inſeln keimen. De neimen ſe in wie dat Loos
29	26	weiter	0		follt, un jedweder richte ſek in, wie et grade na ſinen Sinne was.
29	27	leer	0		
29	28	absatz	4	ja	Up er erſten Inſel, de den Aelleſten taufolt, un de ſe Kerkenoe
29	29	weiter	0	ja	heten, da buen ſe ne grote Kerke. Dei ſtund up en Steinbarre un
29	30	weiter	0	ja	lüchte wiet in dat Land, un ſpeile ſek in en Meere, un ehre Krüze un
29	31	weiter	0	ja	Knöppe funkeln as Gold in Sunnenſchiene; drum herum aber was
29	32	weiter	0	ja	Alles kahl un ſtarre un ane Leben. Umme de groten Kerkendore treken
29	33	weiter	0	ja	ſek zwars Ranken un bunt Loof mit Voggels der inne, un de Hilligen
29	34	weiter	0	ja	keken da erut mit ehren Teiken un Wahlſprüchen, wie de Grauartſchen
30	1	weiter	0	ja	ut en Stickbeerbuſche, wenn ſe ſek en ſchöne Neſt ebuet hät, un Adam
30	2	weiter	0	ja	un Eva in ehrer Nakigkeit ſeihn grade ut, as wollen ſe eben mal en
30	3	weiter	0	ja	Bettchen Nakedei ſpelen. Ok de lüttchen Engels mit ehren runnen
30	4	weiter	0	ja	Bottervöggelfittgen, de fladdern da rummer her, as härren ſe ehre Luſt
30	5	weiter	0	ja	der anne, fromme Seelen intefängen; aberſt Alles was verſteinert bet
30	6	weiter	0		up dat Figenblät von uſer olen Stammmudders.
30	7	leer	0		
30	8	absatz	4	ja	De Minſchen, de in der Kerken been un ſungen, de wärren ok
30	9	weiter	0	ja	ganz ſtraff un ſtramme un dreien ſek, as wärren ſe von Stuck emaket,
30	10	weiter	0	ja	un ehre Been was one Enne, un ehre Sänge wärren lang etrecket,
30	11	weiter	0	ja	as de Sulen under de ſe eſungen worren. Wie in en Urwolde, ſau
30	12	weiter	0	ja	rehen ſek de Sülen Stamm an Stamm, un nein Voggel piepſe da inne,
30	13	weiter	0		ſau ſtille un hilig was de Ort, as de hillige Friedag under en Daen is.
30	14	leer	0		
30	15	absatz	4	ja	Word mankedorch dat Gebüe mal olt, bufällig un ruſterig, no,
30	16	weiter	0	ja	denn word ene glieks en niet witt Kleed anetreket un ene glante Scherte
30	17	weiter	0	ja	vorehänget, ſau dat dat wedder ganz ſtatſch utſach; man wat da epredi-
30	18	weiter	0	ja	get word, dat kreig keine niee Kledage. In older Sprake, un ganz, wie
30	19	weiter	0	ja	dat vor Tiedten oberkomen was, word da eſproken, un weilen, dat de
30	20	weiter	0	ja	Lüe dat immer wedder ſau te hören kreien, as dat vor hunderten von Jah-
30	21	weiter	0	ja	ren vertellt word, ſau word dat leſt ut langwielig tau en Hogahnen,
30	22	weiter	0	ja	un de ſtaatſchen Goddeshüſer ſtunnen vort Mehrſte leddig; aberſt dat
30	23	weiter	0	ja	ſchae niſt, denn de Nakomen von olt Nettels älleſten Sohnen, de
30	24	weiter	0	ja	wußten dat Kerkenoe ſe allene höre, un dat dat ehre Präbende was. Dat
30	25	weiter	0	ja	was vor ſe enauch, un drumme gung dat ſau mählig wieer. Wenn
30	26	weiter	0	ja	ok mankedorch Reiſepreddigers keimen un ok mal upmölmen, wat an
30	27	weiter	0	ja	Stoff ſek up de ſünnige Minſchheit dal elaten harre, ſau was dat,
30	28	weiter	0	ja	weil et vort Mehrſte ok man buttewennig uteſalbatert word, wedder
30	29	weiter	0	ja	von neinen groten Bilang, un de Minſchen leiten dat in dat eine Ohr
30	30	weiter	0	ja	rin, un ut en andern wedder rut gahn. Kort, Alles bleif bi en Olen;
30	31	weiter	0	ja	aberſt det Feſtdaes, wenn de kranken Beginen un de lüttchen Krabaten
30	32	weiter	0	ja	in de Kerke treken deen, denn word lue un harre preddiget, un dat
30	33	weiter	0	ja	Fegefüer word aneſchüert, dat de lichte Glaut drum erumm flog, weilen
30	34	weiter	0	ja	de Minſchen immer wedder an den feſten Globen rummerrackeln deen, de doch
30	35	weiter	0	ja	feſte ſtund, as en ſwaren Bortſtein. Wie dorft en da noch twieweln?
30	36	weiter	0	ja	— De Globe von Nettels älleſten Sohnen un ſinen Nakomen, dei was
30	37	weiter	0	ja	ebuet up en hilligen Wore, un da was kein Titelken von te nehmen
30	38	weiter	0	ja	oder tauteſetten. Dat Wort was einmal eſproken un eſchreben, un dat
31	1	weiter	0	ja	moßte verſtahn weren, wie et ſtund. Wer da tien was, dei word ter
31	2	weiter	0	ja	Halbe ſchoben oder utekieſet, denn dat Wort was wahr. Et lag en
31	3	weiter	0	ja	Wunder der inne, dat en dat mit en graden Verſtanne nich faten konne,
31	4	weiter	0		un dat en dat globen moßte, weil et abſlut nich te verſtahn was.
31	5	leer	0		
31	6	absatz	4	ja	Sau ne abſünderliche Wieſe was nu vor de Nakommen von ſeli-
31	7	weiter	0		gen Nettels tweiten un dridden Sohnen nich ohne Bilang.
31	8	leer	0		
31	9	absatz	4	ja	De Tweite, de ſek na ſiner Vadderngabe ſau recht up et Fechten
31	10	weiter	0	ja	legte, de brochte Alles up en Degen terrügge. Hei gaf ſek nich vel,
31	11	weiter	0	ja	wenn et nich en Krieg bidrop, mit Grübeln un Nadenken af. Wer en
31	12	weiter	0	ja	blanken Säbel an Koppel harre, un ſek tien de Fruenslüe upteſpelen
31	13	weiter	0	ja	verſtund, dei harre en Patent up Bildunge. Wer vor en Fruens In-
31	14	weiter	0	ja	ſtructſchon un Subordenatſchon ſine Reverenze make, de was en ganzen
31	15	weiter	0	ja	Kerel un en Zaldate, wie he in Bauke ſtund. Wat ſchere de ſek um en
31	16	weiter	0	ja	fien utſpinteſirten Bewies, ober dat, wat en globen ſolle, un wat en
31	17	weiter	0	ja	doch mit den helleſten Verſtanne nich begriepen konne. — Da was hei
31	18	weiter	0	ja	ober weg, dat make ene kein Koppbreken; man da inne ſtimme hei mit
31	19	weiter	0	ja	ſinen Bräuern von Kerkenoe oberein, dat ſe beie ene feſte Stidde inneh-
31	20	weiter	0	ja	men deen. Bi den Kerkenöern, da was dat eſchreben, un bi den Degen-
31	21	weiter	0	ja	dräers, da was dat eheten. Te Befehl was de inzige Parole, wenn
31	22	weiter	0		dat heit Ja, un te Befehl, was de inzige Parole, wenn dat heit Nee!
31	23	leer	0		
31	24	absatz	4	ja	Bi den dridden Sohnen un ſinen Nakomen, bi wecken dat Blaut
31	25	weiter	0	ja	noch hiller leip, weil des, dat ſe de jüngeſten wärren, da was dat an-
31	26	weiter	0	ja	ders. De meinen, den Minſchen wärre dat Nadenken nich ummeſuß
31	27	weiter	0	ja	egeben, un dat Verſtahn härre noch mehr te bedüen, as alle Vaddern-
31	28	weiter	0	ja	gabe. Wer Ohren härre te hören, dei ſolle ſe upknöppen, un wer Oen
31	29	weiter	0	ja	härre te ſeihn, de ſolle ſek ummekieken, un wenn ene de Päthe en Hamer
31	30	weiter	0	ja	eſchenket härre, denn ſolle hei dene mit Ummeſicht bruken un ſmeen un
31	31	weiter	0	ja	hamern, dat et de Art härre, up dat hei wat vor ſek brächte. Kort un
31	32	weiter	0	ja	gut, dat Nadenken un Binehmen von den drei Bräuern un ehren Na-
31	33	weiter	0	ja	komen gungen wiet ut enander, un dat härre wol Striet konnt geben,
31	34	weiter	0	ja	aberſt alle wärre ja Bräuer ut einer Fomilig, un dorch de Vadderngabe
31	35	weiter	0	ja	was ere Arbeit edeilt. Se ſtören ſek drumme nich un keimen en ander
31	36	weiter	0		nich in't Ravier.
31	37	leer	0		
31	38	absatz	4	ja	Se hulpen ſek enander ut un buen fort. Up er tweiten Inſel nu,
31	39	weiter	0	ja	de ſe Borgöe nämeſen, da buen ſe ene grote Borg un bemuern dei mit
31	40	weiter	0	ja	Muerwark, un beringen ſe mit Bollwarken, un richten grote Stallungen
32	1	weiter	0	ja	un Exercierplätze in. Alle junken Mannsminſchen, de grade wuſſen wärren,
32	2	weiter	0	ja	de keimen da up, un lehren dat Fechten, Scheiten, Maſchiren un Rieen.
32	3	weiter	0	ja	Dat Spitakel höre da Dag un Nacht nich up, un dat Cummando,
32	4	weiter	0	ja	Trummeln, Trumpeiten un Gewehrknattern harre nein Enne. Up allen
32	5	weiter	0	ja	Wällen ſtunnen de Poſten un keiken in de wiee Welt, ob er wol kein
32	6	weiter	0	ja	Fiend in Sicht wärre, un et was en grot Glitzern von Speten, Har-
32	7	weiter	0	ja	niſchen un gluen Helmen, aberſt ſüſſ was dat ok da kahl un ſtöbig un
32	8	weiter	0	ja	troſtlos as in Kerkenoe, ſau, dat da ok kein Voggel uppe buen, un ſien
32	9	weiter	0	ja	luſtig Lied uppe piepſen mochte. Un dat konne ok nich anders ſien,
32	10	weiter	0	ja	weil des, dat et da te unruhig uppe was, un weil gar Niſt producirt
32	11	weiter	0	ja	word. Et gaf da Niſt te bieten, denn dat bettchen Commißbrod was
32	12	weiter	0		balle upetehrt, un Alles, wat en bruke, dat moßte tauedran weren.
32	13	leer	0		
32	14	absatz	4	ja	Wie wol, dat da nu kein Seien, Greunen un Eren up Borgoe was,
32	15	weiter	0	ja	ſau harren doch de Fruenslüe en hölliſchen Japp, diſſe Inſel in Oen-
32	16	weiter	0	ja	ſchien te nehmen un te beſeuken. Se keimen drumme oftemals von wiet
32	17	weiter	0	ja	her, un keken ſek de ſmucken, junken Kerels an, de et alle ſau dralle
32	18	weiter	0	ja	harren, un propper inekleet wärren. Wenn ſe nu de Fruenslüe na en
32	19	weiter	0	ja	Maneuvers gut eſpieſet un edränket harren, denn harren dei man den
32	20	weiter	0	ja	einen inzigen Wunſch, ſek en adretten Huſaren intefängen; denn dei
32	21	weiter	0	ja	wußte ſek niedlich te maken un harre kein ſau ruſterig Geſichte un keine
32	22	weiter	0	ja	ſau ſmärige Kledage, as de Mannsminſchen up er dridden Inſele, de
32	23	weiter	0		ſe Warkoe heten.
32	24	leer	0		
32	25	absatz	4	ja	Up diſſer dridden Inſele, de den jüngeſten Sohnen un ſinen
32	26	weiter	0	ja	Kinnern taufolt, da wärren allerhand Minſchen, de hantiren da dat
32	27	weiter	0	ja	Iſen un ſnedden dat Holt, un ſcharwarken mit den Plaue, un gräuben
32	28	weiter	0	ja	dat Land umme, un pläen de Wieſchen, den Wold un en Bargbu.
32	29	weiter	0	ja	Se richten grote Hüſer in mit allmächtig hogen Schoſteinen, un ober
32	30	weiter	0	ja	alle Däker treke de Rok un de Stiem, aberſt et was vel Verkehr da un
32	31	weiter	0	ja	en bunt Leben, un de Schepe keimen un halen, un brochten wat en
32	32	weiter	0	ja	Minſchen nehme was, un wat ſe bruken konnen. Mank den groten
32	33	weiter	0	ja	Warkſtidden trecken grote Luſtgarens un greune Saatfelder dorch, un
32	34	weiter	0		de Voggels ſungen da ehre luſtige
32	35	leer	0		
32	36	vers	8		„Freue dek, freue dek doch!“
32	37	leer	0		
32	38	absatz	4	ja	Un de Minſchen wärren luſtig un gungen ſpaziren, wenn et Sönn-
32	39	weiter	0		dag was, un harren vel Plaſir an Danz un Kegelſchuben.
33	1	absatz	4	ja	Wenn en ſe fraug, woher dat keime, dat da Alles ſau in enander
33	2	weiter	0	ja	ſtimme un greune un blaume, denn wieſen ſe up ehre harren Hänne
33	3	weiter	0	ja	un up de hogen Schoſteine un ſegten: De da ſind de wahren Weg-
33	4	weiter	0	ja	wieſers tau en Himmel, un düt ſind uſe grobben Hänne, de wie tau'n
33	5	weiter	0	ja	Been folt, un wer ſau beet, de legt de Hänne nich in en Schot, dei
33	6	weiter	0	ja	ſwinget en Hamer, un dat Brod kümmet denn ober Nacht ganz von
33	7	weiter	0		ſilben, as wärr et von en Klabaſtermännekens tauedraen.
33	8	leer	0		
33	9	absatz	4	ja	Bi alle dem, dat dat nu up Worköe ganz halberlang gut ging,
33	10	weiter	0	ja	ſau wärren ſe doch ofte grämelären un lichte verdreitern. Se ſchimpen
33	11	weiter	0	ja	up ehre Vaddern von Kerkenoe un Borgoe, un munkiren ſek ober en
33	12	weiter	0		Theinten un dat Mandgeld, dat ſe allene moßten geben.
33	13	leer	0		
33	14	absatz	4	ja	Dei Leddiggängers, ſegten ſe denn wol, dei prodecirt Niſt, dei
33	15	weiter	0	ja	conſemirt blot, un wenn ſe olt werd, denn krieet ſe gar noch Panſchon.
33	16	weiter	0	ja	Dat mott anders inerichtet un beter uteſett weren, wenn da Gerechtig-
33	17	weiter	0	ja	keit bi weſen ſchall. Obſchonſt et hier utſieht, as wärre de Segen bi
33	18	weiter	0	ja	unſch inetrecket, ſau is doch en helleſchen Underbeſcheid da, de ſek von
33	19	weiter	0	ja	Olders her ineſleken hat. Wenn wie ok nich von oberkomenen Vorrech-
33	20	weiter	0	ja	ten kören willt; de Tiedten ſind, Gott low! vorbi, wo Eins allenthal-
33	21	weiter	0	ja	ben inneenget word un nicht frie rummerhertrecken konne, aber wat hül-
33	22	weiter	0	ja	pet unſch dat? Et is en ander Elenne ober unſch ekomen; dat Kaptal
33	23	weiter	0	ja	drücket unſch dal. — Dat Kaptal, ja dat Kaptal, dat grulig veele Geld
33	24	weiter	0	ja	is uſe Unglücke, un wat dat Slimmſte iſt, wie ſind er ſilben ane ſchuld;
33	25	weiter	0	ja	denn wo wärre et denn herkomen, wenn wie et nich verdeint härren?
33	26	weiter	0	ja	— Uſe Arme un uſe Sweet hatt et ut en Bargen ehalt, un wie hätt
33	27	weiter	0		dat Wennigſte der von.
33	28	leer	0		
33	29	absatz	4	ja	Da ſittet de Groten un tellet tehope, un ehre Hupe ward immer
33	30	weiter	0	ja	grötter, un uſe Kledagig ward immer ſchäbiger, un uſe Sticke ward immer
33	31	weiter	0	ja	lüttcher un dröer. Et is lichtferriger von den veelen Drieers, de dat Geſchäfte
33	32	weiter	0	ja	bringet te rügge te leggen, as von den entlen Gröſchens, de wie vor
33	33	weiter	0	ja	Daglohn krieet. Wenn ok de Groten ſegget: dorch Ordnunge, Fliet un
33	34	weiter	0	ja	Sparſamkeit wärren ſe ſau wiet ekomen, — un dat mag ja ſin — wie
33	35	weiter	0	ja	könnt unſch noch ſau vel afmeuen un inſchränken, unſch blift doch Niſt
33	36	weiter	0		ober. Wenn unſch ehulpen weren ſall, ſau mott dat Kaptal ut er Welt.
33	37	leer	0		
33	38	absatz	4	ja	Jedweder mott like vel hebben, un darumme mott von Nieen edeilt
33	39	weiter	0	ja	weren. Denne künnt wie wedder von vorne anfängen, un wenn Alle
33	40	weiter	0	ja	lieke vel hätt, denn ward et ſek ja utwieſen, ob bi lieken Wolſtanne
34	1	weiter	0	ja	nich mehr Free is, un op et anebrocht is, dat en ſau groten Under-
34	2	weiter	0		ſcheid biſteiht.
34	3	leer	0		
34	4	absatz	4	ja	Alle mött na ehrer Paſchon leben, un alle möt ſe da inne ter
34	5	weiter	0	ja	Hand gahn. Denn kummet erſt de Tiedt, wo de grote Free intrecket,
34	6	weiter	0	ja	wo de Arbeit ne Luſt ward un ſek upn Staule det Globens dalſetten
34	7	weiter	0	ja	deit, wo de Menge von Arbeitsſegen ober de Minſchheit up er ganzen
34	8	weiter	0	ja	Ere kummt, un all Volk tau Chriſten ward indrächtlich in en allmäch-
34	9	weiter	0	ja	tig groten chriſtlichen Arbeitsſtaate. Denn ſau ward de Ere tauen Para-
34	10	weiter	0	ja	dieſe, un de Minſchen lebet as Bräuer un Sweſtern, as Kinder Gottes,
34	11	weiter	0		un dat is et grade, wat en Minſchen taukümmet.
34	12	leer	0		
34	13	absatz	4	ja	Dat was nu ſau de Globe von en Mehrſten; un da inne moß-
34	14	weiter	0	ja	ten ſe recht geben, ſchöne was dat nich, dat en ſau grot Underbeſcheid
34	15	weiter	0	ja	beſtund mank dene, de wat harren, un mank dei, de Niſt weren konnen.
34	16	weiter	0	ja	Harre doch uſe Herrgott Allen lieke Sinne un Verlangen egeben, grade,
34	17	weiter	0	ja	wie ſek dat bi en Kindern utwieſet, de, wenn en ſe beſchenket, alle lieke
34	18	weiter	0	ja	veel hebben willt. De Underſcheid in Beſitze un Wolſtanne was zwars
34	19	weiter	0	ja	bi en Vorfahren von Nettels Söhnen ok all e weſt, aberſt te dem Male
34	20	weiter	0		word dat dorch de Plicht uteglieket.
34	21	leer	0		
34	22	absatz	4	ja	De in Kriee dorch Blautarbeit dat Land innenohmen harren, wärren
34	23	weiter	0	ja	zwars mit en gröttern Andeil begabet, as ehre Lüe, de blot Spanndeinſt
34	24	weiter	0	ja	deien, un mit der Blauterend niſt te dauen hebben wollen; ok wärren
34	25	weiter	0	ja	dei, de dat Kommando harren, en Bettchen beter wegekomen, as dei,
34	26	weiter	0	ja	de ſek dorch Wahl under ſe begeben harren; manſt bi jeder Kieſunge
34	27	weiter	0	ja	konnen de, de unnen ſtunnen högger rup rücken, un in Werthe wärren
34	28	weiter	0	ja	ſe drumme doch Alle gliek, bet up dei, de ſeck under Schutz eſtellt har-
34	29	weiter	0	ja	ren, keinen Kriegsdeinſt dauen wollen, un drumme tau den hörigen Lüen
34	30	weiter	0	ja	ereket werren. Vor diſſe moßten de Gröttern ſorgen, un dat was ehre
34	31	weiter	0	ja	Plicht, dei gar nicht ſau kleine anteſeihn was. Se moßten in Krie den
34	32	weiter	0	ja	Fiend afwehren, un in Free dat Land reine holen von Räubers, Bären,
34	33	weiter	0	ja	Wülwern, Swienen un Herſchen. Se harren ſe in Gerichte te vertreen,
34	34	weiter	0	ja	un moßten dabi noch alle Bußen, Laſten un Afgaben drahn, bet an de
34	35	weiter	0	ja	Geſchenke an Kerke un Schaule. Vor alle diſſe Gutdathen geiben de
34	36	weiter	0	ja	lüttchen Lüe Niſt, manſt blot de Vulleibekau word eboen, wenn de Herre
34	37	weiter	0	ja	ſinen Howw verarbe, un de Kinder ſek in dee Herrwete un Rate deilen.
34	38	weiter	0	ja	Sau kamm et denn, dat de lüttchen frieen Herren ehre Laſten nich mehr
34	39	weiter	0	ja	draen konnen, un dat ehre Höwwe ingingen dorch Verlehnen, un dat ſe
35	1	weiter	0	ja	teleſt nu ſilbeſt von en Koſſathen utekofft worren. De frien Nako-
35	2	weiter	0	ja	men von diſſen utekoften Höwwen, dei lehren nu en Handwark oder ſtu-
35	3	weiter	0	ja	diren, un gungen in de Städte un dreben Handel un worren rieke. Sau
35	4	weiter	0	ja	kam wedder en groten Weſſel in Wolſtanne. De groten keiken up de
35	5	weiter	0	ja	Palbörgers, un de Börgers up de Buern hendal, un de, de Niſt harren,
35	6	weiter	0	ja	worren upſäſſig un proppen ſek vull Nied, un meinen mit der Fuſt
35	7	weiter	0	ja	de Welt te reformiren. Se harren grobbe Hänne un leddige Maens,
35	8	weiter	0	ja	un dachten weil ſe de Mehrheit utmaken, et dorchſetten te können, dat
35	9	weiter	0		von Nieen edeilt weren mößte.
35	10	leer	0		
35	11	absatz	4	ja	Dütt make nu bi allen, de wat harren un bange wärren, dat ſe
35	12	weiter	0	ja	dorch de Menge ehre Gut un Geld verleiſen ſollen, en pienlich Gruſeln,
35	13	weiter	0	ja	un ſe trecken dat in Oberleggig, wo Eins wol da der von komen könne.
35	14	weiter	0	ja	Et worren veele Vorſchläe emaket, manſt den richtigen Weg ſlaug Kei-
35	15	weiter	0	ja	ner in. De Bangebüßen, de reipen: Et mott wat ſchein! De aberſt,
35	16	weiter	0	ja	de ſek en Bettchen rannearbeiet harren, un de in Geſchäfte wat verdeinen,
35	17	weiter	0	ja	dei meinen, ſau lange, wie ſei leben, wolle ſek dat wol hentrecken, un
35	18	weiter	0		man könne dat Alles ſau lopen laten, wie dat betsher elopen härre.
35	19	leer	0		
35	20	absatz	4	ja	Wat wolle de grote Hupe denn? — Hei wolle na er Paſchon
35	21	weiter	0	ja	arbeien; no dat ſcheihe ja alle Dae, denn de Eine arbeie mit en Koppe,
35	22	weiter	0		un de Andere mit en Hännen un Feuten.
35	23	leer	0		
35	24	absatz	4	ja	De Menge wolle deilen. Ok dat ſcheihe na Schick, Gelehrigkeit un
35	25	weiter	0	ja	Kraft. Dat richte ſek alle, wie bi en Fabrikaten, na Anbeiig un Na-
35	26	weiter	0	ja	frae, un de Pries ſtelle ſek na deme, wat Einer könne, wie bi en Werthe
35	27	weiter	0		von er Waare.
35	28	leer	0		
35	29	absatz	4	ja	Dat was nu wol recht; denn in Leben is dat ſau, dat Alles bi-
35	30	weiter	0	ja	thalt ward, nademe, dat er eleiſtet ward; aberſt de Minſchen wärren
35	31	weiter	0	ja	Minſchen un wollen ſek minſchlich bihandeln laten. Se wollen nich wie
35	32	weiter	0	ja	Pere un Damp ekofft ſien. Se meinen, wenn de Geſammtheit ne grote
35	33	weiter	0	ja	Fabrike wärre, de ſek na velen Richtungen hen vertwiee, un jedwedder
35	34	weiter	0	ja	da inne ſine Stidde härre, un ſinen Andeil ut en Verkop trecke, denn
35	35	weiter	0	ja	mößte dat Dinges gut gahn. Na, dat härre wol konnt ſien, manſt, wie
35	36	weiter	0		ſtund et denn mit der Frieheit, de doch ok Keiner upgeben wolle? —
35	37	leer	0		
35	38	absatz	4	ja	De von Kerkenoe meinen, dat hülpe Alles niſt, de wahre Free
35	39	weiter	0	ja	keime von en richtigen Globen, un wenn ſek de Minſchheit mehr wedder
35	40	weiter	0	ja	den Globen tauwenne, un an de Kerke heile, denn keime de richtige In-
35	41	weiter	0	ja	ſicht, un de Minſchen ſtüern denn nich mehr up en olen utgeſlaenen
36	1	weiter	0	ja	Holtween. Manſt den Weg betern, dat wolle Keiner, un de Kerkenöer
36	2	weiter	0	ja	erſt recht nich. Et moßte ſcheier Alles bi en Olen blieben, un doch
36	3	weiter	0	ja	brochten ehre Kerken Niſt in, wor dorch ſe härren konnt Hülpe bringen.
36	4	weiter	0	ja	De von Borgoe aberſt ſegten, ohne vel na tedenken: Et mößte vor
36	5	weiter	0	ja	Allen Rauhe ſien, un da vor wärren ſei da; denn ſei härren en Degen.
36	6	weiter	0	ja	Sau kamm denn veel Wedderſpeel in de Minſchheit. De Lüttchen gön-
36	7	weiter	0	ja	nen den Groten Niſt, un de Groten keiken ober de Lüttchen henweg.
36	8	weiter	0	ja	De Lüttchen geiben Terneidsnamen, un de Groten ſchillen up de Strie-
36	9	weiter	0		kers, Klubiſten un Knoten.
36	10	leer	0		
36	11	absatz	4	ja	De Free was ute, un de Indracht was weg, un dat härre wol
36	12	weiter	0	ja	konnt Striet geben under den Bräuern un ehre Nakomen, aberſt de
36	13	weiter	0	ja	Minſche ward Alles gewohnt, un ſau gung dat en olen Gang fort un-
36	14	weiter	0	ja	der Mißmaue un Murren, denn dat ſe von einen Herkomen wärren,
36	15	weiter	0		dat ſteck er noch inne.
36	16	leer	0		
36	17	absatz	4	ja	De Inſelaner leben bi en ander hen, wie dat ehre Arbeit mit ſek
36	18	weiter	0	ja	brochte, un ehre Geſchäfte un Lebenswieſe wärren up de Naberländer
36	19	weiter	0	ja	un up dat feſte Land nich ohne Bilang un Infleiten. Dahen ſchicken
36	20	weiter	0	ja	ſe ehre Boen un Kundſchafters; de Kerkenoer ehre Kapelhahnen un
36	21	weiter	0	ja	Dechahnen; de Borgoer ehre Riet- un Rittmeſters, un de Warkoer
36	22	weiter	0	ja	ehre Stromers un Striekers. Dit make den olen König, de do te ma-
36	23	weiter	0	ja	len Regente ſpele, vel Koppbrekerie un Krawall, aberſt, vorbat, weil dat
36	24	weiter	0	ja	en König was, vor den en de Mütze afnehmen moßte, ſau gung dat
36	25	weiter	0		Speel vor't Mehrſte halwee gut umme.
36	26	leer	0		
36	27	absatz	4	ja	De ole König was, dat moßt en ſeggen, en ganzen König. Sinen
36	28	weiter	0	ja	Harten na was hei en Zoldate, ſtramm bet up en Gamaſchenknopp, un
36	29	weiter	0	ja	Inſtructſchon un Subordenatſchon, dat wärren, wie bi Nettels tweiten
36	30	weiter	0	ja	Sohnen, ok ſine Parole; aberſt, wenn hei nich in Deinſt was, denn
36	31	weiter	0	ja	was e frie, un frier as alle Warklüe von Warkoe. Denn gung hei
36	32	weiter	0	ja	forſche up ſien Teel los, un blot was paſſig was, dat word in't Oe
36	33	weiter	0	ja	nohmen un in't Wark eſett, un dat immer mit einer Globenstrüe, dat
36	34	weiter	0	ja	en ſek verwundern moßte; ja, hei gung in Globen ſilbeſt den Aelleſten
36	35	weiter	0	ja	von Nettels Söhnen noch ober. Hei was vor wahr en Regente, dei
36	36	weiter	0	ja	Vel dorch emaket un Wennig vergetten harre; aber hei was ok in Un-
36	37	weiter	0	ja	glücke eſtahlt. Freu ſchonſt harre hei ſine leiwe Mudders verloren.
36	38	weiter	0	ja	De was an einer vergiftigen Rauſe ſtorben, de er de böſe Fiend eſchen-
37	1	weiter	0	ja	ket harre, un bi ehren Doe harre ſe ene Niſt hinderlaten, as ene Swans-
37	2	weiter	0	ja	feddere ut en witten Feddernklee, un mit diſſer en feſten Globen an
37	3	weiter	0		ſin Volk un an ſin Vaderland.
37	4	leer	0		
37	5	absatz	4	ja	Sin Vaer, de en gerecht Mann was un ok ſinen Fienden geren
37	6	weiter	0	ja	harre Wort holen wollt, was umme ſiner Gerechtigkeit halben bina umme
37	7	weiter	0	ja	ſin ganze Rieke komen, härre ene nich en olt Kriegskamerade, de ſin
37	8	weiter	0	ja	Leben un ſinen Kopp dranſette, en gut Kloppetüg uppehebet. Un ſin
37	9	weiter	0	ja	Brauer, dat moßt en tau geben, dei harre Vel elehrt un was en Stu-
37	10	weiter	0	ja	dirten. Hei konne Alles un köddere gut, man dat Soloſpeelen, dat
37	11	weiter	0	ja	harre hei nich konnt inkrieen. Hei ſegte alle mal, wenn ſchonſt hei
37	12	weiter	0	ja	Alles in der Hand harre, allebot ene Frae an, un denn jubeliren dei
37	13	weiter	0	ja	von Kerkenoe ober ſine ſudge Wieſe un ober ſinen frommen Sinn, un
37	14	weiter	0	ja	de Gnade, de as en Afglanz von der himmliſchen Gnade ober ſe ekomen
37	15	weiter	0		was.
37	16	leer	0		
37	17	absatz	4	ja	De Warkoer aberſt ſchillen, dat ſe mit Gnade afeſpieſet wärren,
37	18	weiter	0	ja	wo ſe Gerechtigkeit fodern deen. Dat gung ſau hen, un de Unfree word
37	19	weiter	0	ja	grötter. Et gaf Spitakel, un de König von do te malen moßte ſinen
37	20	weiter	0	ja	Brauer oppern un ober et Water verbannen, denn ſe harren en helle-
37	21	weiter	0	ja	ſchen Groll up ſinen Brauer, un maken ſin Hus tau en Meinegute.
37	22	weiter	0	ja	Bie Alle deme tratt de Rauhe wedder in, un de König kamm wedder te
37	23	weiter	0	ja	Säte; aberſt wie wol hei wedder de beſten Karten kreig, hei verpaſſe
37	24	weiter	0	ja	de Spitze un de Baſte, dat Speel gung hopps un ſe trecken ehne ene
37	25	weiter	0	ja	ole Mütze ower, dat de König ganz beſtußt un ſwiemlich word, un
37	26	weiter	0		ſinen Kopp un dat Leben verlor.
37	27	leer	0		
37	28	absatz	4	ja	Et was vorwahr nich ſchöne in der dermaligen Märkenwelt; aber
37	29	weiter	0	ja	de verbannte Brauer kamm ober dat Water wedder na Hus mit ſiner
37	30	weiter	0	ja	Swansfeddere un ſinen guen Globen, dei nich te verweuſen was, un dat
37	31	weiter	0	ja	Volk un de Nakomen von Nettels Söhnen harren dat nu ok inneſeihn,
37	32	weiter	0	ja	dat ſe mößten einig weren. Dat wärren ſe denn ok bet up de Kerkenoer
37	33	weiter	0	ja	na, un nu word de ganze Welt vull von Vereinen, Schütten-, Turner-,
37	34	weiter	0		Börger- un Geſang-Vereinen, un alle ſungen lue
37	35	leer	0		
37	36	vers	8		„Min Vaderland mott grötter ſien,“
37	37	leer	0		
37	38	weiter	0		un drunken vel Beier, un wärren allmächtig grote Helden.
39	1	kapitel	0		De Afſchied von Gere.
39	2	leer	0		
39	3	absatz	4	ja	In twiſchen, datt dütt ſau in Rieke un up den drei Inſeln vor
39	4	weiter	0	ja	ſek gung, was up er olen Worth en langwielig Stillleben inetreen. De
39	5	weiter	0	ja	olen Veihwanns wärren nich wiet von den olen Machhandel-Nott-
39	6	weiter	0	ja	Bom begraben. Dat Koren was in de Schüne brocht, un dat Veih
39	7	weiter	0		was upeſtallt.
39	8	leer	0		
39	9	absatz	4	ja	Otte un Gere maken in Stillen alle Geſchäfte af, un de Husſtand
39	10	weiter	0	ja	gung ſau hen, wie dat bi Brauer un Sweſter te ſcheien pläet. De Fo-
39	11	weiter	0	ja	milig was einmal terretten, un de Arbeit ſchah blot, umme dat de Tiedt
39	12	weiter	0		hengung.
39	13	leer	0		
39	14	absatz	4	ja	Eines Daes, et was all ſpäde in Harweſt, de Heilebäre wärren
39	15	weiter	0	ja	all affetrecket, un de Schwalen harren ok all ehre Reiſe anetreen, dat
39	16	weiter	0	ja	Low follt von en Bömen un decke de ſtillen Gräber, de bi en ander
39	17	weiter	0	ja	leien, da bigegnen ſek Otte un Gere mal wedder under den olen Nott-
39	18	weiter	0	ja	bom, under dene ſe ſau ofte as Kinder eſpeelt harren. Se wärren
39	19	weiter	0	ja	ſtille un trurig, un af un tau follt en halw verdröet Bläd dal un
39	20	weiter	0		mahne an en nahen Winter.
39	21	leer	0		
39	22	absatz	4	ja	Saune Dae hat uſe Herr Gott nich tau er Luſt un Plaſier weren
39	23	weiter	0	ja	laten; ſe maket dat Gemäuthe weik, un nehmet alle Kouragie, vornut
39	24	weiter	0		wenn de leiwen Voggels wegfleihet, un de ganze Welt kolt un kahl ward.
39	25	leer	0		
39	26	absatz	4	ja	Stille un bidreubet begegnen ſek de beien junken Lüe, de nu all
39	27	weiter	0	ja	in de halfwaſſen Jahre ran ekomen wärren, un Otte ſäe tau Gere: Mine
40	1	weiter	0	ja	leiwe Sweſter, ek will et dek man ſeggen; ſeer mine Eldern dodt ſind,
40	2	weiter	0	ja	finne ek meine Rauhe nich. Ek mott fort, Gere! Biholt Du de ganze
40	3	weiter	0	ja	Worth. Richte Du Alles na dinen Wunſche un Gefallen in, un beſtimme
40	4	weiter	0	ja	ober Land un Lüe; denn in diner Hand is en Segen, wie ek ene doch
40	5	weiter	0	ja	nich bringen kann. De Welt is mek hier te minne un te enge, ek mott
40	6	weiter	0	ja	weitern gahn, un mek umekieken un ſtreben vor Lüttche un vor Grote.
40	7	weiter	0	ja	Up er Worth is mines Bliebens nich, ek ſpör et, de Sinn von minen
40	8	weiter	0		Vaer ſpeuket in mek na.
40	9	leer	0		
40	10	absatz	4	ja	Gere was, as ſe diſſe Wöre höre, ganz wittſchen umme de Näſe
40	11	weiter	0	ja	worren, as ſpele de Ahnmacht up ehren Geſichte. Se keik Otte mit
40	12	weiter	0	ja	trurigen Oen an, as feule ſe de ganze Weihdae, de nu ober ſe beie
40	13	weiter	0	ja	komen ſolle, mit einen Male. Ehre Oen ſwimmen in deipen Leed, aber
40	14	weiter	0	ja	keine Thrane leip ober ehre Backen; manſt dat ſach en wol, en grot
40	15	weiter	0	ja	Elenne harre ſe bedropen. Otte, ſäe ſe, et deit mek leed, dat wie vont
40	16	weiter	0	ja	ander mött. Wie ſind doch te hope upewuſſen, un nein Striet is mank
40	17	weiter	0	ja	unſch vorekomen, un wat ek dek an en Oen afſeihen konne, dat hebbe
40	18	weiter	0	ja	ek dek edahn, un du biſt mek ok immer ter Hand egahn. Ach! et deit
40	19	weiter	0	ja	weih, wenn dat Bänd ritt, dat ſau lange Jahre holen hat; aberſt et
40	20	weiter	0	ja	kann nich anders komen, de Tiedt drifft, un en jung Burße mott ſek
40	21	weiter	0	ja	umme ſeihn in er Welt. Wandere un weitere! — ek will diner geden-
40	22	weiter	0	ja	ken un vor dek been, as ene richtige Sweſter kann; man allene blieben
40	23	weiter	0	ja	up er olen Worth ohne Eldern, ohne Brauer, ohne Frindſchop, mank
40	24	weiter	0	ja	ſau velen willen un weuſten Lüen, ohne Spieſe vor mine Seele un min
40	25	weiter	0	ja	Harte, — dat geit nich. — Wenn Du geiſt, gahe ek ok. Ek mag nich
40	26	weiter	0	ja	verlaten un verinſamt up er Worth rummer hantiren gahn, as de witte
40	27	weiter	0	ja	Frue boben en olen Muerwarke. Ek mott fort un ek will fort, et drifft
40	28	weiter	0	ja	mek allebot wedder de ole Wanderſinn in Sorge un Pläe ober Barg
40	29	weiter	0	ja	un Borg, ober Wold un Welt, ober Land un Lüe, ober Moor un Meer,
40	30	weiter	0	ja	dorch dick un dünne tau er lichten Lucht. — Se recke Otto de Hand
40	31	weiter	0	ja	taun Afſchiede un drücke ſe feſte te hope, as ene leiwe Sweſter deit,
40	32	weiter	0		dei nich von ehren Brauer laten kann.
40	33	leer	0		
40	34	absatz	4	ja	Wat ſcheihen mott, ſäe ſe, lat balle ſcheihn. Hale uſe Vaddern-
40	35	weiter	0	ja	gabe, un lat unſch deilen. Wieer hebbe ek keinen Andeil un Verlangen
40	36	weiter	0	ja	an de Worth; te malen de Mudder ſilben in Twiewel was, ob ek ehre
40	37	weiter	0		rechte Dochter wärre.
41	1	absatz	4	ja	Wat? twere Otte an, dat is ilen Snack, wor en nich na hen
41	2	weiter	0	ja	hören darf. Du biſt mine leiwe Sweſter, un biſt mit mek upewuſſen,
41	3	weiter	0	ja	un ek late nich von dek, un ek obergebe dek de Worth mit aller Tau-
41	4	weiter	0		behörige.
41	5	leer	0		
41	6	absatz	4	ja	Nee, reip Gere, ek will Niſt, als mine Vadderngabe, un da wie
41	7	weiter	0	ja	doch ein mal von en't ander mött, hale dralle dat Bündel, dat unſch
41	8	weiter	0		de Möhmen bi er Döpe up de Wehe legten.
41	9	leer	0		
41	10	absatz	4	ja	Otte gung un brochte dat Knuttebund, un legte et up den groten
41	11	weiter	0		Keſſerling, dei under den Machhandelbohm as en olt Opperſtein lag.
41	12	leer	0		
41	13	absatz	4	ja	Se knütten dat Dauk up, un bekeken ſek dat Laken, den Speil,
41	14	weiter	0	ja	de Lampe, un up et leſt den Gurt, un freuen ſek ober dat ſeltſame,
41	15	weiter	0	ja	rare Ingedüme. As ſe nu noch ganz ſtarre werren ober de Glaut un
41	16	weiter	0	ja	de Nietheit von der prächtigen Vadderngabe, da fate Gere na den Liew-
41	17	weiter	0	ja	gurte un ſäe: den Speil, de Lampe un dat Laken, wie wol dat leſte in
41	18	weiter	0	ja	de Mitgaft von en Fruenzen hört, de kannſt du krieen, lat mek diſſen
41	19	weiter	0	ja	Fruengurt, hei hat vor dek neinen Werth, du kannſt e ne doch nich
41	20	weiter	0	ja	drahn, hei is dek te knappe. — Otte beſach den Gurt, den Gere in en
41	21	weiter	0	ja	Hännen harre un grade ummedauen wolle, un et oberkamm ehne wie
41	22	weiter	0	ja	alle junken Mannsminſchen, de tau en erſten Male en Fruengurt ſeiht.
41	23	weiter	0	ja	Hei keik mit Begehr na den beiden Appels, de der anne bummeln deen,
41	24	weiter	0	ja	un de Driehärigkeit obernamm ehne wie Haarſtreben, un hei packe hurtig
41	25	weiter	0	ja	mit beien Hännen tau; aberſt dat Slott an den Gurte knippſe in de
41	26	weiter	0	ja	Swanzöſe, un Otte reit ſek ſinen Finger an der Dubbeltunge kort, un
41	27	weiter	0		ſin warme Blaut drüppe ter Ere.
41	28	leer	0		
41	29	absatz	4	ja	Gere ſtund da, ene hehre, hillige Jungfer, un as grade en Schort
41	30	weiter	0	ja	Swäne na Middag trecke, weil des, dat et all Winter weren wolle, da
41	31	weiter	0	ja	ſprok ſe: Nehmet meck midde leiwe Sweſtern ober alle Barge na boben.
41	32	weiter	0	ja	Ek will Jungfer blieben un Jungferndeinſt dauen vor Otte un dat
41	33	weiter	0		ganze dütſche Volk.
41	34	leer	0		
41	35	absatz	4	ja	Dat drop tau, denn dei Gurt, den ſe ummelegt harre, was en
41	36	weiter	0	ja	Wunſchgurt, un ſei was en Wunſchmäken. Se kreig en witt Feddern-
41	37	weiter	0	ja	kled, un namm ſek up un flog henweg. Bi den Upfleihn moßte ſe ſek
41	38	weiter	0	ja	dorch de Telgen von den Machhandelbom dorchwinnen, un dabi ſtrep-
41	39	weiter	0	ja	peln ſek de beien Appels af, de eine na Middag un de andere na
41	40	weiter	0	ja	Middernacht. Dat heilt Gere ene korte Wiele up, un Otte, dei ſe nich
42	1	weiter	0	ja	von ſek laten wolle, hucke in de Höchte, as wolle hei ſe ummefaten;
42	2	weiter	0	ja	aberſt hei namm den Satz te korte, un greip man blot eine Feddere,
42	3	weiter	0	ja	un dei reit ut un folt dal, un ene Druppe Blaut drüppe ut der Poſen-
42	4	weiter	0	ja	tülle un farbe dat witte Kled, un de Blautſpiren perlen grade dahen,
42	5	weiter	0	ja	wo Otte ut ſinen Finger eblött harre, un mengen ſek mit Otte ſinen
42	6	weiter	0		Blaue, as en Opperblaut un Sühneblaut.
42	7	leer	0		
42	8	absatz	4	ja	Gere trecke fort un Otte ſtund da un keik ebannt den Swänen
42	9	weiter	0	ja	na. Ganz beſtörtt un verwundert ſach hei denn up dat Blaut un de
42	10	weiter	0	ja	utgeruppete Feddere, un denn ſochte hei na den Appels, de e ne ſau
42	11	weiter	0		nieren emaket harren; manſt de Appels wärren weg, un Alles was ute.
42	12	leer	0		
42	13	absatz	4	ja	Et geit wunderlich her in er Welt, un Alles kann en nich faten.
42	14	weiter	0	ja	Wol manch ein könne nu ſeggen: Wat vertellt unſch dei vor ein Stipp-
42	15	weiter	0	ja	ſtöreken von en Wunſchgurte un von en Feddernklee? Wer ſchall dat
42	16	weiter	0	ja	glöben? — No, ek hebbe Niſt der biee, dat en twiewelt, un nich alle
42	17	weiter	0	ja	Schembild vor klippe, klare Wahrheit nimmt; aberſt wenn dei, de
42	18	weiter	0	ja	twiewelt, ſilben an Vorlat un Anegang globet, un er von köddert,
42	19	weiter	0	ja	dat ene dit un dat eſwant härre, ſau draff en mek dat nich vor ungut
42	20	weiter	0		nehmen, dat ek de Swäne komen, un Gere der midde wegfleihn leit.
42	21	leer	0		
42	22	absatz	4	ja	Gedanken fleiht ut un in, wie de Voggels, un wenn ſe wegeflohn
42	23	weiter	0	ja	ſind, denn hört en nein Piepſen un nein Singen mehr. Futſch ſind
42	24	weiter	0	ja	ſe; aberſt bi en bettchen Naſinnen kehret ſe wedder, un wenn ſe Blaut
42	25	weiter	0	ja	efatet un in't Saft eſchoten ſind, denn kummet ne andere Tiedt, un en
42	26	weiter	0	ja	niet Leben, un ene andere Welt, denn Blaut un Saft is dat Erſte von
42	27	weiter	0	ja	allen wahren Leben, un ohne Blaut is keine Erlöſunge; aberſt Blaut
42	28	weiter	0		was hier efloten, un darumme kam ok ne andere Tiedt.
42	29	leer	0		
42	30	absatz	4	ja	Dat mag nu ſien un lopen, as dat will, Otte Veihwann was
42	31	weiter	0	ja	ſine Gere los, un de Swäne trecken in en wieen blauen Himmel bet ſe
42	32	weiter	0		immer lüttcher un lüttcher wärren, un dat en ſe nich mehr ſeihn konne.
42	33	leer	0		
42	34	absatz	4	ja	Nu was Otte allene up er olen Worth un word trurig un be-
42	35	weiter	0	ja	dreubet. Dat Laken, de Feddere, den Speil un de Lampe keik hei gar
42	36	weiter	0	ja	nich mehr an. Hei ſmatt ſe te hope in en olt Schapp, un legte ſinen
42	37	weiter	0	ja	Kopp in ſine beien Hänne, un gnarre un röhre, dat hei ſiner Gere den
42	38	weiter	0		Liewgurt harre weg nehmen wollt.
42	39	leer	0		
42	40	absatz	4	ja	De Weihdae was grot un plae ehne ut er Maten; aberſt Alles
42	41	weiter	0	ja	hat ſinen Obergang, un ok de Weihdae ſtumpet mählig af, un denne
43	1	weiter	0	ja	kummet dat Denken, un mit en Nadenken kummet de Entſchüllig
43	2	weiter	0	ja	un dat Reinebrennen, un denn ward ut er Dath ene Rechtsfrae, wo
43	3	weiter	0		ſek Richter un Avcate en ander gegen ober ſtaht.
43	4	leer	0		
43	5	absatz	4	ja	Otte Veihwann gung dat wie allen Minſchen. Hei deliberire, wie
43	6	weiter	0	ja	wiet hei in Rechte weſt was, ſiner Gere en Gurt te nehmen. Ek was
43	7	weiter	0	ja	doch de Nächeſte der tau, meine hei. Up mek arbe de Worth ober mit
43	8	weiter	0	ja	Allen, wat der inne un anne was. De Vadderngabe was unſch zware
43	9	weiter	0	ja	beien up de Wehe legt, un beie härren wie drumme en Recht der annes
43	10	weiter	0	ja	ober de Wehe, up dei ſe elegt word, was mine, un Gere was min
43	11	weiter	0	ja	Sweſter, un drumme kam mek ok de Gurt tau. De Gurt was nu
43	12	weiter	0	ja	vorbat en Lievgurt vor en Fruenzen wat noch leddig was, un ſau wärre
43	13	weiter	0	ja	dat paſſig vor ſei eweſt, wenn ſei da ober te beſtimmen harre, allene dat
43	14	weiter	0	ja	Paſſige is noch nich immer dat Rechte. Et ändert ſek mit er Tiedt
43	15	weiter	0	ja	Alles, un ut ener Jungfer ward en Wiew. Sau wolle dat mit Gere
43	16	weiter	0	ja	ok wol komen ſien, denn leddig konne ſe doch nich immer blieben, un
43	17	weiter	0	ja	da ſe man blot mine Melkſweſter was, ſau ſeihe ek dat nich in, dat ek
43	18	weiter	0		an den Gurte dat vulle Recht nich anne hatt härre hebben ſollt.
43	19	leer	0		
43	20	absatz	4	ja	Dat wärren ſau ſine Grünne, de hei ſek mit Fliet klauk tehope-
43	21	weiter	0	ja	legte; manſt je feſter hei in ſiner Anſicht word, deſto luer ſprok dat in
43	22	weiter	0	ja	ſinen Harten „Du haſt doch man diner leiven Gere den Gurt nehmen
43	23	weiter	0	ja	wollt, obſchonſt de Mudder unſch vermahnt hat, dat wie immer tru an
43	24	weiter	0		en ander holen ſollen.“
43	25	leer	0		
43	26	absatz	4	ja	Dat Mahnen kam jimmer wedder un namm nein Enne. Otte
43	27	weiter	0	ja	höre nu aberſt tau den Minſchen, dei nich geren lange an einer Mahl-
43	28	weiter	0	ja	tiedt kauet, vornut, wenn ſe nich na Smacke iſt. Hei ſmatt dat Grü-
43	29	weiter	0	ja	beln ter Halbe un dachte drumme bi ſek „da will ek mek nich lange mehr
43	30	weiter	0	ja	umme plaen, wo wiet dat herebrochte Recht an dat natürliche Recht ran
43	31	weiter	0	ja	recket, da will ek wol tau komen. Wat Einer nich ſilben kann, dat
43	32	weiter	0	ja	könnt Andere. Et gifft ſau vel Rechtsgelehrte in er Welt, dei kann ek
43	33	weiter	0	ja	ja fraen. Ek will up Schaulen un Univerſitaiten gahn un ſtudiren un
43	34	weiter	0	ja	naſeuken, wie wiet ek in Rechte was; un denn mößte et wunderlich
43	35	weiter	0	ja	taugahn, wenn ek nich de Wahrheit von er Lögge, un de Werklichkeit von
43	36	weiter	0		Schemen te deilen kree.“
43	37	leer	0		
43	38	absatz	4	ja	Otto vermeiere drumme ok ſine Worth an den olen Pachter von
43	39	weiter	0		Nettels Howwe un gung up Hochſchaulen un na er Univerſitait.
44	1	kapitel	0		Studentenjahre.
44	2	leer	0		
44	3	absatz	4	ja	Up er Univerſitait ſach et to dem male buntchen ut. Jedweder
44	4	weiter	0	ja	Lannesſtamm harre en Sproten ut er Völkerwanderunge na diſſer Frie-
44	5	weiter	0	ja	ſtidde der Bildunge eſchicket; un ſau ſach en denn ut er älleſten Tiedt
44	6	weiter	0	ja	Teutonen, Germanen, Wandalen, Franken, Saſſen un Düringer, un
44	7	weiter	0	ja	wer weit wat alle vor Minſchen mit ehren Lannesfarben, de alle den
44	8	weiter	0	ja	Striet ungetöggelter Wähldaigkeit mit Schriften un Släer reliquien-
44	9	weiter	0	ja	wieſe fortſetten deen. De Striet word eſtredden mit aller Macht ganz
44	10	weiter	0	ja	na er Wieſe uſer Vorfahren under erwählten Greven, de ſe Senioren
44	11	weiter	0	ja	nämeſen, un hei gung vor ſek, vornut gegen de Profeſſers, de en höl-
44	12	weiter	0	ja	leſchen Nied un Tück up en ander harren, un ſek under en ander be-
44	13	weiter	0	ja	krieen, nich mit ſcharpen Nadenken un klaren Woren, nee mit pralſnuti-
44	14	weiter	0	ja	gen Anhange von junken Lüen, de ſe umme ſek ſammeln, un mit upge-
44	15	weiter	0	ja	warmten Kohl ut der Bibel un olt heidniſchen Schriften, oder wol gar
44	16	weiter	0	ja	mit utwennig elehrten Fraſen un Slagwören, ut den Vorwören von
44	17	weiter	0	ja	nien Beukerfabrikanten afſpieſen deen. Mankedorch, wenn de Feihde ut
44	18	weiter	0	ja	was mank en Olen, denn gung dat bi en Junken umme, wenn ſe grade
44	19	weiter	0	ja	kein Gegenpart finnen konnen, tien de Nachtwächters. Wat bruken dei
44	20	weiter	0	ja	de Nacht tau en Dae te maken, de doch ſeer olen Tiedten den Studen-
44	21	weiter	0	ja	ten höre; oder tien de Pudels, weil dei en Prorectere wie Hunne Alles
44	22	weiter	0	ja	taudreuen; up et leſt aber, wenn er niſt mehr was, worans ſe ehre
44	23	weiter	0	ja	Luſt anne utlaten konnen, tien de Kameele, weil dei ſtatts Beier, Water
44	24	weiter	0		in Buke dreuen, dat doch alle te Cerevis härre verbruet weren konnt.
44	25	leer	0		
44	26	absatz	4	ja	Wärren ok diſſe lüttchen Euberien vorbi, denn rempeln ſe ſek under
44	27	weiter	0	ja	en ander, oder ſe hiſſen de Hunne un Vöſſe tehope, kort, ſe deen wat
44	28	weiter	0	ja	ſe ehre Luſt ingaf un wat ſe wollen, denn ſe wärren friee Burſſen.
44	29	weiter	0	ja	Dat Recht word da praktiſch uteeubet; et beſtund in der Utnutzunge
44	30	weiter	0	ja	der ungetöggelten Bengelie, un wer nich midde make, dene word ſchänd-
44	31	weiter	0	ja	lich edahn, denn worümme nutze hei nich ſine Forſche un Couragie?
44	32	weiter	0		Worumme word hei nich Corpsburſſe?
44	33	leer	0		
44	34	absatz	4	ja	Otte marke ſik dit Spelwark, un weilen hei geren in de Rehe
44	35	weiter	0	ja	wolle, leit hei ſek inſchrieben, un gung up en Allgemeinen, wo Wien
44	36	weiter	0	ja	un Beier etappet word. Hei ſette ſek an en Diſch un make ſek ene
44	37	weiter	0	ja	Pipe an. An diſſer Pipe hängen en Paar roth-ſwart-witte Troddeln,
44	38	weiter	0	ja	de e ne ſiene Gere vorläten tehopeſpunnen harre, un dei hei hoch in
45	1	weiter	0	ja	Ehren heilt, as en leiw, hillig Angedenken. Hei ſpele ganz mit
45	2	weiter	0	ja	ſek tefreen mit ſiner Pipe un ſinen Quaſten, un blaſe den Damp in
45	3	weiter	0	ja	lüttchen Wöſten vor ſek hen; da kam von der Halbe Ein mit blau-wit-
45	4	weiter	0	ja	ten Bänne ober er Boſt un namm ehne de Mate. Füchschen, ſäe hei,
45	5	weiter	0	ja	wo haſt tu tenn die Paumels gekoft? — Än Kleeplättchen, un ä Neſ-
45	6	weiter	0	ja	ſelplättchen, unn en Baar roth-ſchwarz-weiße Dröttelchen terunder, tas
45	7	weiter	0	ja	is, ſtraf mich! eine peßontere Coulerig, ti ich mein Lepdak hier nit
45	8	weiter	0		keſehn han.
45	9	leer	0		
45	10	absatz	4	ja	Dat glöbe ek wol, twöre Otte an, denn da tau mott en in Dütſchen
45	11	weiter	0	ja	Lanne grot eworren ſien, un wie Du mek vorkummeſt, ſau biſt Du hier
45	12	weiter	0		nich te Huſe, Du ködderſt ja miſſingiſch.
45	13	leer	0		
45	14	absatz	4	ja	No ßehe einer! ta meint tas Füchslein, taß nur nieterſächſiſch
45	15	weiter	0	ja	teitſch wäre. — Wir wollen nicht darüber ſtreiten, ob ä weich T, oder
45	16	weiter	0	ja	ä hart D am teitſcheſten iſt; aber wo haſt tu tenn die Peweiſe her,
45	17	weiter	0		taß roth, ſchwarz und weiß teitſche Farben ſein? —
45	18	leer	0		
45	19	absatz	4	ja	Dei hebbe ek von miner Gere, ſäe Otte, un weil dat en dütſch
45	20	weiter	0		Mäken was, ſau is dat Bewies enaug, dat de Farben dütſch ſind.
45	21	leer	0		
45	22	absatz	4		Tas iſt, ſtraf mich! ä Peweis ad hominem, d. h. von ä Menſch.
45	23	leer	0		
45	24	absatz	4	ja	De Cameradſchop von en Blauen lache un Otte verdrot dat; denn
45	25	weiter	0	ja	Niſt wormt mehr, as wenn Einer utelachet ward, un nich weit wor-
45	26	weiter	0	ja	umme, un dat was hier ſau, weil Otte noch te unſchüllig was, un den
45	27	weiter	0	ja	Underbeſcheid von Mäken un Menſch noch nich kenne. Otte word mi-
45	28	weiter	0	ja	lären un rükke en Bettchen von Diſche af, aberſt de Blaue fate wedder
45	29	weiter	0	ja	na den roth-ſwart-witten Quäſten un fraug: He! tu teitſches Füchs-
45	30	weiter	0		lein Unvertorben, was ſollen tenn ti Farben peteuden? —
45	31	leer	0		
45	32	absatz	4	ja	Ek kann dek, twöre Otte verdreitern an, blot vertellen dat mek
45	33	weiter	0		mine Gere de Troddeln mit den Wören ſchenke:
45	34	leer	0		
45	35	vers	8		„Fri in er Noth,
45	36	vers	8		Dorch Blaut, ſau roth,
45	37	vers	8		Bet in en Dot
45	38	vers	8		Hülpe unſch Gott.“
45	39	leer	0		
45	40	absatz	4	ja	Und tas tenkſt tu unter ter Aechite tes Treiblads unt ter Neſſel
45	41	weiter	0		zu halten und wahr zu machen? —
45	42	leer	0		
45	43	absatz	4	ja	Ek denke gar niſt, ſäe Otte, man ſau vel weit ek, dat all te klauke
45	44	weiter	0		Häuhner mankedorch ok mal in de Netteln legget, un ek rahe dek:
46	1	vers	8		Röhe nich dat Driebläd an,
46	2	vers	8		Wahre dek, t' ſind Netteln dran.
46	3	leer	0		
46	4	absatz	4	ja	Was! ä all zu klug Huhn? — tas iſt ja eine naiv tumme Pe-
46	5	weiter	0		merkunge. —
46	6	leer	0		
46	7	absatz	4	ja	Wor up ek dek en Accept up enen Gang lüttche Mützen mit
46	8	weiter	0		roher Dinte utſtellen will, ſeggte Otte.
46	9	leer	0		
46	10	absatz	4	ja	Da up word et ſtille, as wärre en Engel dorch en Kneipſaal
46	11	weiter	0	ja	eflohn, manſt dat duere nich lange, denn up beien Parten word wedder
46	12	weiter	0	ja	luſtig tauedrunken, un de Harfenmäkens faten forſſe in de Därmen un
46	13	weiter	0		ſtimmen lue an:
46	14	leer	0		
46	15	vers	8		So iſt es recht, ſo iſt es recht.
46	16	vers	8		Friede geſchloſſen nach dem Gefecht!
46	17	leer	0		
46	18	absatz	4	ja	Den andern Dag word de Weſſel under Glockenſpeel inetrekket,
46	19	weiter	0	ja	un nu word Otte in Korten en döten Corpsburſſen, de mannicheinen
46	20	weiter	0	ja	ſine Underſchrift in indrücklicher Wieſe in't Geſichte ſchreif, ohne alle
46	21	weiter	0		Schonunge, wenn et ſinen Vorthel un dat Anſeihn ſines Corps bedrop.
46	22	leer	0		
46	23	absatz	4	ja	En gut Hake krümmet ſek bi Tidten, vornut, wenn hei ſtrebe
46	24	weiter	0	ja	waſſet, un Otte was von derben Holte, un kreig ſine richtige Pläe von
46	25	weiter	0	ja	ſinen vandaliſchen Frinnen un von den deipdenkeren Profeſſers un Doc-
46	26	weiter	0	ja	tors, de ehne dat poſetive Recht bibrochten. Diſſe lehren nu te demmale,
46	27	weiter	0	ja	nademe dat ſe Alles dorchſtudirt un up et Fienſte oberlegt un feſt
46	28	weiter	0	ja	eſtellt harren, dat dat Recht bi den Stärkern ſtünne, dat de Minder-
46	29	weiter	0	ja	heit ſek under de Mehrheit bigeben mößte, un dat de Mehrheit in ehren
46	30	weiter	0	ja	Beamten un up et Leſt in der Krone utleip. Alles was na ehrer
46	31	weiter	0	ja	Meinunge en olt her ebrocht Recht, wat nu ein mal feſte ſtund un in
46	32	weiter	0	ja	der Vortreckig von en Stärkeſten ſinen Grund harre, denn von en
46	33	weiter	0	ja	Naturrechte, un von en minſchlichen Rechte, dat en Minſchen aneboren
46	34	weiter	0		was, da wollen ſe Niſt von wetten.
46	35	leer	0		
46	36	absatz	4	ja	Dat ſtimme nu mit dene, wat Otte Veihwann ſek all immer vor-
46	37	weiter	0	ja	etellt harre, in Ganzen oberein, tomalen hei in diſſer Lehre de beſte
46	38	weiter	0	ja	Entſchüllig fund, dat hei as de Stärkere berechtigt eweſt was, ſiner
46	39	weiter	0	ja	Sweſter den Gurt weg tenehmen. Allene et kam ehne immer wedder
46	40	weiter	0	ja	in en Sinn, dat bi aller Kraft, de einer in ſek härre, immer noch ene
46	41	weiter	0	ja	Macht dawärre, de ober alle Willensſtärke henweg, up de Minſchlichkeit
46	42	weiter	0	ja	henginge, un ſau wärre hei wol geren da vor upetreen, aberſt mank en
47	1	weiter	0	ja	Wülwern iſt ſchlecht Muſekante ſpelen, dat Middehulen is vel lichtfer-
47	2	weiter	0	ja	riger un bringet ehr Vorthel, un ſau make hei denn midde, un batt umme
47	3	weiter	0	ja	ſek, as en richtig Corpsburſſe deit, un dabi kam ene ſine angeborene
47	4	weiter	0	ja	Driehärigkeit ofte te gue. Manſt dat Speel namm ok en Enne. Hei
47	5	weiter	0		kamm in de Jahre un word en Rechtskandidate.
47	6	leer	0		
47	7	absatz	4	ja	Wie ſau en Rechtskandidaten te Maue is, dat weit en wol. Et
47	8	weiter	0	ja	komet de Katers. — Da kummet erſt de Beierkater, dei brummet in
47	9	weiter	0	ja	Koppe, as ginge de Bregen mit Grundies, un denne ſtellt ſek de mora-
47	10	weiter	0	ja	liſche Kater in, dei ſpinnt un gnurret ober de verlorene Tiedt un ober
47	11	weiter	0	ja	den holligen Kopp, wenn dat Grundies eſmulten is, un denne up et
47	12	weiter	0	ja	Leſt, denn ſett de Pandectenkater vor, de einen wie en Huckup in düſtern
47	13	weiter	0	ja	oberfallt. Da hülpet nein Hulen un nein Been, de Laſt mot edrahn
47	14	weiter	0	ja	weren, bet de Kouragie under Schillen un Flauchen wedderkummet.
47	15	weiter	0	ja	Härre nich uſe Herr Gott en Inſeihn, kein Kandidate keime dorch; aber
47	16	weiter	0	ja	vor't Mehrſte hät de Profeſſers ok mal en Kater ehat, un mankedorch
47	17	weiter	0	ja	lieet ſe noch an Katerſnurren, de ſe as aparte Nievetäten utelegt werd.
47	18	weiter	0	ja	Diſſe Snurren fänget nu de Rechtsagenten bi de pergamenten Docters in
47	19	weiter	0	ja	un draht ſe fluchs in de Preſſe, un denn werd ſe den junken Candida-
47	20	weiter	0	ja	ten dort ſau feſte inepräget, dat de velfältigſten, ſwärreſten Rechtsſprüche
47	21	weiter	0	ja	ut den junken, greunen Holte herut waſſen dauet. Denn ſieht dat ſau
47	22	weiter	0	ja	ut, as wärre de junke Candidate en hölleſchen ſluen un dorch un dorch
47	23	weiter	0	ja	utelehrten, klauken Kerel, de in de düſterſte Deipe von dene, wat en
47	24	weiter	0	ja	von Rechte weit dalegahn wärre, un verſtünne nu ok, ſek in uterge-
47	25	weiter	0	ja	wöhnlichen un ſeltſchen Rechtsproceſſen te rechte tefinnen. Is düt nu
47	26	weiter	0	ja	Alles eſcheihn, denn kummet de Candidate ut er nieen Preſſe as baar,
47	27	weiter	0		blank Gold, ohne allen Makel un Ruſt an et Daeslicht.
47	28	leer	0		
47	29	absatz	4	ja	Otte Veihwann wußte dat wol. Hei biſochte drumme de glaut
47	30	weiter	0		niee Preſſe, un kamm as ſchieren Auditer vuller Luſt un Hopen wedder rut.
47	31	leer	0		
47	32	absatz	4	ja	Sauen Auditer oder Referendar, de ſine guen Legitematſchons-
47	33	weiter	0	ja	popiere in er Ficke hat, dei will all wat ſeggen, vornut, wenn hei de
47	34	weiter	0	ja	Hoffnunge hat bi der Regierunge in de Verwaltunge intetreen, denn da
47	35	weiter	0		is de Charſe mit Winter- un Sommerwee tau en Geheimrath utebuet.
47	36	leer	0		
47	37	absatz	4	ja	Diſſen Weg ſlaug nu Otte Veihwann, wie et nich anders ſcheihn
47	38	weiter	0		konne in.
48	1	absatz	4	ja	Hei namm Afſchied von ſinen Cameraden, un gung directemente
48	2	weiter	0	ja	na er nächeſten groten Stadt, wo hei ſek bi en geheimen Oberregierungs-
48	3	weiter	0		rahe dorch en Schrieben anemellt harre.
48	4	leer	0		
48	5	absatz	4	ja	Otte hänge ſine Reiſetaſche umme un maſchire los. Alles, wat
48	6	weiter	0	ja	hei erlebet harre, kamm wedder durch ſine Seele trecket, as härre ſei
48	7	weiter	0	ja	dorch en Dromglas ekeken. Hei was in Gedanken wedder bi ſiner Gere,
48	8	weiter	0	ja	de hei ſau herzlich leiw harre, un der hei doch den Liewgurt harre
48	9	weiter	0	ja	nehmen wollt. Sine Ummeſicht, ſin Leben up er Univerſitait, un ſine
48	10	weiter	0	ja	Grübelie ober Recht un Unrecht wärren bi alle dem, dat hei de niee
48	11	weiter	0	ja	Preſſe beſocht un eben verlaten harre, nich in Stanne weſt, ehne ut er
48	12	weiter	0	ja	Predulge te hülpen. Hei was in ſiner Wieſe, dat Recht te düten,
48	13	weiter	0	ja	nich int Klare komen, un je mehr hei ſummenire, deſto mehr Abers
48	14	weiter	0	ja	keimen ehne in en Sinn. En ganzen dicken, dichten Wold harre hei
48	15	weiter	0	ja	vor ſek, un hei gung immer wieer, un verleip ſek immer mehr up en
48	16	weiter	0		Holtwee, un word leſtut meue un malakſch.
48	17	leer	0		
48	18	absatz	4	ja	Hinder ehne ſloten ſek de Büſche un dat Rieſig. Hei konne nich
48	19	weiter	0	ja	ut un in finnen. Under ſek en Dödler, un ober ſek hoge Böme, dei
48	20	weiter	0	ja	ene den Himmel tauwuſſen. Hei legte ſek under ene Eike, un ſleip in
48	21	weiter	0	ja	un dremme. Boben ehne ruſche et in den Wippen; de Ulen krieſchen un
48	22	weiter	0	ja	bellen, as feuere Fru Holle ober Feld un Wold, un teleſt trecke en Schort
48	23	weiter	0	ja	Swäne vorbi, un et was ehne, as wärre ſine Gere der mank, un härre
48	24	weiter	0	ja	ehne mit en Fittchen tauewenket un taueraupen: „Holt an dinen düt-
48	25	weiter	0	ja	ſchen Volke; ek bin bi dek un bee vor dek.“ Hei höre Niſt mehr un
48	26	weiter	0	ja	ſach Niſt mehr, un ſleip fort, bet et morgens de Sunne upgung; da
48	27	weiter	0	ja	follt en lichten Strählen mank en Telgens hendorch grade in ſin Ge-
48	28	weiter	0	ja	ſichte, in er Upwakig, un as hei ſek nu verpruſte un ſau in der Wild-
48	29	weiter	0	ja	niſſe ſach, da kamm ehne de Wunſch: Wenn mek doch Einer ut diſſer
48	30	weiter	0	ja	Wildniſſe brächte! Indeme kamm de Lichtſchimmer wedder in ſin Geſichte.
48	31	weiter	0	ja	Hei gung den Strählen na, un kamm an en lüttchet Hüſeken, von wor
48	32	weiter	0	ja	de Lichtſchien ſchrot ut ener Fenſterſchiebe up ehne folt. Hunger un
48	33	weiter	0		Döſt plae ehne; hei kloppe drumme an, un et word e ne upedahn.
48	34	leer	0		
48	35	kapitel	0		Dat graue Männeken.
48	36	leer	0		
48	37	absatz	4	ja	En olt grau Männeken mit en lanken grieſen Barte un en guen,
48	38	weiter	0	ja	oltdütſchen Oltvaergeſicht ſatt da up er Däle under allerhand Bewehr,
48	39	weiter	0		un märe mank Krüterie, Steinen un groten Bäukern.
49	1	absatz	4	ja	Otte bot e ne guen Dag, un bidde um Upnahme, un wenn et
49	2	weiter	0		müchlich wärre, umme en Wegwieſer ut en Holte.
49	3	leer	0		
49	4	absatz	4	ja	Wie biſt Du hier herekomen, fraug dat Graumänneken, un wat is
49	5	weiter	0		din Gewarbe?
49	6	leer	0		
49	7	absatz	4	ja	Ek ſeuke na en richtigen Rechte, twöre Otte an, un hebbe mek
49	8	weiter	0	ja	verlopen. Hier ſind mine Popiere, ek bin en Auditer. De werd dek
49	9	weiter	0	ja	hier ſcheier nich vel hülpen, meine dat Graumänneken. Hier is Kein,
49	10	weiter	0	ja	de Popiere controlirt. Diſſe Wold is verhexet, un et kummet Keiner
49	11	weiter	0	ja	rut, de ſek nich ſilben te finnen weit. Hier kummet Alles da up an,
49	12	weiter	0	ja	dat en wat will, un dat en wat kann, denn hier geit dat nich na en
49	13	weiter	0		Uthängeſchille, oder Breiwe.
49	14	leer	0		
49	15	absatz	4	ja	Ek ſinn hier all vele hundert Jahre un kann mek ok nich terechte-
49	16	weiter	0	ja	finnen. Ek ſeuke na er Wahrheit, aber obſchonſt ek Doktor bin, ſau
49	17	weiter	0	ja	hebbe ek doch nich betsher dat Krut vor en Dot, den Stein der Wieſen,
49	18	weiter	0		un dat Water det Lebens, vel wenniger de Wahrheit finnen konnt.
49	19	leer	0		
49	20	absatz	4	ja	Da ſöllt jü ok wol ſeuken, meine Otte. Vor en Dot kein Krut
49	21	weiter	0	ja	ewuſſen is; de Stein, under dene de Wieſen ligget, dat is de Dillſtein,
49	22	weiter	0	ja	de de Liken decket, un dat Water det Lebens flütt oberall, man mott
49	23	weiter	0		et blot tefüllen vorſtahn.
49	24	leer	0		
49	25	absatz	4		Wo haſt Du dat her? — fraug dat Graumänneken.
49	26	leer	0		
49	27	absatz	4	ja	E, ek hebbe en Speil, dene mek de Päthen up de Wehe legten
49	28	weiter	0	ja	da ſteit dat alle inne, aberſt von en Rechte, un von er Wahrheit, da
49	29	weiter	0		ſegt hei mek ok Niſt.
49	30	leer	0		
49	31	absatz	4		Wo biſt Du denn her, un wie warſt Du enämſet?
49	32	leer	0		
49	33	absatz	4	ja	Ek hete Otto Veihwann, un bin von Schönhuſen up er olen Worth,
49	34	weiter	0	ja	Min Vaer was de Diplomate Veihwann, un mine Mudders heit Ganne,
49	35	weiter	0	ja	de Spruchſprekerſche, mine Sweſter Gere aber is mek der von eflohn,
49	36	weiter	0	ja	as ek ehr den Liwgurt nehmen wolle, un dat hat mek in de Grübelie
49	37	weiter	0	ja	brocht, wo wiet dat natürliche Recht von poſitiven Rechte te ſundern
49	38	weiter	0		wärre.
49	39	leer	0		
49	40	absatz	4	ja	Dat ſtimmet ja ſeltſchen te hope, ſäe dat Graumänneken, et ſind
49	41	weiter	0	ja	nu wol all en Mandel Jahre her, da ſwane mek eines Daes, dat nu
49	42	weiter	0	ja	ene andere Tiedt keime, un ek höre de Swäne ober min Hus trecken
49	43	weiter	0	ja	un dremme en harren Drom, dat Alles ober en ander ſtörte, un dat
49	44	weiter	0	ja	niſt mehr te hope holen wolle. As ek nu ganz verbiſtert upwake von
50	1	weiter	0	ja	minen Drome, da ſtund vor miner Dör en ſnar Mäken, dat brochte mek
50	2	weiter	0	ja	de Truerbotſchaft, dat min ole Frind Veihwann, weil des, dat hei de
50	3	weiter	0	ja	Welt nich mehr verſtahn konne, von ſinen Thoren efallen wärre, un
50	4	weiter	0	ja	dat ſin Sohne tau mek kommen wolle, umme bi mek na en richtigen,
50	5	weiter	0	ja	dütſchen Rechte te ſeuken. Dat Mäken treke denn wedder en witt
50	6	weiter	0	ja	Fedderkled ober un flog weg, un ek word ganz beſtußt; denn wie ſolle
50	7	weiter	0	ja	ek ehne dat Recht ſeuken hülpen? Ek dachte lange da ober na, un et
50	8	weiter	0	ja	word mek klar, dat dat Recht in der Natur te finnen wärre, aber da
50	9	weiter	0	ja	tau mott en ſpören künnen, un wie de Name beſegt, dat Veih von en
50	10	weiter	0	ja	Minſchen aftewannen verſtahn. Kannſt Du nu dem Spore ordentlich
50	11	weiter	0	ja	nagahn, ſau is et wol müglich, dat Du dek ut diſſen verhexeten Wolde
50	12	weiter	0	ja	ruterfinnen deiſt, manſt ohne Spören geit dat abſolut nich af. Kannſt
50	13	weiter	0	ja	Du ſpören? — J, wie wolle ek nich ſpören können, twöre Otte an.
50	14	weiter	0	ja	Ek hebbe all up er olen Worth als Junge dem Veihe nalopen moßt,
50	15	weiter	0		wenn ſek dat in Holte verlopen harre.
50	16	leer	0		
50	17	absatz	4	ja	No ſau itt erſt en Bettchen, un denn kannſt Du dek der na up de
50	18	weiter	0		Säukig begeben un dek dine Notizen maken, ſäe dat Graumänneken.
50	19	leer	0		
50	20	absatz	4	ja	Dat Graumänneken hale Brod, Solt un en Kraus Beier, un ſe
50	21	weiter	0		vertheren in Frindſchop ehre Sticke.
50	22	leer	0		
50	23	absatz	4	ja	Als ſe nu egetten harren, ſach Otte under en lanken Bare von
50	24	weiter	0	ja	ſinen Gaſtfrinne en Paar ganz lüttche, korte Beinekens rut kieken, un
50	25	weiter	0	ja	hei fraug niethieren un half ſchämeleren, weil ehne dat nich ganz richtig
50	26	weiter	0	ja	te ſien ſchiene: Niſt vor ungut, gue Frind, wo hätt jü denn dei korten
50	27	weiter	0		Beine her? —
50	28	leer	0		
50	29	absatz	4	ja	De hebbe ek mek in den leiwen, lanken Jahren, dei ek hier weitern
50	30	weiter	0	ja	gahe afelopen, vornut ſeer ek hier te deipe in de Hege — un Häkelie
50	31	weiter	0	ja	kamm; aberſt bi allen Lopen hebbe ek doch Neinen efunnen, de dat
50	32	weiter	0	ja	reale Denken verſtund, un Neinen eſeihn, de de erſte Urzelle utfinnig
50	33	weiter	0	ja	maken konne. Wie wandern tehope immer wieer, bet de eine ſek nagerae
50	34	weiter	0	ja	todt elopen harre; de andere aberſt loppet noch rummerher un kann et
50	35	weiter	0	ja	nich rut krieen, ob dat Ei eier da was, as dat Hauhn, oder dat Hauhn
50	36	weiter	0	ja	eier, as dat Ei. Wie wol ek ene nu ſeggte, dat Niſt von ſilben keime,
50	37	weiter	0	ja	dat alles, wat wärre, en Gedanken in ſek dreue, un dat dat Edachte
50	38	weiter	0	ja	en Denker hebben mößte; dat diſſe Denker aber uſe leiwe Herr Gott
50	39	weiter	0	ja	warre, ſau wolle hei doch Niſt der von wetten un gung ſtrakte den
51	1	weiter	0	ja	Taufalle na. Dat was mek te vel, denn mine Beine harre ek mek kort
51	2	weiter	0	ja	elopen. Ek gung drumme wedder in mine Behuſung, un nu kummeſt
51	3	weiter	0	ja	Du, un woſt na en Rechte ſeuken. Ek bin enaug rummerher elopen,
51	4	weiter	0	ja	ohne wat tefinnen, un wenn et dek nu noch lüſtet, ſau kannſt Du et ja
51	5	weiter	0	ja	verſeuken, ok dine Stelten aftetrampen, umme dat Recht utfinnig te
51	6	weiter	0		maken, dat mit unſch op de Welt ekomen is.
51	7	leer	0		
51	8	absatz	4	ja	Dat will ek geren dauen, ſegte Otte, un namm ſinen Haut, ſinen
51	9	weiter	0	ja	Stock un ſin Notizenbauk; aberſt jü gahet doch midde? — Jü kennet
51	10	weiter	0		doch am beſten de Wee un Stiee, dei dorch den Wold lopet? —
51	11	leer	0		
51	12	absatz	4	ja	Dat wärre nein Nütze, meine dat Graumänneken, denn dei Stiee,
51	13	weiter	0	ja	dei ek hier platt epoſet hebbe, dei gaht nich na en Rechte, un oberdem
51	14	weiter	0		mott hier jeder ſine eigenen Wee gahn.
51	15	leer	0		
51	16	absatz	4	ja	Gut, denn will ek man allene gahn, ſäe Otte, un gaff en Grau-
51	17	weiter	0	ja	männeken ſine Hand mit en fründlichen Adjees. Dat Graumänneken
51	18	weiter	0	ja	wünſche ehne ne glückliche Reiſe un guen Erdrag bi der Seukig, un
51	19	weiter	0		ſette ſek wedder an ſine Beuker, ſine Krüterie un ſine Steine.
51	20	leer	0		
51	21	absatz	4	ja	Otte harre ſchonſt de Dör in er Hand, da reip ene dat Grau-
51	22	weiter	0	ja	männeken mit bidreubeten Geſichte tau: „Vergütt dat Beſte nich!“ un
51	23	weiter	0	ja	wieſe up ene blaue Blaume, de in en Potte in Fenſter ſtund un eben
51	24	weiter	0		upebroken was.
51	25	leer	0		
51	26	absatz	4	ja	Vorwahr, reip Otte, ek will juer nich vergetten, dat Jü mek ſau
51	27	weiter	0	ja	fründlich upenohmen hätt, un damidde namm hei einen Stengel von
51	28	weiter	0		den Vergißmeinnich, un legte den in ſin Notizbauk, un gung ſiner Wee.
51	29	leer	0		
51	30	absatz	4	ja	Glieks hinder den lüttchen Hüſeken von den olen Graumänneken
51	31	weiter	0	ja	kam Otte under hoge, raume Bäuken. Da was et ſau ſtille un ſchuerig,
51	32	weiter	0	ja	as in ener groten Kerke. Nein Voggel leit ſek hören, un under en
51	33	weiter	0	ja	Bömen was kein greun Hälmeken te ſeihn. De Lowbläder von velen,
51	34	weiter	0	ja	velen Jahren leien da ſchauhhoch un wärren alle vedröet. Dat leiwe
51	35	weiter	0	ja	Sunnenlicht konne nich dorch, un de lanken, hellegrauen Stämme recken
51	36	weiter	0	ja	hoch in de Höchte un dreuen en greun Dak, un niſt konnen vernehmen,
51	37	weiter	0	ja	as dat Ruſchen in en Wippen, as vertellen ſek de groten Böme, wie
51	38	weiter	0	ja	ſe na gerae Alles dal e wuſſen härren, un dat ſe nu der anne wärren,
51	39	weiter	0	ja	ſek en ander te ſchützen un up lieker Höchte te holen. Et was wahr,
51	40	weiter	0	ja	de Bäukendom was hoch un hehr, aberſt under ſiner Wölbig lag de Dot.
51	41	weiter	0	ja	Otte ſchüddele trurig mit en Koppe un ſlendere wieer dorch dat dröe
52	1	weiter	0	ja	Low, da ſach hei, dat de Bläer as na ener Snauer umekippet wärren.
52	2	weiter	0	ja	Sieh mal, ſeggte hei bi ſek, da hat ſek ja en Voſſ eſnäuert. Wat ward
52	3	weiter	0		mek dei von en Rechte vertellen?
52	4	leer	0		
52	5	absatz	4	ja	Hei gung en Spore na un kam an ene mächtig grote Bäuke, dei
52	6	weiter	0	ja	was, weil ſe up e nen Brinke högger ſtund, as de andern, von Winne
52	7	weiter	0	ja	umeweihet, un ehre Wörteln harren en Erdboden mit ſek hoch enohmen.
52	8	weiter	0	ja	En Voſſ harre ſek da ſinen Bu under inerichtet, un de Bu was friſch
52	9	weiter	0		belopen.
52	10	leer	0		
52	11	absatz	4	ja	Otte ſette ſek up de ummeſtörtete Bäuke hinder de hoch utgerettenen
52	12	weiter	0		Wörteln un dachte ſau bi ſek:
52	13	leer	0		
52	14	vers	8		Nu ſall en under Bäuken
52	15	vers	8		In Wold' na en Rechte ſeuken! —
52	16	vers	8		Wat fin ek? — Alles unnen kahl.
52	17	vers	8		De Groten waſſt de Lüttchen dal,
52	18	vers	8		Bet dat de Wind mit aller Kraft
52	19	vers	8		Ok mal en Groten bringt ter Graft.
52	20	leer	0		
52	21	absatz	4	ja	Huſch! da kam under den Wörteln mit einem male en Voſſ ut en
52	22	weiter	0	ja	Bue, un ſpele mit ſinen Swanze, as ene Katte. De junken Vöſſe
52	23	weiter	0	ja	keimen ok rut, un kobolzen um ene rum, un harren ok ehre Luſt an en
52	24	weiter	0	ja	Swanze, ſau dat Otte ganz nietſchieren up ehre Swanzſpeel word.
52	25	weiter	0	ja	Doch da löſe ſek en Stein ut den hochuterettenen Wörteln, un futſch
52	26	weiter	0	ja	wärren alle Vöſſe weg, un Otte bleif niſt, as dat Naſeihn un allene
52	27	weiter	0		de Erinnerunge an en Swanz.
52	28	leer	0		
52	29	absatz	4		Hm, brumme hei vor ſek hen un make ſek de Notize:
52	30	leer	0		
52	31	vers	8		Will Einer mank de Vöſſe gahn,
52	32	vers	8		Dei mott up't Swänzeln ſek verſtahn
52	33	vers	8		Tau en Muſen, tau en Muſen.
52	34	vers	8		De Swanz, de decket alle Scham,
52	35	vers	8		Wat Wunder! wenn da Stank von kam
52	36	vers	8		Tau en Gruſen, ja Gruſen.
52	37	vers	8		Allene Niſt bringt gröttern Glanz,
52	38	vers	8		As en taugeſneddnen lauken Swanz
52	39	vers	8		Tau en Bruſen, Upbruſen.
52	40	leer	0		
52	41	absatz	4	ja	Otte dremmle noch ſau vor ſek hen un kamm an enen olen Eiken-
52	42	weiter	0	ja	ſtamm, under dene ſeer lanken Jahren keine Druppe Rehn efallen was.
53	1	weiter	0	ja	Et lag da en grot Miäntchenhupe, dei was mit Kunſt upebuet. Grote
53	2	weiter	0	ja	anke Straten trecken in de Dore, un Rieſenameuſen leiten as Zaldaten
53	3	weiter	0	ja	de lüttche Miänten as Sklaven ſware Laſten draen, un bi inne, da
53	4	weiter	0	ja	ſlepen ſe de Eierſchätze up un dal, un de Junken trecken ehre Klafittchen-
53	5	weiter	0	ja	löcke an, un danzen un harren ſek en ander leiw; manſt Alles rok na
53	6	weiter	0	ja	Ameuſenſpiritus. Otte meine, de ſind er wol anne, aberſt wat hülpet
53	7	weiter	0		dat „Aas lätt nich von Aas“; un hei ſchref:
53	8	leer	0		
53	9	vers	8		Niſt kann't Schönneres geben,
53	10	vers	8		As't Miäntchenleben
53	11	vers	8		In en duſtern, düſtern Wold. —
53	12	vers	8		Kummt en Worm gekropen,
53	13	vers	8		Glieks ward rut er elopen,
53	14	vers	8		Un in Korten, Korten is he kolt.
53	15	vers	8		Denn ward fluchs tau en Braen
53	16	vers	8		Alle Mannſchaft laen,
53	17	vers	8		Un mit Anbietſchon ward denn etehrt.
53	18	vers	8		Sklaven un Zaldaten,
53	19	vers	8		Sotſchaldemokraten
53	20	vers	8		Drinkt en ander tau
53	21	vers	8		Seuten Honnigdau.
53	22	vers	8		Un leſt geit ant Minnen
53	23	vers	8		Mit den Miäntinnen,
53	24	vers	8		Ohne Underſcheid,
53	25	vers	8		Wie et grade ſteit. —
53	26	vers	8		Im ſotſchalen Staate
53	27	vers	8		Kummet Kein te late,
53	28	vers	8		De te winnen un te minnen weit.
53	29	leer	0		
53	30	absatz	4	ja	Na der Miänterie gung Otte wieer dorch dat dröe Low un lange
53	31	weiter	0	ja	up en Fautſtiee an, dene dat grau Männeken all glatt elopen harre,
53	32	weiter	0	ja	un dei na den lüttchen Hüſeken von ſinen Gaſtfrinne gung. Hei meine,
53	33	weiter	0	ja	det Spörens wärre all enauch, as hei an eine junke Dannenſchonunge
53	34	weiter	0	ja	kam, dorch de de Stieg wie dorch e ne Löweke trecke. Hier harre ſek
53	35	weiter	0	ja	ene grote Spinne der vor dal elaten un dannhektire de junken Telgen,
53	36	weiter	0	ja	as wolle ſe den ganzen Wald oberſpinnen. Otte bekek ſek ehren Bu
54	1	weiter	0	ja	un dat künſtliche Netze, un munſtere ehre Lebenswieſe un betrachte ſe,
54	2	weiter	0		wie ſe ſek in ehren Bewehr harre, un drup ſung hei:
54	3	leer	0		
54	4	vers	12		De Krü- Kra- Krüzeſpinn
54	5	vers	8		Lätt ſek von Winne weihn
54	6	vers	8		In ehren Netze midden in,
54	7	vers	8		Un fänget fette Flein.
54	8	vers	8		Dat Spinnen un dat Weben fien,
54	9	vers	8		Dat Fängen un dat Fleien krien,
54	10	vers	8		Dat ſteit der flietgen Spinnerſche,
54	11	vers	8		Der Spinnerſche, Gewinnerſche.
54	12	leer	0		
54	13	vers	12		Da kummt en Spinnrich anegahn,
54	14	vers	8		De Muhme te umfängen. —
54	15	vers	8		Den ſeuten Kuß, den nimmt ſe an,
54	16	vers	8		Den Bredigam lätt ſe hängen.
54	17	vers	8		De bummelt nu in Sunnenſchien;
54	18	vers	8		Sei freuet ſek upt Kinder krien
54	19	vers	8		De dicke, runne Spinnerſche,
54	20	vers	8		De Spinnerſche, Gewinnerſche.
54	21	leer	0		
54	22	absatz	4	ja	De grote Krüzeſpinne ſatt immer noch in ehren Bue un keik ut
54	23	weiter	0	ja	ehren Utfalldore up de lüttchen Veddern un Wäſchen, de ſek under ehr
54	24	weiter	0	ja	aneniſtet harren. Se harre duſend Oen open, ob ſe wol nich Einen
54	25	weiter	0	ja	un en Andern belueren konne, un was vuller Annecſchonsgelüſte; aberſt
54	26	weiter	0	ja	de junken greunen Dannen ſtunnen vor bi na in Indracht eine bi er
54	27	weiter	0	ja	andern, un decken ſek mit ehren Telgen, un harren man alle ein Teel,
54	28	weiter	0	ja	na en Lichte. De leiwe Sunne beſchiene de bebernſten hellen Quäſte,
54	29	weiter	0	ja	as härre ſei un de junke Utwuß ehre ſeute Luſt an't ander, un Otte
54	30	weiter	0		oberkamm dat, un hei fleitge wie in ſinen Jungensjahren:
54	31	leer	0		
54	32	vers	8		O Dannebom, o Dannebom!
54	33	vers	8		Wie greun ſind dine Bläder —
54	34	vers	8		Kein Stamm wol ſteit in greunem Dom
54	35	vers	8		Dei ſlänker waßt un gräder.
54	36	vers	8		O! Dannebom, Du Wihnachtsbom,
54	37	vers	8		Dei Jung un Olt kann geben.
54	38	vers	8		O! Dannebom, Du Götterbom,
54	39	vers	8		Du Sproten ut en Hewen!
55	1	vers	8		O, Dannebom, Du Weltenbom!
55	2	vers	8		Lat under dinen Twieen,
55	3	vers	8		Wenn't harr her geit am Lebensſom,
55	4	vers	8		Frieheit un Recht gedieen.
55	5	leer	0		
55	6	absatz	4	ja	De Sporſeukig was ute, un Otte wolle eben de Dannen verlaten,
55	7	weiter	0	ja	un up et lüttche Hüſeken taugahn, da ſtund da e ne hollige Rüſter,
55	8	weiter	0	ja	de hei am Morgen ganz oberſeihn harre. Itzund hör en da en Summen
55	9	weiter	0	ja	un Brummen inne, un de lüttchen, flietigen Immen flohn af un tau
55	10	weiter	0	ja	un dreuen Honnig. Alles gung na er Ordnunge, un Alles kamm da
55	11	weiter	0	ja	up an te hope te holen, un under Arbeit un Gutſien de Junken upte-
55	12	weiter	0	ja	trecken. Keine Imme dachte an ſek ſilben, obſchonſt ſe alle ole Jungfern
55	13	weiter	0	ja	wärren, allene de Pläe vor de Sweſterkinder namm ſe ganz in, un Otte
55	14	weiter	0		verſtund un ſchref:
55	15	leer	0		
55	16	vers	12		Von allen Voggels in er Welt
55	17	vers	8		Mag ek de Imme lieen,
55	18	vers	8		De flicht ſau fliedlich, flink in't Feld,
55	19	vers	8		As ginge ſe ut up't Frieen
55	20	vers	8		In warmen Sunnenſchien.
55	21	vers	12		Up Blaumendecken danzet ſei,
55	22	vers	8		Un Honnig trecket ſe in,
55	23	vers	8		Ach blaume mek doch ok de Mai! —
55	24	vers	8		Ne Imme möcht ek ſien
55	25	vers	8		In warmen Sunnenſchien.
55	26	vers	12		Nich denket de an Drohnenkuß,
55	27	vers	8		Ne Jungfer will ſe ſien,
55	28	vers	8		Den Blaumen bring't ſe ſchönen Gruß
55	29	vers	8		Von allen Lüttchen, de te Hus,
55	30	vers	8		Ek möcht ne Imme ſien
55	31	vers	8		In warmen Sunnenſchien.
55	32	leer	0		
55	33	absatz	4	ja	Nu kam Otte wedder tau ſinen Graumänneken. Dat ſatt immer
55	34	weiter	0	ja	noch in er Hegel- un Häkelie mank ſinen Beukern un las in enen olen
55	35	weiter	0		Pergemente.
55	36	leer	0		
55	37	absatz	4	ja	Im Anfange was dat Wort. Nee! up et Erſte was de Gedanke,
55	38	weiter	0	ja	denn dat Wort is ſcheier erſt en Utlat von en Gedanken. Aber ok de
56	1	weiter	0	ja	Gedanke is nich dat Erſte; älder is dat Denken, un dat Denken
56	2	weiter	0	ja	ſett en Denker un en Daſien vorut, un dat Daſien ſchiet in er Tiedt
56	3	weiter	0	ja	un in Rume. Drumme is dat Erſte de Tiedt un de Rum, un in er
56	4	weiter	0	ja	Tiedt un in Rume, is Häkeln ſien Taufall. Bewahre, da ober Tiedt
56	5	weiter	0	ja	un Rum is uſe leiwe Herr Gott, un Gott denket vernünftig un werklich,
56	6	weiter	0	ja	un et hat ſin Recht, wat min ſelige Frind Hegel, ſäe, dat dat vernünf-
56	7	weiter	0	ja	tig Edachte werklich wärre. Manſt de Minſche kann nich werklich denken,
56	8	weiter	0	ja	de Minſche denket in Bildern, je nademe, dat dei in ſinen Bregen up
56	9	weiter	0	ja	un dal woget, un je nademe, dat hei dei na ehrer Aehnlichkeit un Lie-
56	10	weiter	0		kigkeit te hope teſtellen weit.
56	11	leer	0		
56	12	absatz	4	ja	Hei heilt inne un ſprok: Nu ſall mek doch wundern, wat min
56	13	weiter	0	ja	junke Frind Veihwann up ſiner Seukig na en Rechte funnen hat; —
56	14	weiter	0	ja	denn dat Recht is, un wat is, is ok vernünftig, un dat Vernünftige
56	15	weiter	0		is werklich.
56	16	leer	0		
56	17	absatz	4	ja	Uperſtunds kreig hei Otte, de eben ſachteken in etreen was, tau
56	18	weiter	0		Geſichte un fraug: „No haſt du wat efunnen? —
56	19	leer	0		
56	20	absatz	4	ja	Ja! reip Otte mit en frindlichen guen Abend! ek hebbe ſocht,
56	21	weiter	0	ja	un ek hebbe funnen. Hier ſind mine Notizen un min Winn. De Vöſſe
56	22	weiter	0	ja	lebet dem Swanze, un de Miäntchen krupet en Aaſe na; de Spinne
56	23	weiter	0	ja	anectirt, un de Immen pläet de Lüttchen; de groten Böme vertellt ſek
56	24	weiter	0	ja	von ehrer Höchte, un de junken Dannen recket ſek en ander de Hänne
56	25	weiter	0	ja	un driebet na en Lichte. Alles lebet na ſiner Apartigkeit, un de Apar-
56	26	weiter	0		tigkeit is ſine Frieheit un ſin Recht.
56	27	leer	0		
56	28	absatz	4	ja	Ek hebbe niſt dergegen un bin in Ganzen tefreen, ſäe dat Grau-
56	29	weiter	0	ja	männeken, aber Du warſt wol hungerig ſien. — Hei hale ut ſinen
56	30	weiter	0	ja	Schappe Schinken un Brod un en Glas Beier, un ſette ſek Otte gegen-
56	31	weiter	0	ja	ober un att, as wenn gar Niſt paſſirt wärre. Et ſmekke ene prächtig,
56	32	weiter	0	ja	un Otte ſtund as en Gneiertappe derbi. Na gerae word et Otte lang-
56	33	weiter	0	ja	wielig, denn dat Tauſeihn make ehne nich ſatt. Gue Frind, ſeggte hei,
56	34	weiter	0	ja	hätt jü nich noch en lüttchet Sticke ober? — Ek bin na er Säukig
56	35	weiter	0		hollig eworren un hier, hei wieſe up ſine Herzkule, is et leddig.
56	36	leer	0		
56	37	absatz	4	ja	Dat ſleit gut in, twöre dat Graumänneken an, nu kannſt Du ja
56	38	weiter	0	ja	von diner hungrigen Apartigkeit ganz na dinen nien Rechte tehren.
56	39	weiter	0	ja	Vergitt doch dine Upnahme hier un mine Gaſtfrindſchop, un dat ek dien
56	40	weiter	0	ja	Vaer ut den ſilftigen Stanne ſien könne, deme du anhörſt; nimm doch
57	1	weiter	0	ja	wat ek hebbe, ek bin ja olt un all un du haſt Hunger. Gah doch na
57	2	weiter	0	ja	diner Apartigkeit, wie du bi diner Gere dahn haſt, der du den Gurt
57	3	weiter	0		haſt nehmen wollt.
57	4	leer	0		
57	5	absatz	4	ja	Dat fehle mek noch, meine Otte, ek ſolle alle gue Sitte un dine
57	6	weiter	0	ja	frindliche Upnahme vergettern ſien? — Ek hebbe de blaue Blaume, dat
57	7	weiter	0	ja	Vergißmeinnich ebroken; wie ſind Kumpane in der Seukig, Jü in en
57	8	weiter	0		Beukern, un ek in er Wildniſſe.
57	9	leer	0		
57	10	absatz	4	ja	Allſau is et nich de Apartigkeit allene, in der dat Recht beſteiht.
57	11	weiter	0	ja	Soll et wol nich noch en bettchen wieer liggen, ſoll et nich in der Frind-
57	12	weiter	0	ja	ſchaft oder Sippſchaft oder te leſt in der Liekigkeit beſtahn? — Dat
57	13	weiter	0	ja	mag immer hen ſien; aber ek hebbe doch einmal mine Apartigkeit un
57	14	weiter	0		Eigenheit.
57	15	leer	0		
57	16	absatz	4	ja	Dei ſaſt du ok beholen, ſau wiet ſe in Rechte is, un nich en
57	17	weiter	0	ja	Rechte von dienes Glieken te weddern geit; denn dat Recht ſteit bi en
57	18	weiter	0	ja	Enteln, un de Enteln fodert von den velen Enteln von der Meinheit
57	19	weiter	0	ja	grade ſau vel, as de Meinheit von en Enteln fodert; hat aberſt de
57	20	weiter	0	ja	Meinheit dorch Obereinkomen en Geſetze maket, ſau is dat kein Recht;
57	21	weiter	0	ja	dat is Opportunität up korte Tiedt. Dat mag wol ſau weſen, ſeggte
57	22	weiter	0	ja	Otte, denn de Vöſſe nehmet keinen up, de nich en Swanz drägt, de
57	23	weiter	0	ja	Miäntchen ok nich, dei nich rucket, hei mößte denn Sklavendeinſt dauen
57	24	weiter	0	ja	un de Immen nehmet keine Sweſter an, ſe mößte ſek denn anebeddelt
57	25	weiter	0	ja	hebben, man allene de Spinne, dei nimmet Alles tau ſek; aberſt ſe ſugt
57	26	weiter	0		ſe ok ut.
57	27	leer	0		
57	28	absatz	4	ja	As nu darup Otte noch de junken Dannen leuwet harre, de ſek
57	29	weiter	0	ja	en ander de Hänne recken un ſek hulpen un mit ſammt den Lichte tau-
57	30	weiter	0	ja	ſtreben, da ſtund all de Schinke un Brot un en Kraus Beier vor ehne,
57	31	weiter	0	ja	un ſe vertehren nu beie in Indracht ehre Abendbrod, un denne legten
57	32	weiter	0		ſe ſek te Bedde.
57	33	leer	0		
57	34	absatz	4	ja	En andern Morgen ſtund dat Graumänneken all freuh vor Otte
57	35	weiter	0	ja	ſinen Lager un mahne ehne upteſtahn. Det morgens, ſäe hei, is de
57	36	weiter	0	ja	Wold vuller Leben, un wer wat ut terichten meint, un mit klaren Ver-
57	37	weiter	0	ja	ſtanne ut er Werrniſſe komen will, dei mott freuh upſtahn un ſinen
57	38	weiter	0		Ummegang holen.
57	39	leer	0		
57	40	absatz	4	ja	Otte ſprung up, un beie wandern te hope dorch de Woldſtille
57	41	weiter	0	ja	up half tau ewuſſenen Stieen. Et hebe ſek de Nebel, de Lowtelgen
58	1	weiter	0	ja	werren fuchte von Dau, de ſek da uppe dal elaten harre, un as nu de
58	2	weiter	0	ja	leiwe Sunne upgung, da zwitſchern de lüttchen Voggels ehre luſtige
58	3	weiter	0		Morgengebet.
58	4	leer	0		
58	5	absatz	4	ja	Otte ſprok: Wat is dat doch vor ene utermaten rare un friſche
58	6	weiter	0	ja	Welt! Alles wat ek ſeihe un höre, wiſet mek wedder hen up de Apar-
58	7	weiter	0		tigkeit.
58	8	leer	0		
58	9	absatz	4	ja	Ja, meine dat Graumänneken, uſe Herr Gott dichtet buntche, un
58	10	weiter	0	ja	de Apartigkeit hat ehre Recht aparte te ſien; aber ſe is un blifft immer
58	11	weiter	0	ja	an de Meinheit ebunnen, un drumme liet dat Recht in der Meinheit,
58	12	weiter	0		de de Apartigkeit achtet.
58	13	leer	0		
58	14	absatz	4	ja	Wenn dat Recht in der Meinheit liet, twöre Otte an, wie kann
58	15	weiter	0	ja	denne de Apartigkeit beſtahn? — Wenn ek dauen mott, wat de Mehr-
58	16	weiter	0	ja	ſten willt, ſau bin ek nich mehr frie, un de Frieheit is doch mien apar-
58	17	weiter	0		tes Recht.
58	18	leer	0		
58	19	absatz	4	ja	Dat is ſchon ſau, ſeggte dat Graumänneken, aberſt wenn du de
58	20	weiter	0	ja	Apartigkeit von allen Andern grade ſau wahrſt, as diene eigene
58	21	weiter	0	ja	Apartigkeit, ſau lebeſt du ja in Sinne der Meinheit un befolgſt doch
58	22	weiter	0	ja	dine Eigenheit. Alles kummet da uppe rut, wat de Herre ſegt: Wat
58	23	weiter	0	ja	du nich wutt, dat dek de Lüe dauet, dat daue du en Lüen ok nich;
58	24	weiter	0	ja	oder wenn du noch einen Faut wieer gahn woſt; denn dat is man de
58	25	weiter	0	ja	Anfängig von ſiner Lehre un en Verbot, ſau het dat Gebot: Hebbe
58	26	weiter	0	ja	dinen Naber leiw as dek ſilben; un woſt du noch högger rupſtien, ſie
58	27	weiter	0	ja	woldädig tien dei, de dek mit Undanke lohnet un mit Fiendſchaft ver-
58	28	weiter	0	ja	folget. — Dat is din Recht un de Werklichkeit, de de leiwe Gott ute-
58	29	weiter	0		dacht hat, un wer ſau deiht, de deiht na Gottes Willen recht.
58	30	leer	0		
58	31	absatz	4	ja	Dat is vorbat recht ſchöne; aber wie kann ek noch wat dauen,
58	32	weiter	0	ja	wenn ek jedwedes Apartigkeit in Obacht nehmen ſall, meine Otte, denn
58	33	weiter	0		blifft Niſt ober.
58	34	leer	0		
58	35	absatz	4	ja	O et blifft noch en ganzen Hümpel vull uttefüllen, denn Alle, de
58	36	weiter	0	ja	mit Leed un Meuſal behaftet ſind, werd tau dek komen un dek um
58	37	weiter	0		Hülpe angahn.
58	38	leer	0		
58	39	absatz	4	ja	Sau wandern beie bi en ander hen un keimen an en holligen
58	40	weiter	0	ja	Weg, de ſek dorch en junken Hai trecke. Da ſtund en Sprung Rehe,
58	41	weiter	0	ja	de danzen in ehrer Zierlichkeit vor ſe vor ober, un dat Graumänneken
58	42	weiter	0	ja	flüſtere Otte tau: Sieh; dat is de leiwe Unſchuld, un drumme hett ſe
59	1	weiter	0	ja	ok keinen Swanz; denn wer unſchüllig is, de bruket keinen Swanz, ſek
59	2	weiter	0	ja	de Scham tautedecken, un da up ſind de Minſchen ok up inerichtet, aber
59	3	weiter	0	ja	ſe hätt dat von en Vöſſen vernohmen, dat ſe ſek en Swanz maket, erſt
59	4	weiter	0		weil ſe ſek ſchämet, un denne, weil ſe verbiſtert werd.
59	5	leer	0		
59	6	absatz	4	ja	Dat mag ſcheier ſau ſien, ſäe Otte; aber wer mank en Beiſten
59	7	weiter	0		is, wie ſall dei unſchüllig blieben? —
59	8	leer	0		
59	9	absatz	4	ja	Ja, mahne dat Graumänneken, erkenne bi en Beiſten ehren
59	10	weiter	0		Swanz, aber wahre vor dek dine Unſchuld.
59	11	leer	0		
59	12	absatz	4	ja	De Rehe hucken in de Dickunge, un de beien Wanderslüe ſteen
59	13	weiter	0	ja	up en hogen Barg. Dit was en Kiekdekum, un unnen dorch dat Dal,
59	14	weiter	0	ja	da trecke en grot breit Water, un up den Water wärren vele grote
59	15	weiter	0	ja	Schepe. An en Euber leip ene Iſenbahn hen, un de Dampwaens
59	16	weiter	0	ja	ſnurrn up un af, un de Bote keimen an't Land, un ſetten vele Reiſende
59	17	weiter	0	ja	ut. Ok ut en Dampwaen keimen wecke, de leipen an't Euber un weſſeln
59	18	weiter	0	ja	Fäter, Kiſten un Ballen ut, un et ſach Alles in Morgenſünnenſchien
59	19	weiter	0	ja	ut, as ſpelen de Minſchen man ſau wie Kinder in ehrer Unſchuld vuller
59	20	weiter	0	ja	Indracht un Free. Alle Arbeit greip paſſig in't ander, un dat Dal
59	21	weiter	0		was en lüttchet Paradies.
59	22	leer	0		
59	23	absatz	4	ja	Otte juchheiße lue up. — Da mott ek hen, da is Free, Frind-
59	24	weiter	0		ſchaft un Wolleben, da is Meinheit un Apartigkeit te hope!
59	25	leer	0		
59	26	absatz	4	ja	I wo! ſäe dat Graumänneken, glow doch dat nich. Dat geiht
59	27	weiter	0	ja	da accerat ſau her wie bi en Deierten in er Wildniſſe. De lopet wie
59	28	weiter	0	ja	de Miäntchen en Aaſe na, de annectirt wie de Spinne un ſuet ehren
59	29	weiter	0	ja	Leiweſten dat Blaut ut. Kiek mal, wie ſe ſek as de Vöſſe en Swanz
59	30	weiter	0	ja	maket dorch Kleineköddern un Anprieſig von ſek ſilben un ehrer Waare.
59	31	weiter	0	ja	De ſind ſau gut verbiſtert as alle Beiſter! manſt ſe hätt en Principe,
59	32	weiter	0	ja	dat het Verdeinſt. Se arbeiet nich, dat dar na de Verdeinſt von ſilben
59	33	weiter	0	ja	kummet, gut un ehrlich, nee weil ſe verdeinen willt, drumme mött ſe arbeien
59	34	weiter	0	ja	mit Löggen un Bedreien. Verdeinſt werd bi ſei mit fetter Schrift
59	35	weiter	0	ja	eſchreben un högger eachtet as uſe Herr Gott. Verdeinſt is ehr Pa-
59	36	weiter	0		role un ehre Götze; et ſind Koplüe.
59	37	leer	0		
59	38	absatz	4	ja	Na, denn mag ek da nich hen, ſäe Otte, denn möcht ek man ganz
59	39	weiter	0	ja	bi Jüg blieben hier in er Wildniſſe; aber ek hebbe mek ja tauer Ver-
59	40	weiter	0	ja	waltunge anemeldt, un da wärre et doch gut, wenn jü mek en Weg ut
59	41	weiter	0	ja	en Holte wieſen wollet. Ek meine, wenn ek erſt mal gut ut diſſer
60	1	weiter	0	ja	Werrniſſe rut wärre un up en Blek keime, wo ek allene de Töggel in
60	2	weiter	0	ja	de Hand nehmen könne, denn ſolle dat ſcheir anders lopen. Wo Eins
60	3	weiter	0	ja	ſine Apartigkeit un de dicke Meinheit harre an er Dieße holt, da mott
60	4	weiter	0		ſek dat wol gut feuern laten.
60	5	leer	0		
60	6	absatz	4	ja	Verſeuk et, ſprok dat Graumänneken, lew wol! Nu nimm en Weg
60	7	weiter	0	ja	grade ut, wieke nich von der Halbe, nich hü un nich hotte, achte de
60	8	weiter	0		Meinheit un wahre de Apartigkeit. —
60	9	leer	0		
60	10	kapitel	0		De Principienſtriet.
60	11	leer	0		
60	12	absatz	4	ja	Otte drücke ſinen olen Gaſtfrinne de Hand un gung af mit en
60	13	weiter	0		ſchönen Dank vor de Upnahme un en herzlichen Lebewol up betere Tiedten.
60	14	leer	0		
60	15	absatz	4	ja	Hei kamm in de nächſte lüttche Stadt, da was ene Poſtſtatſchon,
60	16	weiter	0	ja	un weil des dat Otte ſek meue lopen harre, un et all Abend weren
60	17	weiter	0	ja	wolle un de Poſt balle affeuere, ſau leit hei ſek inſchrieben un gung in
60	18	weiter	0	ja	de Paſſagierſtube. Hier ſette hei ſek dal un ſtrakle ſine meuen Poten-
60	19	weiter	0	ja	taten un grübele en Betchen na ober dat Graumänneken un de willen
60	20	weiter	0	ja	Wolddeierte, de Miäntchen, de Spinne, de Immen un leſtut ok ober de
60	21	weiter	0	ja	junken Dannen. Alles gung noch mal an ehne vorober, un as hei noch
60	22	weiter	0	ja	ſau vor ſek hen brue, half wakig un half in Dremel, da dee ſek de Dör
60	23	weiter	0	ja	up, un et tratt en Fruenzen in de Stube, ganz as wärre et ſine Half-
60	24	weiter	0	ja	ſweſter Gere, man blot nich ſau ſnar un hehre. Se was en Bettchen
60	25	weiter	0	ja	kumpletter un harre mehr Takelage umme ſek, en Schanzlöper mit Pat-
60	26	weiter	0	ja	ten un Boſtklappen, half wie en Zaldate un half wie ene Seildänzerſche,
60	27	weiter	0	ja	un en tyroler Haut undernehmend ſcheif upeſett mit ener utgefaſerten
60	28	weiter	0	ja	Feddere dran, ach! un Halfſtebbeln mit ſau ſpitzen Hacken, as wolle
60	29	weiter	0	ja	ſe vor ſek en bettchen Brummkieſel un mit der ganzen Welt Dreirad ſpelen.
60	30	weiter	0	ja	Se tratt forſche up un ſchille lue mit 'er Poſtmeſterſche, un bewähre
60	31	weiter	0	ja	ſek as en Fruenzen, deme an Morgen ene Spinne ober dat Bedde lopen
60	32	weiter	0	ja	is. Se hantire mit ehren Scherme, as wolle ſe der Poſtmeſterſchen
60	33	weiter	0	ja	dat lüttche Licht utſlaen, wat dei ehr nadraug, un umburre ſe, as ene
60	34	weiter	0	ja	Glucke, dei ſau eben von Neſte kummet un mit aller Welt Striet an-
60	35	weiter	0		faket.
60	36	leer	0		
60	37	absatz	4	ja	Wo iſt der Herr, ſprok ſe, der ſich als Paſſagier unter Nr. 2
60	38	weiter	0	ja	einſchreiben ließ? — Ich liebe es nicht, im Dunklen mit einem fremden
60	39	weiter	0	ja	Herrn allein im Poſtwagen bis zur nächſten Bahnſtation langweilige
60	40	weiter	0		Stunden abzuſitzen.
61	1	absatz	4	ja	Wat geit dat mek an! reip de Poſtmeſterſche, dat maket mit den
61	2	weiter	0	ja	fremmen Herrn af, de ſek inſchrieben leit. Hier is e, un damidde ſette
61	3	weiter	0		ſe den Talgſtinkel up en Diſch un gung af.
61	4	leer	0		
61	5	absatz	4	ja	Otte ſtund flugs up un ſäe: Ich habe die Ehre mich Ihnen als
61	6	weiter	0	ja	Referendar Veihwann vorzuſtellen und fühle mich glücklich, Sie als Mit-
61	7	weiter	0		reiſende begrüßen zu dürfen.
61	8	leer	0		
61	9	absatz	4	ja	As nu dat Frölen den ſtrammen junken Minſchen ſach, de ſek
61	10	weiter	0	ja	Referendar nenne, un drumme wol ſtudirt hebben moßte, wat ſek ſchon
61	11	weiter	0	ja	dorch ſine frindliche Vorſtellunge ut tewieſen ſchiene, da verweihe dat Ge-
61	12	weiter	0	ja	wölke ober ehren Bruen, un ſe word bet ober beie Ohren roth, ſau
61	13	weiter	0		wiet en ditt in er Demmerge bi den lüttchen Talglichte ſeihn konne.
61	14	leer	0		
61	15	absatz	4	ja	Entſchuldigen Sie, mein Herr, ſprok ſe, daß Sie mich etwas auf-
61	16	weiter	0	ja	gebracht in das Zimmer treten ſahn. Es iſt das eine verzeihliche
61	17	weiter	0	ja	Schwäche, die durch die Sitte geboten iſt, welche einer jungen Dame
61	18	weiter	0	ja	gebietet nicht allein mit einem fremden Herrn im Dunkeln zu fahren.
61	19	weiter	0	ja	Ich erſuche Sie daher, von ihrem Rechte, wenn ſich nicht noch Reiſende
61	20	weiter	0		einſtellen ſollten, Abſtand zu nehmen. Mein Name iſt Hilda von Heme.
61	21	leer	0		
61	22	absatz	4	ja	Von Heme? ſäe Otte bidropen. Die von Hemes finde ich öfters
61	23	weiter	0	ja	im Stammbaume meiner Väter mit den Veihwanns verſchwägert, und ich
61	24	weiter	0		ſchätze mich glücklich, Sie meine liebenswürdige Couſine nennen zu dürfen.
61	25	leer	0		
61	26	absatz	4	ja	Das mag ſein, ich habe bei der großen Familienverbindung unſeres
61	27	weiter	0	ja	Hauſes Nichts dagegen; aber dem Streite, der in dieſem Falle zwiſchen
61	28	weiter	0	ja	Sitte und Recht ſtattfindet, wird dadurch, daß Sie mein Vetter ſein
61	29	weiter	0	ja	wollen, kein Ende gemacht. Selbſt mit meinem liebenswürdigſten und
61	30	weiter	0	ja	mir am nächſten ſtehenden Couſin würde ich nicht im Dunkel der Nacht
61	31	weiter	0	ja	allein eingefercht im Poſtwagen fahren; ich muß Sie daher meiner und
61	32	weiter	0	ja	Ihrer Ehre wegen bitten, ſelbſt wenn ich nicht an die Sitte appelliren
61	33	weiter	0	ja	wollte, ſich kurz zu entſchließen und auf dem Bocke Platz zu nehmen.
61	34	weiter	0		Was ich will, das pflege ich auch durchzuſetzen mein Herr.
61	35	leer	0		
61	36	absatz	4	ja	Schön, gnädiges Fräulein, wenn ich nun aber doch, ohne auf die
61	37	weiter	0	ja	alte gute Sitte zu achten und ohne ihren perſönlichen Wunſch zu berück-
61	38	weiter	0	ja	ſichtigen von meinem Rechte Gebrauch machte? — Der Platz Nr. 2
61	39	weiter	0	ja	gehört mir. Sie wollen reiſen, und ich muß nothwendig mich morgen
61	40	weiter	0	ja	zum Termin ſtellen. Ich kann es nicht glauben, daß Sie bis zum näch-
62	1	weiter	0	ja	ſten Poſtabgange in dieſem Locale bleiben würden, um vielleicht morgen
62	2	weiter	0		in derſelben unangenehmen Lage zu ſein.
62	3	leer	0		
62	4	absatz	4		Gleich viel, ich will von meinem Entſchluſſe nicht zurücktreten.
62	5	leer	0		
62	6	absatz	4	ja	Otte keik dorch et Fenſter un ſach na en Hewen, wat wol vor
62	7	weiter	0	ja	Weder in Utſicht ſtund, un weilen hei noch de Wöre von en Grau-
62	8	weiter	0	ja	männeken friſch in Koppe harre, dat Jedweder de Apartigkeit von en
62	9	weiter	0	ja	Andern te achten härre, un dat en en Lüen niſt anmauen ſolle, wat
62	10	weiter	0	ja	en ſilben nich geren möchte, te malen de Andere hier ene Sie was, de
62	11	weiter	0	ja	ehne wegen der Aehnlichkeit mit ſiner Halfſweſter nahe ſtund, ſau meine
62	12	weiter	0	ja	hei, et mößte ſek doch en Middelweg utfinnig maken laten, de neinen
62	13	weiter	0		Parte in ſinen Rechte un Wunſche te vel dee.
62	14	leer	0		
62	15	absatz	4	ja	Hei tratt denn ok, weil de Himmel nich grade tau abſcheulich
62	16	weiter	0	ja	duſter utſach, den Frölen einen Schritt nächer un ſeggte: Gnädiges
62	17	weiter	0	ja	Fräulein, Sie haben geſiegt. Ihr Wunſch iſt mir Befehl, ich werde
62	18	weiter	0	ja	neben dem Poſtillon Platz nehmen; aber ſollte es regnen, ſo werden
62	19	weiter	0	ja	Sie mir erlauben von meinem wohlerworbenen Rechte Gebrauch zu
62	20	weiter	0	ja	machen. Bitten Sie alſo den Himmel, daß er uns eine ſtille, ruhige
62	21	weiter	0		Nacht ſchenkt.
62	22	leer	0		
62	23	absatz	4	ja	Indeme bleis de Poſtillon tau en Inſtien. Dat Frölen trecke nu
62	24	weiter	0	ja	af, up en Stertoberwurpe mit ener rohen Rauſe, wie en leddig Damp-
62	25	weiter	0	ja	wae, de vor ener Barriere vorbi flicht, as wolle ſe ſeggen, da wärre
62	26	weiter	0	ja	ek gut dorch, un klempere in en Poſtwaen. Veihwann hucke bi en
62	27	weiter	0	ja	Poſtillon up en Bock un ſeggte: Swager, et kummet mek ſau vor, as
62	28	weiter	0	ja	wolle up diſſen Abend ene gue quaie Nacht folgen, un da will ek man
62	29	weiter	0		leiwer in Frien fahren, wenn et nich noch rehnen ſolle.
62	30	leer	0		
62	31	absatz	4	ja	De Feurig gung an. Dat Frölen ſatt allene, un wie wol ſe ſek
62	32	weiter	0	ja	da ober freue, dat ſe leſt ut ehren Willen dorcheſett harre, ſau word et
62	33	weiter	0	ja	ehr doch langwielig allene in er Poſtkutſche te ſitten. Se dachte hen un her,
62	34	weiter	0	ja	dat ſe doch wol te wiet egahn wärre, denne de Nacht was vor der
62	35	weiter	0	ja	Dör, un Veihwann härre ſek ja konnt verküllen un dat wolle ſe doch
62	36	weiter	0	ja	nich geren, un bi der Gutheit, mit der hei ehr entien ekomen was, da
62	37	weiter	0	ja	konne ſe dat bi all ehren feſten Willen un bi all ehrer Prutzigkeit doch
62	38	weiter	0	ja	nich ganz oberwinnen un dieken. Se grübele da noch ober na, da kei-
62	39	weiter	0	ja	men entele Druppen tien de Fenſterſchiebe, un dat was ehr wedder nich
62	40	weiter	0	ja	recht, denn wenn dat ſchärper kamm, denn was dat ja nich te ännern,
63	1	weiter	0	ja	dat Veihwann denn wedder in de Poſtkutſche ſteg. Se was mit ſek
63	2	weiter	0	ja	uneins, ob ſe nich de Hand tau en Freen beien ſolle. Da kam dorch
63	3	weiter	0	ja	de düſtere Nacht en hellen Blitzſtrahl dorcheflohn, grade, as de Pere
63	4	weiter	0	ja	vor einen witten Mielenſteine vorbikeimen. Dat eine Perd entſette ſek
63	5	weiter	0	ja	un ſlaug na en Steine. Dabi hänge ſek de Strang ut un de Swager
63	6	weiter	0	ja	Poſtillon moßte von Bocke, den Strang wedder ober en Swengel te
63	7	weiter	0		ſchieben un feſte intenauſen.
63	8	leer	0		
63	9	absatz	4	ja	Diſſe Tiedt nam nu Otte Veihwann wahr. Hei hucke dralle af
63	10	weiter	0	ja	un make den Kutſchenſlag up un ſeggte: Mein gnädiges Fräulein, Sie
63	11	weiter	0	ja	werden entſchuldigen, der Himmel treibt mich wider meinen Willen unter
63	12	weiter	0	ja	ihr ſchützendes Dach. Hei dreie ſek na er Ecke tau un ſette ſek up
63	13	weiter	0		ſinen Platz No. 2.
63	14	leer	0		
63	15	absatz	4	ja	Ich hatte ſchon die Abſicht, Sie herein zu rufen, twöre dat Frölen
63	16	weiter	0	ja	an. Ich wollte Sie dem Wetter und Sturme nicht ausgeſetzt ſehn,
63	17	weiter	0	ja	und nun kommen Sie ſchon ſelbſt und machen von ihrem Rechte Ge-
63	18	weiter	0	ja	brauch. — Ich kann das nicht hindern und will dem auch nicht entgegen
63	19	weiter	0	ja	ſein, aber es empört mich, daß die Männer den Frauen gegenüber ſo
63	20	weiter	0	ja	wenig auf Sitte achten und ſich ſtets ein gewiſſes Vorrecht anmaßen.
63	21	weiter	0	ja	Wir Frauen haben ebenſo gut ein Recht auf Freiheit Anſpruch zu
63	22	weiter	0	ja	machen, wie die Männer und vielleicht iſt unſere Freiheit, weil ſie
63	23	weiter	0	ja	durch traditionelle Sitte begründet iſt, eine reinere, als die auf unge-
63	24	weiter	0	ja	bundene Eigenliebe baſirte Freiheit der Männer, welche ſich in ihrem
63	25	weiter	0		Hochmuth Ehre nennt.
63	26	leer	0		
63	27	absatz	4	ja	Sie haben recht, gnädiges Fräulein, meine Otte, aber die Stellung
63	28	weiter	0	ja	beider iſt von Natur gegeben, nur die Umſtände machen es nicht immer
63	29	weiter	0	ja	möglich, ganz der Freiheit des Einen und des Andern zu genügen. Ich
63	30	weiter	0	ja	ehre die Sitte und lege deshalb, wie im alten Märchen, meinen Stab
63	31	weiter	0		in Ermangelung eines Schwertes, zwiſchen uns beide nieder.
63	32	leer	0		
63	33	absatz	4	ja	Damidde ſette hei ſinen Gahſtock mank ſek un en Frölen tien en
63	34	weiter	0		Rüggeſitz.
63	35	leer	0		
63	36	absatz	4	ja	Laſſen Sie das gut ſein, ſäe dat Frölen, Spott iſt nicht das
63	37	weiter	0	ja	Fahrwaſſer, auf dem ich gern rudere, zumal, wenn das Schwert ſo
63	38	weiter	0	ja	hölzern ſchwerfällig ſcheint, wie in ihrem Bakel. Außerdem ſind die
63	39	weiter	0	ja	Formen, welche unſere Vorfahren inne zu halten pflegten, längſt zer-
63	40	weiter	0	ja	bröckelt, und ich liebe die Form nicht, die keinen Inhalt mehr hat. —
64	1	weiter	0	ja	Das Schwert, welches die Blutrache aufrief, wenn die Ehre angetaſtet
64	2	weiter	0	ja	wurde, iſt längſt ſtumpf geworden, und hat einen ziemlich unſichern
64	3	weiter	0	ja	Schutz des Staates im Gefolge gehabt. Gottlob! hat das ſchwächere
64	4	weiter	0	ja	Weib die äußere Sitte nicht mehr nöthig, es ſteht innerlich frei wie der
64	5	weiter	0	ja	Mann da durch ein feineres und empfindſameres Gefühl, deſſen Bildung
64	6	weiter	0	ja	es ſich in hervorſtechender Weiſe ſelbſt zu danken hat, ſollten auch noch
64	7	weiter	0	ja	einige alt hergebrachte Irrthümer ihm die zweite Stelle anweiſen; aber
64	8	weiter	0	ja	das wird ſich auch noch ändern, und was mich anbetrifft, ich fühle
64	9	weiter	0		mich ganz frei, und handle als ein freies Weib, wie ich will.
64	10	leer	0		
64	11	absatz	4	ja	Otte was ober diſſe aparte un ſtolte Utrede ganz verblüfft, un
64	12	weiter	0	ja	wenn et nich ſau ganz abſcheulich düſter in er Poſtkutſche worren wärre,
64	13	weiter	0	ja	ſau härren konnt ſine Oen wiet uprieten, un ſine Nüſtern wie en Paar
64	14	weiter	0		Falllöcker rund upſtahn ſeihn.
64	15	leer	0		
64	16	absatz	4	ja	Hei was wie up et Mul eſlaen un ducke ſek in ſine Ecke. —
64	17	weiter	0	ja	Sau harre hei noch kein Fruenzen köddern ehört; de Niedheit un de
64	18	weiter	0	ja	Beſtimmtheit harren ehne obernohmen. Indeme kamm wedder en Blitz
64	19	weiter	0	ja	dorch dat Düſter der Nacht. De Poſtwae gung ober en Steinhupen;
64	20	weiter	0	ja	dat Frölen poltere up Otte tau, un de Kruck von Ottes Gahſtocke drücke
64	21	weiter	0	ja	up et Slott von den Frölen ſinen Liwgurte, et löſe ſek de Inhakig
64	22	weiter	0		un de Taſche follt up en Bodden.
64	23	leer	0		
64	24	absatz	4	ja	Veihwann was artig. Hei ſprung in Nu ut ſiner Ecke, de Taſche
64	25	weiter	0	ja	wedder upteberen, un dat Frölen, dat ſek verfört harre, fate upſtunds
64	26	weiter	0	ja	ok na er Taſche, de ſe beie under en Blitzen harren fallen ſeihn. Allene
64	27	weiter	0	ja	up ene blennen Helligkeit folget alle mal, wie en dat under ſaunen
64	28	weiter	0	ja	Umſtännen wol weit, en ſau dicket Duſter, dat en da vor de Oen
64	29	weiter	0	ja	tauſleit. Dat ſchach denn hier ok. Otte un dat Frölen maken de Oen
64	30	weiter	0	ja	tau un legten ſek up et Feulen. Se faten beie lieke tau na er Taſche,
64	31	weiter	0	ja	un wat ſe te packen kren, dat wärren en Paar Hänne; un wie ſek dei
64	32	weiter	0	ja	in en ander elegt harren, un de Poſtwae noch immer in en Poltern
64	33	weiter	0	ja	was, da heilen ſe ſek feſte anen't ander, wie dat nich anders möglich
64	34	weiter	0	ja	was, un bi der Balanzie ſtrieke taufällig dat Frölen Veihwann ober
64	35	weiter	0	ja	de Backen mit ehrer lüttchen, weiken Hand. Dit dorchrieſele Veihwann
64	36	weiter	0	ja	as wärre von den Blitze, de eben daleſchoten was, en lüttchen Strählen
64	37	weiter	0	ja	in ſinen Puckele henlopen bleben. Mit er linken Hand heilt hei Hilde
64	38	weiter	0	ja	ehre Rechte, un mit er Rechten harre hei Hilden umefatet, up dat ſe nich
65	1	weiter	0	ja	fallen ſolle, un ſei harre ehren linken Arm umme ſinen Nacken eſlaen,
65	2	weiter	0		Alles blot wegen der Verförig, un dat ſe ſek an't ander holen wollen.
65	3	leer	0		
65	4	absatz	4	ja	De beien Köppe wärren ſek helleſchen nächer ekomen, un dat make
65	5	weiter	0	ja	ſek nu ganz von ſilben, dat taufällig ok ehre Lippen te hope paſſen,
65	6	weiter	0		obſchonſt ſe beie gar nich vorher da ober na edacht harren.
65	7	leer	0		
65	8	absatz	4	ja	Was dat nu Taufall na Häkel, oder vornünftig edachte Werklich-
65	9	weiter	0	ja	keit na Hegel? — Ek weit nich, ob Otte in diſſen Mojemente da ober
65	10	weiter	0	ja	no grübele; aber et will mek ſau ſwanen, dat hei in diſſer Sitewatſchon
65	11	weiter	0	ja	de Werklichkeit mit der Vernünftigkeit vullkomen innenohmen harre;
65	12	weiter	0	ja	denn dat hölten Swert, dat de gue ole Sitte uprecht holen ſolle, was
65	13	weiter	0	ja	umefallen, de Liwgurt harre ſek ut en Slotte löſet, un Veihwann un
65	14	weiter	0	ja	Hilde wärren ſek in ehren Anſichten en gut Deil nächer etreen. Sei
65	15	weiter	0	ja	was nich mehr ſau hartwillig ſtolte un ethepathete, un hei was nich
65	16	weiter	0	ja	mehr ſau milären blöe. Se geiben ſek na en erſten Kuſſe, da ward
65	17	weiter	0	ja	wol kein Twiewel anne ſien, en tweiten un dridden, un weil dat in
65	18	weiter	0	ja	Düſtern Nemmes te ſeihn kreig, un weil ſe keine Bange harren, dat
65	19	weiter	0	ja	dat pläcken dee, noch en ganzen Hümpel vull Küſſe, un wärren wie en
65	20	weiter	0	ja	jung Brutpaar luſtig un guer Dinge bi allen Blitzen un Döndern in
65	21	weiter	0		deiper, duſterer Nacht.
65	22	leer	0		
65	23	absatz	4	ja	Dat Speel härre wol noch konnt ene Wiele duern, denn Veihwann
65	24	weiter	0	ja	un Hilde word de Tiedt nich lang, un ſe harren ſek mit wennigen
65	25	weiter	0	ja	Wören vel te ſeggen. Da, up ein Mal blaſe de Poſtillon, de Pere ſtunnen
65	26	weiter	0	ja	ſtille, un dat glücklichſte Minſchenpaar, dat nu up er ganzen Welt was,
65	27	weiter	0		dat wärren Otte un Hilde.
65	28	leer	0		
65	29	absatz	4	ja	Se klempern beie ut en Poſtwaen, un Otte draug Hilde de utge-
65	30	weiter	0	ja	hängete Taſche na, de bet's hen immer noch an en Bodden liggen
65	31	weiter	0	ja	bleben was. Hei gaff ehr en Scherm un brochte ſe na er Bahne an
65	32	weiter	0	ja	dat Coupee. Hier geiben ſe ſek tau en Abſchiede de Hand un en Kuß,
65	33	weiter	0	ja	wie dat mank Vedder un Wäſche wol te ſcheihn pläet, vornut, wenn ſe-
65	34	weiter	0		ek en ander leiw hätt un taufällig en Paar eworren ſind.
65	35	leer	0		
65	36	absatz	4	ja	Sei ſtüere na er Reſidenze, un hei trolle ſek, dat hei mit en vor-
65	37	weiter	0	ja	bilopenen Dampwaen na er Provinſchalſtadt kamm. As hei nu hier
65	38	weiter	0	ja	ſpäde anlange, un in dridden Stocke in ener lüttchen Stube Quartier
65	39	weiter	0	ja	enohmen harre, da gung noch mal de Reiſe an ehne vorober, un hei
65	40	weiter	0	ja	kamm tau er feſten Wiſſheit, dat dat Graumänneken ehne de beſte Lehre
66	1	weiter	0	ja	von er Welt: „Jeden na ſiner Apartigkeit te nehmen un Nemmes te
66	2	weiter	0	ja	weddern te ſien“, egeben, un dat uſe leiwe Herr Gott ehne tau en ganz
66	3	weiter	0		unverhofften Glücke, tau ener ſchönen, junken Brut verhulpen harre.
66	4	leer	0		
66	5	absatz	4	ja	En geſund Minſche, de en paſſig Lager efunnen hat, dei ſleppet
66	6	weiter	0		balle in, wenn hei ok en Dag ober Vel erlebet hat.
66	7	leer	0		
66	8	absatz	4	ja	Et komet ene Menge Bilder, de ſek an et vorweg egahne Daewark
66	9	weiter	0	ja	anleggen dauet. Dromblaumen, rohe, gäle, blaue wandelt ſek ümme in
66	10	weiter	0	ja	true, blaue Oen, un de Steren in en Oe ward immer grötter, wie en
66	11	weiter	0	ja	groten ſwarten un deipen Japp, in dene hei denn vorſinket, un futſch
66	12	weiter	0	ja	is hei weg in dat Land, wo keine Iſenbahn is un kein Dampwae feuert,
66	13	weiter	0	ja	manſt dat Bruſen vor en Ohren duert noch e ne Wiele, un denne
66	14	weiter	0	ja	kummet da Tact in, un de Klänge ſpelt buntchen mit en Blaumen, bet
66	15	weiter	0		Alles na gerae in dat Wiee verſwinnt.
66	16	leer	0		
66	17	absatz	4	ja	Sau kamm dat hier ok. Otte Veihwann köere erſt mit ſek ſilben,
66	18	weiter	0	ja	un denne mit en Graumänneken un ſiner Hilde, un denne keik hei ehr
66	19	weiter	0	ja	deipe in dat grote, blaue Oe mit en ſwarten Steren, un under Blaumen
66	20	weiter	0	ja	un Suſen, da ſtund en Vergißmeinich, un up en Blaumen un up en
66	21	weiter	0	ja	Vergißmeinich, da wärren Immen, un de Immen ſummen um ehne
66	22	weiter	0		rum, un hei brumme mit ſammt ſei ſtille vor ſek hen:
66	23	leer	0		
66	24	vers	8		„Von allen Immen, de da fleiht,
66	25	vers	8		Min Wieſer hüt' up Swarmen geiht.
66	26	vers	8		Ek küſſe ohn' te fraen;
66	27	vers	8		Un küſſe ohn' te fraen.
66	28	vers	8		Min Wieſer herzet mek un ſleit
66	29	vers	8		All' Drohnen aff, de um en fleiht.
66	30	vers	8		In Herzen will ek ne draen,
66	31	vers	8		In Herzen will ek ne draen.“
66	32	leer	0		
66	33	absatz	4	ja	De Immen harren uteſummet, de Vergißmeinichſteren word immer
66	34	weiter	0	ja	deiper un grötter, as ene ſtille un lanke Nacht, un Otte ſleip in, wie
66	35	weiter	0	ja	en glücklich Breddigam, un ſleip feſte, un wake erſt wedder up, as de
66	36	weiter	0		Sunne hoch an Hewen ſtund.
66	37	leer	0		
66	38	absatz	4	ja	Hei keik na ſiner Uhr; et was Theine, un umme Elwe ſolle hei
66	39	weiter	0	ja	ſek bi en Präſidenten mellen. Dralle harre hei ſek ewuſchen un eben
66	40	weiter	0	ja	anetrecket ſinen Koffee drunken. Hei ſette ſinen hogen Haut up, un
66	41	weiter	0	ja	ſtriepe ſek de witten Hanſchen ober, un keik noch ein mal in en Speil,
67	1	weiter	0	ja	um en tefreen Angeſichte ober ener witten Halsbinne te munſtern, da
67	2	weiter	0	ja	kloppet an de Dör, as hei grade afmaſchiren wolle, un de Poſtboe
67	3	weiter	0		brachte en Breif ut der Reſidenze.
67	4	leer	0		
67	5	absatz	4	ja	Wat, ſäe Veihwann, ut Barlin? — Wer kann mek da anders
67	6	weiter	0		ſchrieben, as mine leiwe Brut Hilde? —
67	7	leer	0		
67	8	absatz	4		Hei brok den Breif haſtig up un las:
67	9	leer	0		
67	10	brief	6		Mein verehrter Herr Vetter!
67	11	leer	0		
67	12	brief-absatz	10	ja	Gleich, nachdem ich in den Dampfwagen geſtiegen war,
67	13	brief	6	ja	erſchien der Herr Regierungsrath von Bringneu. Er kam aus
67	14	brief	6	ja	der Schweiz und erzählte mir, wie dort die Frauen in politiſcher
67	15	brief	6	ja	Hinſicht den Männern bald gleichgeſtellt ſein würden. Auf die
67	16	brief	6	ja	kürzeſte Weiſe entwickelte er aus dem Naturrechte, daß ein
67	17	brief	6	ja	ſolcher Fortſchritt im politiſchen Leben gerechtfertigt und noth-
67	18	brief	6	ja	wendig ſei. Wir tauſchten unſere Anſichten gegen einander
67	19	brief	6	ja	aus, und fanden, daß wir geiſtesverwandt, für einander ge-
67	20	brief	6	ja	ſchaffen ſeien. Wir verlobten uns und werden uns in kürzeſter
67	21	brief	6	ja	Zeit civilehelich trauen laſſen. Sie werden dieſen meinen Schritt
67	22	brief	6	ja	natürlich finden. Das inhaltreichſte Recht der Frauen liegt in
67	23	brief	6	ja	ihrer Wahl und da werden Sie es für verſtändig halten, daß
67	24	brief	6	ja	ich den Regierungsrath dem Referendar vorziehe. Unſere Vor-
67	25	brief	6	ja	fahren pflegten, was ſie der Vergeſſenheit überliefern wollten,
67	26	brief	6	ja	mit Reiſig zuzudecken und ſo empfangen Sie denn hiermit,
67	27	brief	6		ohne mir bös werden zu wollen, dies kleine Körbchen.
67	28	leer	0		
67	29	brief	6	ja	Ihre freidenkende Couſine
67	30	brief	6		H. v. Heme.
67	31	leer	0		
67	32	absatz	4	ja	Dunderweder! dat was vor Otte Veihwann doch en Bettchen
67	33	weiter	0	ja	harre, ſau ut en helleſten Leiweshewen purdumps in en nüchtern Elenne
67	34	weiter	0	ja	un Alldagsleben dalepoltert te ſien, un nu mit ener groten, handfeſten
67	35	weiter	0	ja	Kiepe tauedecket te weren. Hei konne ſek erſt nich faten, un verpaſſe
67	36	weiter	0	ja	drumme Tiedt un Stunne, aber de Globe, dat Jeder na ſiner Apartig-
67	37	weiter	0	ja	keit dauen mößte, un en Blick up de Uhr mahne ehne, dat hei ſek ilen
67	38	weiter	0	ja	mößte, ſek in Regierungsgebüe bi en Oberregierungsrath, den Präſi-
67	39	weiter	0	ja	denten, under den hei ſine Studien in er Verwaltunge maken ſolle, te
67	40	weiter	0		mellen un vorteſtellen.
68	1	absatz	4	ja	Hei terknitterte un teratt den Breif un mate ſek hurtig up en
68	2	weiter	0	ja	Drapp; aberſt bi allen Lopen kamm hei doch ene halbe Stunne te ſpäde.
68	3	weiter	0	ja	As hei hier anemeld vorkam, un ſinen Namen nenne, da follt dat wie
68	4	weiter	0	ja	en Platzrehn na Blitz un Dönder ober ehne her, as ginge et up
68	5	weiter	0		Laddekenbläer.
68	6	leer	0		
68	7	absatz	4	ja	Mein Herr, harrſche ehne de Regierungsrath an, wir ſind hier
68	8	weiter	0	ja	an Pünktlichkeit gewöhnt. Die Zeit iſt das Kapital, mit welchem der
68	9	weiter	0	ja	Beamte für den Staat arbeitet. Da Sie ſich von vorn herein nich
68	10	weiter	0		an die Stunde binden, ſo ſind Sie hiermit entlaſſen.
68	11	leer	0		
68	12	absatz	4		De Regierungsrath dreie de Hand umme un wieſe na er Dör.
68	13	leer	0		
68	14	absatz	4	ja	No, dachte Otte, dat is e ne ſchöne Geſchichte, kein Unglück
68	15	weiter	0	ja	kummet allene, et is immer noch wat er bi; aber Jedweder hat ſin
68	16	weiter	0	ja	Apartigkeit. — Hei make en verſtännigen Diener, as ſtimme hei ganz
68	17	weiter	0	ja	mit en Herrn Geheimerath oberein, un ſchof ſek wedder ut er Dör, in
68	18	weiter	0	ja	dei hei eben inetreen was; man ſau vel was ehne klar, mit ſiner
68	19	weiter	0		Karriere was et ute.
68	20	leer	0		
68	21	absatz	4	ja	Et was as ginge de Welt mit ene umme, as hei nu wedder up
68	22	weiter	0	ja	en groten Trittſteine vor der Regierunge ſtund. Sau wat was ene
68	23	weiter	0	ja	noch nich vorekomen. Gift un Galle obermanne ehne bet tau en dulle-
68	24	weiter	0	ja	ſten Swimel. Hei konne ſek nich beſinnen un faten, un all ſin Ver-
68	25	weiter	0	ja	langen was en inzigen Japp up friſche, frie Luft, un ſau renne hei
68	26	weiter	0	ja	denn up den groten runnen Platz vor en Regierungsgebüe, dei dit mal
68	27	weiter	0		allheil vull Wullewaens ſtund.
68	28	leer	0		
68	29	absatz	4	ja	Dat gung ganz natürlich tau. Dei Stadt, in dei de Regierunge
68	30	weiter	0	ja	henelegt was, de lag in enen Lanne, wo Alles up Schaapuptreckig an-
68	31	weiter	0	ja	kamm. De Schererie was da in der Daesordnunge, ſau wol vor Min-
68	32	weiter	0	ja	ſchen, as vor Veih, un Schape maken da en grötteſten Hupen ut. Dit
68	33	weiter	0	ja	härre nu Otte Veihwann wol könnt wetten, wenn hei den groten Da-
68	34	weiter	0	ja	niel eleſen harre, aberſt Otte dachte upſtunds wol mehr an Daniel in
68	35	weiter	0	ja	er Löwengrube. Hei was ganz verblüfft un verbiſtert un ſtund mit
68	36	weiter	0	ja	einem male in ſinen witten Hanſchen, den hogen Auditerhaut up en
68	37	weiter	0	ja	Koppe wie en verlaten Kandidate, mank en Wullewaens, un wenn hei
68	38	weiter	0	ja	utwieken wolle, denn wärren all wedder andere Spanne da, de ene en
68	39	weiter	0	ja	Weg afſparren. Midden in er Wulle was hei in e ner ganz verfuchs-
68	40	weiter	0	ja	ten Sitewatſchon, denn da was kein Vonkomen. Hei leip balle hier hen
69	1	weiter	0	ja	nu balle dahen; aber immer was dat Lock taueſtoppet, wor hei dorch-
69	2	weiter	0	ja	ſlieken wolle, un de Fauerlüe maken all de Pietſchen los un reipen ek
69	3	weiter	0	ja	enander tau: Kicket! ſau en lanken Slapps mit ſiner witten Halsbinne
69	4	weiter	0	ja	un ſiner hogen Schoſteinröhre. Wat hat dei mank uſen Wullewaens
69	5	weiter	0	ja	rum te ſtöbern, as wolle hei Verſteken ſpelen? — Hier hat keiner wat
69	6	weiter	0		te ſeuken, un Kiekebuſch ward hier ok nich eubet!
69	7	leer	0		
69	8	absatz	4	ja	De Fauerlüe ſtellen ſek um Otte herum un harren ehne in der
69	9	weiter	0	ja	Midde. Under Schimpen un Schillen fängen ſe all an na ſinen Rock-
69	10	weiter	0	ja	ſchöten de ſnappen, as wollen ſe de Roggenahren ut en Weiten weg-
69	11	weiter	0	ja	pietſchen, un ſetten ſek in richtige Poſentur. Dat was nu vor Otte
69	12	weiter	0	ja	Veihwann en ganz ſlechten Spaß, denn dei Kerels wärren ofte une-
69	13	weiter	0	ja	ſchicket un dropen bitau, alle mal dahen, wo hei ut ſinen Kinderjahren
69	14	weiter	0		noch wol wußte, dat hei an diſſen Bleke an kiſſeligſten was.
69	15	leer	0		
69	16	absatz	4	ja	Latet dat blieben, ſeggte hei, up den Placke, wo Jeder en Recht
69	17	weiter	0	ja	hat ſek utterauhen, da mott en Nemmes ſtören, dat gifft unruhig Ge-
69	18	weiter	0	ja	bläute un maket en Minſchen nich nieren up en Danz, ek bin kein
69	19	weiter	0		Danzmeſter un verſtahe mek vorbat nich na er Pietſche te dreien.
69	20	leer	0		
69	21	absatz	4	ja	Dat kummet blot up en richtig Figgelinenſpeel an, meine ein von
69	22	weiter	0	ja	den Pietſchenmuſikanten mit blauer Näſe un blauen Kittel, un ſtrek ene
69	23	weiter	0	ja	Einen lang ober, as ſochte hei na er paſſigen Stimmig. Dunderſlag:
69	24	weiter	0	ja	dat was te vel Kolephonig, dat gung Otte Veihwann bet up de Pelle.
69	25	weiter	0	ja	Sin feſte Globe an't Naturrecht, dat Jedweder na ſiner Apartigkeit
69	26	weiter	0	ja	dauen könne, wo'r hei Luſt tau härre, word nu wedder upewecket un
69	27	weiter	0	ja	reip ene in ſiner Drihärigkeit wedder an de Arbeit. Hei fate fluchs na
69	28	weiter	0	ja	en Spannknüppel, de mit ener Plauglinig umeſchertet dat Planlaken
69	29	weiter	0	ja	von en groten Wullewaen ſpanne. Sien ganze Verblüfftſin was mit
69	30	weiter	0	ja	einen Male vorbie, un ut en unwilligen Dänzer word nu ok en Muſi-
69	31	weiter	0	ja	kante. Nu konn' en erſt ſeihn, wat dat deiht, wenn Eins ter paſſigen
69	32	weiter	0	ja	Tiedt von ſinen Naturrechte Bruk maket. Dat drop vorweg de blaue
69	33	weiter	0	ja	Näſe von den blaukittelgen Pietſchenſpeelmann, un denn gaff dat ene
69	34	weiter	0	ja	rohe Zuppe tau'n Oberlopen, un up den ſtieben nien Kittels, da hören
69	35	weiter	0	ja	ganz indringlich den Tact deſchen, dene dat Spannholt ſpele, as ginge
69	36	weiter	0	ja	en Benebötel ober natte Lennewand. Tau'r Quadrille wärren de
69	37	weiter	0	ja	Fauerlüe anetreen, un mit Walzer un Hoppſer, un up et Leſt mit en
69	38	weiter	0	ja	Kehrut, enne de Danz. Doch wie dat nu ſau in er Welt taugeit, neine
70	1	weiter	0	ja	Actſchon ſchiet, dat da Niſt na keime. Wo luſtig eſpeellt un e danzet
70	2	weiter	0	ja	ward, da geit dat lue her, un alle Mal, wenn de Brae getten is, denn
70	3	weiter	0	ja	kummet de Polizei, un e ne ſladdrige Inſtippig der hindere dorch. Otte
70	4	weiter	0	ja	Veihwann was grade der bi, de leſten Bogenſtriche mit ſinen uterette-
70	5	weiter	0	ja	nen Spannholte te maken, da kamm von der einen Halbe de Schan-
70	6	weiter	0	ja	darre un von er andern en olt Oeconom mit en ſpaniſchen Rohre. De
70	7	weiter	0	ja	Schandarre fate den Fauermann, dene dat rohe Blaut ut er Näſe ober
70	8	weiter	0	ja	en blauen Kitel ſtrulle, weil des, dat ſek dei an wennigſten wehren
70	9	weiter	0	ja	konne, un de ole Ammann gung forſche up Otte los, weil des, dat hei
70	10	weiter	0	ja	ſinen Anſeihn na ſine Lüe under herrſchaftlichen Schutz nehmen te mötten
70	11	weiter	0	ja	globe. Aberſt wie entſette un verföre ſek de ole Pachter, as hei Otte
70	12	weiter	0	ja	nächer in et Geſichte kreig! Dat was ja kein Strolch oder Stromer,
70	13	weiter	0	ja	dat was ja ſin Prinzipal von er olen Worth. De lanken Rockſchöte,
70	14	weiter	0	ja	de ſek bi den haſtigen Utfallen tau en tappern Angriepen ſau flink ut
70	15	weiter	0	ja	en ander edahn harren, ſladdern ſlapp an en hogen, ſtieben Stebbeln-
70	16	weiter	0	ja	ſchäften dal, un dat ſpaniſche Rohr mit en beinernen Knoppe, dat eben
70	17	weiter	0	ja	noch ſau hurtig in de Höchte flohn was, ſenke ſek nu ſachtchen deiper,
70	18	weiter	0		as en Fittchen von ener lahmen Pilegaus.
70	19	leer	0		
70	20	absatz	4	ja	Gottsblitz! reip de ole Pachter. Herre, wie komet jü manſt mank
70	21	weiter	0	ja	mine Wullewaens, un wat hätt jü mit minen Knechten un Enkens vor?
70	22	weiter	0	ja	— Jü ſollen en olen Mann binae in Ungelegenheit bringen, ſinen lei-
70	23	weiter	0		wen Herrn Schanne antedauen. —
70	24	leer	0		
70	25	absatz	4	ja	Dat kümmet Alles dervon, twöre Otte an, dat kein Minſche dat
70	26	weiter	0	ja	Naturrecht un ſine Apartigkeit richtig inenohmen hat, un dat mott bi
70	27	weiter	0		Korten anders weren.
70	28	leer	0		
70	29	absatz	4	ja	Wat? ſäe de Schandarre, Naturrecht inenohmen un anders weren?
70	30	weiter	0	ja	Hier hat Keiner te rechten un te raiſoniren, hier gille ek, de Schandarre,
70	31	weiter	0	ja	un da midde fate hei Otte ebenſau feſte un frindlich, wie ſinen Schütz-
70	32	weiter	0	ja	ling, den blauen Kitteldräer, under de Arme. Aberſt de ole Pachter
70	33	weiter	0	ja	ſmatt ſek in't Middel. Hei nenne de Namen von Otte Veihwann un
70	34	weiter	0	ja	ſinen bläuigen Knechte, un ſchreif de den Schandarren mit en harren
70	35	weiter	0	ja	Daler in de upedaene, breie reine Hand, ek weit nich, ob tau en Ver-
70	36	weiter	0		getten oder tau en Biholen.
70	37	leer	0		
70	38	absatz	4	ja	Sau word et denn nu ſtille up en Wullmarchte, un ek globe de
70	39	weiter	0	ja	langwielige Tunke, de ſüß na er Brae rum geit, bleif ditmal ok ute;
71	1	weiter	0	ja	denn ek hebbe nich vernomen, dat dat lüttche nich anemelldte Danzpla-
71	2	weiter	0	ja	ſier up en Wullplatze vor en Regierungsgebüe ter Anzeige komen wärre.
71	3	weiter	0	ja	De ole Pachter was en Mann von Anſeihn. Sin Ammanswort gult
71	4	weiter	0	ja	bi en Schandarren un bi ſinen Lüen; bi ſinen Lüen, davor ſorge dat
71	5	weiter	0	ja	ſpaneſche Rohr un bi en Schandarren, davor make hei Woſt un rökere
71	6	weiter	0		Speck un Schinken.
71	7	leer	0		
71	8	absatz	4	ja	Hei namm Otte midde na Nettlingen un leit ene ſine Stube up
71	9	weiter	0	ja	er olen Worth wedder inrichten un darna innehmen, denn dat was ja
71	10	weiter	0	ja	ene paſſige Stidde, uneſtört de Studien ober oles Recht un nie Apar-
71	11	weiter	0	ja	tigkeit wedder antefängen un te Enne te bringen, te malen de Karoſſe
71	12	weiter	0	ja	mit der Brut un de Karriere in er Verwaltunge an ein un den ſilftigen
71	13	weiter	0		Unglücksdae afelopen was.
73	1	titel	0		Otte Veihwann.
73	2	leer	0		
73	3	untertitel	0		Deil II.
75	1	kapitel	0		Grübelien.
75	2	leer	0		
75	3	absatz	4	ja	Otte Veihwann ſatt nu wedder up er olen Worth, un richte ſek
75	4	weiter	0	ja	as Junggeſelle na Gefallen in. Grote Sorgen harre hei nich; de Er-
75	5	weiter	0	ja	drag von ſinen Länderien recke vullup ut, ſinen lüttchen Bedarf te
75	6	weiter	0	ja	decken. Hei härre wol tefreen konnt ſien, aberſt ein Minſche, de Niſt te dauen
75	7	weiter	0	ja	hat, ſocht dat Emerken in er Aſche un find allebot ne rohe Glaut, de
75	8	weiter	0		he up et Leſt nich na Wunſche dieken kann.
75	9	leer	0		
75	10	absatz	4	ja	De Werthſchop harre ſek binnen ſiner Utflucht in velen Stückſchen
75	11	weiter	0	ja	eändert. Dat Groteveih un de Pere, de hei as Junge midde harre up-
75	12	weiter	0	ja	trecken hulpen, de wärren vor et Mehrſte bi en olen Meier up en
75	13	weiter	0	ja	Nettelhowwe un dat Quek, dat ſine leiwe Gere hott harre, was nich
75	14	weiter	0		mehr von reiner Tucht un harre ſek vermengelirt.
75	15	leer	0		
75	16	absatz	4	ja	De Gebüe wärren, wie dat bi en Pachthowwe te ſcheien pläet
75	17	weiter	0	ja	nich mehr ſau ſtaatſch un renntlich eholen un de ole Thoren, in dene
75	18	weiter	0	ja	hei ofte mit ſiner Gere eſpelt harre un up dene, na er Vertellig older
75	19	weiter	0	ja	Lüe tereinz dat Riekesbanner weihen ſolle, ſtund verlaten. Hei was
75	20	weiter	0	ja	mit Washolle utebanſet, dat en nich mal rupſtieen un de Ullen ver-
75	21	weiter	0	ja	drieben konne, de da ſnarchen, as leie Alles in deipeſten Slape. De
75	22	weiter	0	ja	kinniſchen groten Gedanken, de Otte faken mit ſiner Gere beſproken
75	23	weiter	0	ja	harre, dat de ole Worth mal ne ſtaatſche Ridderborg weren mößte,
75	24	weiter	0	ja	wenn hei erſt e mal grot wärre un de Regentſchop obernehmen dee,
75	25	weiter	0	ja	de wärren nu ok nich in't Leben etreen un et was ok neine Utſicht der
75	26	weiter	0	ja	tau. Kort, ſeer Otte ſine Melkſweſter Gere verloren harre un ſek up
76	1	weiter	0	ja	et Grübeln legte was Alles anders eworren. De erſte Deil ſiner
76	2	weiter	0	ja	Lebenstied, nademe dat hei up Schaulen un Univerſitaiten egahn was,
76	3	weiter	0	ja	harre ene nich luſtiger un beter emaket; hei harre ſine Näſe in dat Recht
76	4	weiter	0	ja	eſtofen, un ſine Näſe harre dat alle mal wies ekreen, dat Macht vor
76	5	weiter	0	ja	Recht gung. Dat harre hei mehr oder wenniger ok in er Natur ane-
76	6	weiter	0	ja	dropen; denn de Starke vertherte immer den Minnern, aberſt bi den
76	7	weiter	0	ja	Deierten da konnen dat hen gahn laten, de wärren ein Mal da upe
76	8	weiter	0	ja	anewieſet un deen dat na einer von en Olen anearbeten Klaukheit; ja
76	9	weiter	0	ja	ſe wärren in velen Stückſchen noch beter as de Minſchen un achten
76	10	weiter	0	ja	doch ehre Art un Fomilig un deen en ander Niſt te lee, et härre denn
76	11	weiter	0	ja	moßt ſien, dat ſe dorch Kranke un Malakſche in ehrer Wanderunge na
76	12	weiter	0	ja	er Aeſig upeholen wärren oder in er Angeſt vor en Jäger en Kreppel
76	13	weiter	0	ja	härren afſtöten moßt. Bi en Minſchen gung dat noch harrer her. De,
76	14	weiter	0	ja	de en Bettchen vor ſek ebrocht harren, de meinen ſek wat un drücken
76	15	weiter	0	ja	drumme up ehres Glieken; denn ſe wollen ſe wieſen, dat ſe nu ſtärker
76	16	weiter	0	ja	wärren un högger ſtünnen, un de Minnergroten de benieden de Uepper-
76	17	weiter	0	ja	ſten un maken et den groten Ferreſten na da dorch, dat ſe wedder up
76	18	weiter	0	ja	dei drücken de under ſe ſtunnen; un de Middelſtand word ſau von
76	19	weiter	0	ja	unnen un von boben edrangſalt, denn de Lüttchen konnen en Hals nich
76	20	weiter	0	ja	vull krieen un de boben wärren, de konnen immer noch nich enaug Stüern
76	21	weiter	0	ja	verlangen. Dabi ſtund dat — wie konne dat ok anders gahn — mit
76	22	weiter	0	ja	er guen Sitte ok ſau hen. Alle wollen ehrer Luſt na leben, Nemmes
76	23	weiter	0	ja	wolle wat dauen, un Einer wolle en Andern vertheeren; kort, man
76	24	weiter	0	ja	konne de Minſchen paſſig indeilen, in Veihminſchen un Minſchenveih.
76	25	weiter	0	ja	Wor dat her kam? — De von Kerkenä ſchreben dat er Sünne tau,
76	26	weiter	0	ja	de unſch von uſen Vorfahren her anearbet un oberkomen ſien ſolle un
76	27	weiter	0	ja	up Erkenntniſſe berauhe. Erkenntniſſe mochte dat nu allwoll ſien, wor-
76	28	weiter	0	ja	dorch en Recht von Unrechte utewieſen wußte, aberſt dadorch, dat en
76	29	weiter	0	ja	wat erkenne, da von was en doch noch nich ſchlecht un ſündhaft, as de
76	30	weiter	0	ja	Papen meinen. Et moßte abſolut noch ganz wat anderes tau en
76	31	weiter	0	ja	Grunne liggen, wordorch dat Unrecht un de Fiendſchaft in de Welt
76	32	weiter	0	ja	ekomen wärren, un da ober ſpinteſire nu Otte na, hei harre ja de Tied
76	33	weiter	0		der tau un was en Studirten.
76	34	leer	0		
76	35	absatz	4	ja	Under ſaunen Grübelien kamm hei eines Daes taufällig mal
76	36	weiter	0	ja	wedder an den olen Mach-handel-bome vor ſiner Worth vorober, un
76	37	weiter	0	ja	ſette ſek up den groten Steine dal, wor hei vor üttlichen Jahren ſiner
76	38	weiter	0		Gere den Gurt harre nehmen wollt.
77	1	absatz	4	ja	De ganze Weihdae ober ſine Dath von te demale kamm wedder
77	2	weiter	0	ja	ober ene. Da hulp kein Keddern un kein Fedderleſen, hei feule, dat hei,
77	3	weiter	0	ja	wie wol hei de Stärkere weſt was, ſiner Gere doch Unrecht edahn
77	4	weiter	0	ja	harre, un ſprok tau ſek ſilben, „En Fruenzen hat ſau gut en Recht der
77	5	weiter	0	ja	tau en Fruenzen te ſien as en Manze en Mannsminſche. De Ehre
77	6	weiter	0	ja	von en Fruenzen liet in Gurte, un de Ehre von en Manzen liet in er
77	7	weiter	0	ja	Boſt. Darumme will ek ok up Hilden nich ſchillen, dat ſe en Regierungsrath
77	8	weiter	0	ja	en Referendar vortrecke, wie wol mek dat helliſchen leed edahn hat; denn ek
77	9	weiter	0	ja	harre ſe leiw. Ek will ok up en Präſidenten neinen Groll ſmieten, dat
77	10	weiter	0	ja	hei mek mine Karriere verleet hat; denn hei was en ſtrammen Beamten:
77	11	weiter	0	ja	ok up minen Pachter ſine Knechte bin ek nich böſe; denn wat leip ek
77	12	weiter	0	ja	mank en Wullewaens rum, wo ſei doch allene wat te ſeuken harren.
77	13	weiter	0	ja	Dat Graumänneken hat Recht, wenn et ſeggt „Watt Du nich wutt,
77	14	weiter	0	ja	dat Dek de Lüe dauen ſüllt, dat daue Du en Lüen ok nich“, manſt
77	15	weiter	0	ja	ſau ganz is mek dat ok noch nich nehme. Et is wahr, tien de Minſchen
77	16	weiter	0	ja	kummet en dar midde ut, aberſt nich mit ſek ſilben; denn wie ſteiht dat
77	17	weiter	0	ja	denn mit der Frieheit, wenn Eins immer up Andere achten ſall? —
77	18	weiter	0	ja	Ek lobe mek de Apartigkeit. Et mott heten „Ehre de Meinheit, aber
77	19	weiter	0	ja	wahre dine Apartigkeit vor dek ſilben, dit, wahre dine Apartigkeit, lag
77	20	weiter	0	ja	nu Otte immer in en Ohren un damidde gung hei up ſiner Stube up
77	21	weiter	0	ja	un dal un oberkeik alles, wat e ne von Vaer un Mudders oberkomen
77	22	weiter	0	ja	was, un wat e ne de Päthen as Vadderngabe eſchenket harren. Hei
77	23	weiter	0	ja	ſtok oftemalen ſine Lampe an un keik in en Speil, un de Speil ſeggte
77	24	weiter	0	ja	ehne wie et de Minſchen vor deme un wie ſe et itzund noch maken.
77	25	weiter	0	ja	Hei biſach ſine Pipe, de hei as Junge an Dieke kloppet harre, un wenn
77	26	weiter	0	ja	hei da upe pfleitche, denn danze Alles na ſinen Sinne, un wenn hei
77	27	weiter	0	ja	Geres Rauhe ſwenke, denn verleip ſek dat Water un alles, wat er inne
77	28	weiter	0	ja	un uppe was. Ok dat Laken decke ſek, wenn hei et utenanderbreie un
77	29	weiter	0	ja	„Diſchken decke dek“ ſprok. Hei oberſlaug ſek, wat hei alle dermidde
77	30	weiter	0	ja	utrichten künne, un as hei nu up et Leſt de Feddern ut Geres Swanen-
77	31	weiter	0	ja	himme in de Hand namm, da word hei hoch, un et oberkamm ene wie
77	32	weiter	0	ja	en groten Propheten „Min Vaderland mott grötter ſien“, ſprok hei, un
77	33	weiter	0		alles mot ſek einen, wat Döt un Dütſch is.
77	34	leer	0		
77	35	absatz	4		Sau grübele hei hen un her; aberſt wie anfängen? —
77	36	leer	0		
77	37	absatz	4	ja	Hei härre geren dat Graumänneken efraet, manſt dat was wiet,
77	38	weiter	0	ja	wiet weg. Da up ein mal was hei in ſinen Drome wedder mank en
77	39	weiter	0	ja	Wolddeierten, un de Vöſſe mahnen ehne „Mak dek en Swanz“; de
78	1	weiter	0	ja	Miäntchen reipen ehne tau „Hole dek Sklaven“; de Spinne webe ehre Netze un
78	2	weiter	0		anectire, wat ſe faten konne, un de Immen umſwaren ene un dreuen Honnig in.
78	3	leer	0		
78	4	absatz	4	ja	Vorwahr ſeggte Otte, Alles drifft mek ter Dath, ek hebbe dat
78	5	weiter	0	ja	Tüg der tau un bin nich ummeſüß ſpören egahn; aber et geit mek wie
78	6	weiter	0	ja	en lüttchen Jungens, de en Breif ſchrieben willt un künnt de Anfängig
78	7	weiter	0		nich finnen.
78	8	leer	0		
78	9	absatz	4	ja	Verdreiteren legte hei Alles bihalbe un gung na ſinen olen Pachter
78	10	weiter	0		up en Nettelhowwe.
78	11	leer	0		
78	12	kapitel	0		Ammannsrath.
78	13	leer	0		
78	14	absatz	4	ja	As Otte na ſinen Pachter up en Nettelhowwe kam, da harre dei
78	15	weiter	0	ja	grade ne Deſchemaſchine upeſtellt, wat to dem male noch wat Niees
78	16	weiter	0	ja	was. Hei harre vel hen un her te lopen, ehr hei Alles in Gang brochte,
78	17	weiter	0	ja	un de Lüe wärren nietſchieren un keiken mehr up dat Swungrad un
78	18	weiter	0	ja	den lanken Driefreimen, as up de Arbeit. En Knecht, dei dat Koren
78	19	weiter	0	ja	afffeuere, harre nich up de Pere achtet un dat härre ſlimm weren konnt,
78	20	weiter	0	ja	härre nich Otte, de juſtemente up en Howw kamm, dat Sadelperd an
78	21	weiter	0	ja	en Kopptöggel upefänget. De ole Pachter oberſach dat mit einen Blicke.
78	22	weiter	0	ja	Hei kümmere ſek nich umme de Pere, dei harre ja Otte an Töggel, un
78	23	weiter	0	ja	nich umme de krieſchigen Mäkens, de wärren ja nu eſichert, nee hei
78	24	weiter	0	ja	gung up ſinen Knecht tau, de mit ſinen Puſtbacken-Geſichte verblüfft
78	25	weiter	0	ja	den Peren nakeik un ſtok ne Eine, dat he um un um kieſele; denne
78	26	weiter	0	ja	gung hei de Pere uthängen un maſchire mit Otte in't Hus, as wenn
78	27	weiter	0		gar niſt paſſirt wärre.
78	28	leer	0		
78	29	absatz	4	ja	Donnerſlag, ſäe Otte, dat was indrücklich un praktiſch. Sau en
78	30	weiter	0	ja	olt Mann un ſau ne Fiege. Wenn jüg dat man immer ſau gut hen-
78	31	weiter	0		geiht un jü nich mal en Körteren trecket.
78	32	leer	0		
78	33	absatz	4	ja	Dat hat niſt ob ſek, meine de ole Pachter, de Art kennt blot Arm-
78	34	weiter	0	ja	forſche, un dei mott ſe hinder dat Ohr eſchreben werren, wenn de niſt
78	35	weiter	0	ja	vergetten ſöllt. Wenn jü emal in de Lage komen ſollen, en Swar-
78	36	weiter	0	ja	hörigen wat bitebringen, ſau nehmet dat in, dat Dralligkeit ober Alles
78	37	weiter	0	ja	geit, manſt wo de Actſchon nich up erſtunds eboen is, un wor de Wind
78	38	weiter	0	ja	balle hier un balle dahen weiht, da mot en lawiren, wenn en up en
78	39	weiter	0		richtig Blek drepen will.
78	40	leer	0		
78	41	absatz	4	ja	Et is dankenswerth, ſeggte Otte Veihwann, dat jü mek ſaune
78	42	weiter	0	ja	paſſige Lehre gebet, un ek bin drumme herekomen juen Rath te hören;
78	43	weiter	0	ja	aberſt mit der bloten Lehre is dat niſt, leiwe Ammann, dat mott prac-
79	1	weiter	0	ja	tiſch inerichtet weren, ek kann dat Rummerkummern nich mehr afholen,
79	2	weiter	0	ja	ek mot wat umme de Hand te nehmen hebben. Mit miner Karriere is
79	3	weiter	0		dat ute wie jü wett, un nu gebet mek en Weg an, wat ek maken ſall.
79	4	leer	0		
79	5	absatz	4	ja	Dat is ſwar rahen, meine de ole Pachter; wat an mek liet, dat
79	6	weiter	0	ja	will ek wol dauen; aberſt dat is Alles ſau hen. Up en Referendar,
79	7	weiter	0	ja	wenn hei nich in er Verwaltunge bi er Regierunge is, da is nich vel
79	8	weiter	0	ja	up te geben, et mößte denn ſien, dat einer ſien Mäken under de Haube
79	9	weiter	0	ja	bringen wolle. Wiet rummerher bi en Groten Viſiten maken, dat gift
79	10	weiter	0	ja	blot ſcheele Blicke ober de Schulder un verſwetete witte Hanſchen, de
79	11	weiter	0	ja	en denn nacher nich e mal updröen kann. Un doch mott einer mank de Min-
79	12	weiter	0	ja	ſchen, wenn hei ſek updanen un e ne Stidde finnen will. Teuwet mal, da fallt
79	13	weiter	0	ja	mek wat in. De ole Diekhauptmann is vor Korten mit Doe afegahn
79	14	weiter	0	ja	un de Buern un Junkers komet bi en nächeſten Rennen te hope un
79	15	weiter	0	ja	denne ward dat verhackſtücket, wor wol en paſſig Kerel wärre, de ſek
79	16	weiter	0	ja	tau ſau en Poſten verſtahn dee. No von en Diekhauptmann da künnt
79	17	weiter	0	ja	jü denn en Landrath int Oe faten, un da de ole Worth Riddergutsbe-
79	18	weiter	0	ja	rechtigunge hat, ſau mott dat darna ſlu inefämelt weren. Wie gaht na en
79	19	weiter	0		Rennen. Jü künnt doch rieen un wenn et noth deit ene Rede dauen?
79	20	leer	0		
79	21	absatz	4	ja	Dat Erſte, meine Veihwann, dat könn er wol hen gahn, up dat
79	22	weiter	0		Tweite aberſt, dat Rede dauen, da bin ek gar nich uppe inneeubet.
79	23	leer	0		
79	24	absatz	4	ja	No dat bruket vor de Buern un Junkers ſau gladde nich afte-
79	25	weiter	0	ja	lopen, wenn dat ok e mal holpert un en bettchen ober de Bortſteine
79	26	weiter	0	ja	loppet, manſt ſtille darf et nich weren un klar un verſtännig mott et
79	27	weiter	0	ja	ok ſien. Ek feuere mit jüg na en Rennen un ſtelle jüg en Vorſtanne
79	28	weiter	0	ja	vor. Wenn denn dernacher de ole Herr e von Nothhuſen ſine Per-
79	29	weiter	0	ja	preddig afholt un ene Teſammeſtellig maket von allen Peren, de wie in
79	30	weiter	0	ja	bütſchen Lanne holt un de wie na ehren Kräften, wie bi er Arbeits-
79	31	weiter	0	ja	deilig uptrecken ſüllt, denne könne jü umme et Wort bidden un uſe Pere,
79	32	weiter	0	ja	de ek von jüg obernohmen hebbe, leuwen. Up dei Art komet mine Pere
79	33	weiter	0		in Beraum un jü ſilben in de Kundſchop un willt Gott in de Karriere.
79	34	leer	0		
79	35	kapitel	0		Sport-Horſe-Klub.
79	36	leer	0		
79	37	absatz	4	ja	Otte Veihwann was, wenn Einer ſinen Inſeihn na en guen Rath
79	38	weiter	0	ja	gaff, kein Haarklöber, velwenziger en Spelverdarber. Ittliche Wochen
79	39	weiter	0	ja	der na ſach en denn ok den olen Pachter mit Otte von er Worth mit
79	40	weiter	0	ja	ſammt en groten Koppelſe Pere ut 'er Veihwannſchen Tucht, tau er
79	41	weiter	0		Utſtellig un tau en Rennen rieen.
80	1	absatz	4	ja	De ole Pachter melle Otte bi en Vorſtanne an as ſinen junken
80	2	weiter	0	ja	Herren, de ſek up er Univerſitait hervoredaen härre un nu en grot
80	3	weiter	0	ja	Verlangen ſpöre den Sport-Horſe-Klubbe midde antehören. Hei prieſe
80	4	weiter	0	ja	ehne an von wegen ſiner Klaukheit un umme ſiner Verdeinſte halben
80	5	weiter	0	ja	von wegen der Pertucht, un ſau word Otte, na er Bithalunge ſiner
80	6	weiter	0		Karte, en anſtännig Mitglied von den wietberäumten Sport-Horſe-Klub.
80	7	leer	0		
80	8	absatz	4	ja	De Grafe von Albienne, de de Präſiedente von Horſe-Klub was un
80	9	weiter	0	ja	under dene de Verein in hogen Anſeihn ſtund eröffene de Sitzunge, un
80	10	weiter	0	ja	nademe dat de Geſchäftsbericht von en Schrieber voreleſen un ohne alle
80	11	weiter	0	ja	Inrede enehmiget was, kreig de Herre von Nothhuſen dat Wort un dee
80	12	weiter	0		ſine Perpreddigt, de hei all oftemalen upewarmet harre.
80	13	leer	0		
80	14	absatz	4	ja	Hei ſprok von en Nutzen der Pere un ehrer Stellig tau en Min-
80	15	weiter	0	ja	ſchen. Dat Perd, meine hei, ſtünne von allen Deierten den Minſchen
80	16	weiter	0	ja	an nächeſten; darumme härren ok uſe Vorfahren dat Perd ſau hoch
80	17	weiter	0	ja	eachtet, dat ſe et mit in ehren Himmel upenohmen härren von wegen
80	18	weiter	0	ja	ſiner Anhängligkeit an ſinen Herren. Diſſe Frindſchop mank Minſchen
80	19	weiter	0	ja	un Perd mößte erholen weren. En anſtännig Minſche könne nich gut
80	20	weiter	0	ja	ohne en Perd fertig weren, ja et höre tau en ordentlichen Kerel ok en
80	21	weiter	0	ja	ordentlich Perd. Darumme mößte alle Flied up de Uptreckig der Pere
80	22	weiter	0	ja	anewend weren, un vor Allen härren dabi up eddele Razen te ſeihn,
80	23	weiter	0	ja	vornut, da de Tucht von eddeln Peren den Lanne vele Millionen in-
80	24	weiter	0	ja	bringen dee. Hierbi namm hei nu de Snute helleſchen vull Thalen,
80	25	weiter	0	ja	weilen hei meine, dat de an beſten bewieſen un en Minſchen oberzeugen
80	26	weiter	0	ja	deen, te malen ſe uperſtunds Keiner glieks marken könne. Un dat hulp,
80	27	weiter	0	ja	denn Alles word von den Millionenthalen biſopen un wolle nu lauter
80	28	weiter	0	ja	eddele Pere trecken. De Herre von Nothhuſen beſtärke de Geſellſchop
80	29	weiter	0	ja	in dieſen Vornehmen un ſlaug vor, dat na er Anfoderunge der Tied
80	30	weiter	0	ja	de Uptreckig under hoger Beachtunge der eddeln Razen un ehren Nutzen
80	31	weiter	0	ja	ganz na er Arbeitsdeilig inerichtet weren mößte. Man mößte darumme
80	32	weiter	0	ja	ene genaue Indeilig maken in Laſt- un Luſt-Pere, in Trecker un Renner.
80	33	weiter	0	ja	Tau en erſten hören de Percherrons, de Brabanter un Dänen, un tau
80	34	weiter	0	ja	en tweiten, den Luſtperen, da reken ſe de Ponnies un Schotten, doch
80	35	weiter	0	ja	dei wärren ok man vor de Jungens, de richtigen Razen, de finne man
80	36	weiter	0		bi en Arabern un Preußen un vor allen in en engliſchen Vullblaue.
80	37	leer	0		
80	38	absatz	4	ja	As de Vordrag te Enne was, da fodere de Präſidente de Sell-
80	39	weiter	0	ja	ſchop up, den Herrn von Nothhuſen den Dank det Vereines utteſpreken.
80	40	weiter	0	ja	De Sellſchop namm diſſen Vorſlag mit Koppnicken un enteln Hochs up
81	1	weiter	0	ja	Herrn von Nothhuſen an, un nu kam de Upfoderunge, ob Ein oder
81	2	weiter	0	ja	de Andere tau den Nothhuſenſchen Vorſläen noch wat Apartes te ſeggen
81	3	weiter	0		härre. —
81	4	leer	0		
81	5	absatz	4	ja	Alles word ſtille, un de Präſidente wolle all tau er tweiten Vor-
81	6	weiter	0	ja	lage der Daesordnunge obergahn, da melle ſek Otte Veihwann tau en
81	7	weiter	0		Wore.
81	8	leer	0		
81	9	absatz	4	ja	Dat was nu ſüß min Lebedae nich vorekomen, un Alles keik up
81	10	weiter	0	ja	den junken Minſchen, de ſek de Drieſtigkeit ruter enohmen harre, ok en
81	11	weiter	0		Wort midde te ſpreken.
81	12	leer	0		
81	13	absatz	4	ja	Otte Veihwann ſach dat in, dat hier wat Utergewöhnliches ſcheihen
81	14	weiter	0	ja	was, un dat make ehne vore't Erſte en bettchen conſternirt; aberſt dat
81	15	weiter	0	ja	Wort was ene ein mal egeben un et kamm nu Alles der up an, dat
81	16	weiter	0		et nich ſtille word.
81	17	leer	0		
81	18	absatz	4	ja	Hei räuſpere ſek un ſäe: Mit wahrer Luſt hebbe ek mit er geehrten
81	19	weiter	0	ja	Sellſchop inneſtimmet in en Dank, dene de hoge Verein dem verehrten
81	20	weiter	0	ja	Vorredner darebrocht hat, un dat konne ek ok mit guen Gewiſſen; denn
81	21	weiter	0	ja	Alles wat ober dat Verhältniſſe det Peres tau en Minſchen un ober
81	22	weiter	0	ja	den Nutzen der Pertucht eſeggt is un ſtatiſtiſch feſt eſtellt word, dat is
81	23	weiter	0	ja	mek ganz ut er Seele ſproken; aberſt de Meinunge, dat wie na en
81	24	weiter	0	ja	Stanne uſer Landwerthſchop de Tucht ſau interichten härren, dat na er
81	25	weiter	0	ja	Gebrukswieſe ganz beſondere Arten un Razen etrecket weren mößten,
81	26	weiter	0		ſchient mek en bettchen te doctrinäre.
81	27	leer	0		
81	28	absatz	4		Hört! te doctrinär, reipen entle Stimmen.
81	29	leer	0		
81	30	absatz	4	ja	De Tucht ward te buntche vor et Land, un an Enne hat de
81	31	weiter	0	ja	Grafſchaft luter Pere, de bi uterordentlicher Kraftanſtrengung nich mehr
81	32	weiter	0	ja	utrecket. Kummet mal en Krieg, wo vor unſch uſe Herre Gott bewahren
81	33	weiter	0	ja	mag, wo willet wie da Kanonenpere herkrieen? — De ſwaren Pere,
81	34	weiter	0	ja	de wie vor en Reubenwaens wegnehmet, de könnet nich lopen, un de
81	35	weiter	0	ja	arabiſchen un engliſchen Renners künnt, ek will de Ponnies un Schotten,
81	36	weiter	0	ja	de tau en Spelwark ſind, nich emal nämeſen, kort un gut, de Renners
81	37	weiter	0	ja	künnt nich trecken, un wenn ſe mal tau en Rennen ebruket weren ſüllt,
81	38	weiter	0	ja	denne hätt ſe ſau vel Pläe nödig, dat einen Angeſt un Bange ober-
81	39	weiter	0	ja	kummet. Mit ſaunen Pere, da kann en nich na en Wettrennen hen-
81	40	weiter	0	ja	rieen, de mott en vor der Actſchon mit groter Sorge up er Iſenbahn
81	41	weiter	0	ja	fahren un immer mit Vorlop un Spirichtus waſchen laten, dat ſe man
81	42	weiter	0	ja	ja nich vorher te ſcharpe aneſtrenget werd. Ek löwe mek Pere, de en
81	43	weiter	0	ja	nich erſt up er Bahn fahren te laten brukt, de tau jeder Gebrukswieſe
82	1	weiter	0	ja	paſſig ſind, de en an einen Dae tau en Spazierenrieen oder Feuren,
82	2	weiter	0	ja	tau en Laſt trecken un tau en Wettrennen bruken kann, un ek meine, da
82	3	weiter	0	ja	up mößte uſe ganze Oenmark bi er Tucht uperichtet ſien, dat wie
82	4	weiter	0		Pere trecken, de en nich te fahren laten bruket.
82	5	leer	0		
82	6	absatz	4	ja	Dat was unerhört, dat was tau dulle! Et harre ſek e ne andere
82	7	weiter	0	ja	Anſicht, as de von Herrn von Nothhuſen upedahn, un noch der tau
82	8	weiter	0	ja	von enen Minſchen, de noch jung, eben erſt von der Univerſitait ekomen
82	9	weiter	0	ja	was, un doch wol noch nich up grote Erfahrunge Anſpruch maken konne.
82	10	weiter	0	ja	Herr von Nothhuſen wenne ſek denn ok glieks an en Herrn Präſidenten
82	11	weiter	0	ja	un bat um et Wort tau er Gegenrede, indeme dat hei Otte e ne Frae
82	12	weiter	0		vorlegte.
82	13	leer	0		
82	14	absatz	4	ja	Herr Veihwann, ſäe hei, härre den Wunſch uteſproken, bi er Tucht
82	15	weiter	0	ja	da up te ſeihn, dat en Pere uptrecke, de tau jedweder Gebrukswieſe
82	16	weiter	0	ja	paſſig wärren; aberſt wo in aller Welt finnen ſaune Pere? — Wor
82	17	weiter	0	ja	is dat Land, oder wor de Gegend, wo ſaune Wunderdeierte waſſet? —
82	18	weiter	0		reip hei.
82	19	leer	0		
82	20	absatz	4	ja	Dat Land, twere Otte an, is uſe dütſche Vaderland, in deme noch
82	21	weiter	0	ja	dat ole dütſche Ridderperd lebet, dat uſe Vorfahren na Paris, Rom
82	22	weiter	0	ja	un Jeruſalem draug. De lüttche Stamm, de der von ober is, de lebet
82	23	weiter	0	ja	im Pinzgau un in reiner Tucht up en Stammhowwe von miner Fo-
82	24	weiter	0	ja	milig up er olen Worth un up en Nettelhowwe von Nettlingen.
82	25	weiter	0	ja	De Ur-ur-ur-ahne un Hengeſt heit Ramm un de Mähre Rabe. Se
82	26	weiter	0	ja	ſtammet ut Düringen, un ut ehrer Nakomenſchop hebbe ek ne lüttche
82	27	weiter	0	ja	Fomilig upetrecket, de in uſer Naberſchaft de Worthrappen hetet. Ek
82	28	weiter	0	ja	bin nich hierher ekomen, umme ſe anteprieſen, aber ek dachte mek, dat
82	29	weiter	0	ja	et dem verehrten Vereine nehme ſien könne, wenn ek mal wedder dat
82	30	weiter	0	ja	ole Ridderperd uſer Vorfahren labendig upwieſen un vorfeuern dee.
82	31	weiter	0	ja	De Pere ſtaht, weil ek eben erſt hereredden bin bi Enne der Utſtellig
82	32	weiter	0	ja	noch ohne Nummere, un ek beie mek an, na Beſtimmunge der Com-
82	33	weiter	0	ja	miſchon mit jedem ut der Koppelſe te rennen, te feuern un Schaule te
82	34	weiter	0	ja	rieen, weil des, dat ek globe, dat mit den olen dütſchen Ridderpere alle
82	35	weiter	0		Gebrukswieſen det Herrn von Nothhuſen uterichtet weren künnt.
82	36	leer	0		
82	37	absatz	4	ja	Diſſe Wöre von Otte Veihwann trecken en groten Alarm na ſek
82	38	weiter	0	ja	in er Verſammlunge, un in Korten was nein Minſche mehr in Saale,
82	39	weiter	0		Alle leipen de Pere anteſeihn un te munſtern.
82	40	leer	0		
82	41	absatz	4	ja	Otte gung drumme up en Herrn Präſidenten un up en Herrn
82	42	weiter	0	ja	von Nothhuſen tau un entſchüllige ſek, dat hei tien ſinen Willen bi er
83	1	weiter	0	ja	Niedſchierenheit der Tauhörer de Verſammlunge eſtört härre un bat
83	2	weiter	0		umme de Erlaubniſſe, midde an en Rennen Deil te nehmen.
83	3	leer	0		
83	4	absatz	4	ja	De Erlaubniſſe word egeben, wie wol mehre Officiers un Eddel-
83	5	weiter	0	ja	lüe en Bidenken der bi harren, dat en Minſche, de doch mehr en
83	6	weiter	0	ja	Buernſtanne anhöre, mit en Herrn Grafen un Barons wettrenen wolle,
83	7	weiter	0		aberſt de Präſidente ſmatt ſek in't Middel un ſäe:
83	8	leer	0		
83	9	absatz	4	ja	Wer ſine Karte bethalt hat, de hat ok alle Rechte der Sellſchop
83	10	weiter	0		erworben.
83	11	leer	0		
83	12	absatz	4	ja	De Pere von Otte ſiner Tucht worren nu emunſtert, manſt prä-
83	13	weiter	0	ja	miirt worren ſe nich, weil des, dat ſe en Bettchen von Ramsnäſe harren
83	14	weiter	0	ja	un ene hängige Kruppe. De Priesrichter meinen, en Perd mit grader
83	15	weiter	0	ja	Kruppe härre en eckiger Stell un vor et Mehrſte länkere Hinderbeine
83	16	weiter	0	ja	un wärre drumme mehr up en Sprung ebuet; under de Renners können
83	17	weiter	0	ja	ſe drumme nich komen, un under de Treckepere hören ſe ok nich, weil
83	18	weiter	0	ja	ſe te minne in en Knoken wärren, tau Schauleperen aberſt wärren ſe
83	19	weiter	0	ja	wedder te plumpe un nich lenkig enaug, ene Ramsnäſe härre wat an
83	20	weiter	0		ſek, un kort, ſe leiten ſek in keine Klaſſe inrangiren.
83	21	leer	0		
83	22	absatz	4	ja	Dat dee nu en olen Pachter von er Worth un en Nettelhowwe
83	23	weiter	0	ja	hellſchen leed, un ärgerlich dreif hei Otte an, dat hei ſek doch alle Meue
83	24	weiter	0	ja	geben möchte, dat hei in er Rennig den Pries winne. Otte, dei ſinen
83	25	weiter	0	ja	„Begard“ kenne, hei harre ene ja vor acht Jahren ſilben upetrecket,
83	26	weiter	0	ja	meine: Wenn Begard noch up min Wort hört as ſüß, denn hat dat
83	27	weiter	0	ja	wieer Niſt te bedüen, denn weit ek, dat hei vorkomen deit, aberſt
83	28	weiter	0	ja	köddern mott ek vorher erſt mit ene. Hei gung drumme an ſinen leiwen
83	29	weiter	0	ja	Begard heran un ſtrekele ene, un as hei ene en Stückſchen vorefleitchet
83	30	weiter	0	ja	harre, dat dei noch von der Tied her kenne, wor ſe beie up er Waie
83	31	weiter	0	ja	mit en ander ſpelen, da kamm niet Leben in dat Perd, dat bet dahen
83	32	weiter	0	ja	den Kopp dalehänget un vor langer Wiele Löckere in en Erdbodden
83	33	weiter	0	ja	ekleiet harre. De Ohren ſpitzen ſek, de Oen worren glu, un de Nüſtern
83	34	weiter	0	ja	deen ſek wiet ut en ander, as wolle dat Perd den ganzen Hewen in-
83	35	weiter	0	ja	trecken, un as ſek nu Otte upeſett harre, da ſach en kein forſcher Perd,
83	36	weiter	0		as Otte ſinen Begard.
83	37	leer	0		
83	38	absatz	4	ja	Otte heilt bi er Rennig ſinen Begard erſt en bettchen an, ſau
83	39	weiter	0	ja	dat de annern Wettpere en lüttchen Vorſprung kreen. Dadorch word
83	40	weiter	0	ja	Begard immer iwriger, un as ene nu Luft elaten word, da härre Einer
83	41	weiter	0	ja	ditt Spelwark ſeihn ſollt, da gung dat na allen Wieſen, wie de na en-
84	1	weiter	0	ja	ander feſteſett wärren, ober Grabens un Heggen un Wälle, un Otte
84	2	weiter	0		kamm ehr an't Teel as alle de Andern.
84	3	leer	0		
84	4	absatz	4	ja	Otte harre wunnen, un de Buern harren groten Spaß der anne,
84	5	weiter	0	ja	dat ein von ehres Glieken den Pries krieen ſolle. Dat verdrot nu de
84	6	weiter	0	ja	Eddellüe, un ſe leien den Grafen von All bi Enne in en Ohren, dat
84	7	weiter	0	ja	dat Rennen nich ganz na er Ordnunge egahn härre, allene de Grafe
84	8	weiter	0	ja	was en rechtlichen, richtigen Eddelmann un meine: Watt Recht is, mott
84	9	weiter	0		Recht blieben, un ſine Dochter kreig en Wink, Otte den Kranz te geben.
84	10	leer	0		
84	11	absatz	4	ja	Der junken Gräfinne was dat nu ok nich midde, dat ſe en Buer
84	12	weiter	0	ja	en Kranz ſchenken ſolle; aberſt ſe moßte ehren Vaer te Willen ſien.
84	13	weiter	0	ja	Se gung drumme ſtolte un ſtrebe up dat Gerüſte un dee, as ſeihe ſe
84	14	weiter	0	ja	Otte gar nich, de up ſinen Begard der vorheilt. As ſe nu aber doch
84	15	weiter	0	ja	den Kranz henrecke un de gentile Wieſe ſach, mit der Otte ſien Perd
84	16	weiter	0	ja	knieen leit, un wie hei ſek verneige as en Eddelmann von Amören un
84	17	weiter	0	ja	guer Hältniſſe, da recke ſe den Kranz mit frindlichen Geſichte un mit
84	18	weiter	0		den ſeuten Wören:
84	19	leer	0		
84	20	absatz	4		„Dem Sieger des Tages, dem Ritter der Zukunft.“
84	21	leer	0		
84	22	absatz	4	ja	Dat was nu dat Teiken tau en groten Rumor un Juchheißen von
84	23	weiter	0	ja	allen, de te hope komen wärren, as brennen de Welten von en groten
84	24	weiter	0	ja	See bober en Sand der Rietbahn an et Euber; man allene Otte was
84	25	weiter	0	ja	ernſt un ſtille. Hei reit ſin Perd in de Höchte un make e ne dankende
84	26	weiter	0	ja	Dreiig, indeme dat hei en Rundeil, ene Achte un in korten Swenkungen
84	27	weiter	0	ja	de Schaule dorchmake, un ſek denne mit en militairiſchen Gruße na
84	28	weiter	0		allen Halben henwenkend terüggetrecke.
84	29	leer	0		
84	30	absatz	4	ja	Von da an hör en nu Niſt wieer, as von Veihwann ſpreken, un
84	31	weiter	0	ja	von ſinen Peren, den Rappen, un Begard, den Renner. De Buern
84	32	weiter	0	ja	wärren hoch, denn ſe achten Otte wie ehres Glieken, un de Eddellüe
84	33	weiter	0	ja	maken ſek wies, dat ſau en Rieen man von enen Eddelmanne ſcheihn
84	34	weiter	0	ja	künne, un dat de ole Veihwann ſchon en düchtigen Rieer un en ver-
84	35	weiter	0	ja	ſtännig Pertüchter, aberſt noch en vel gröttern Diplomaten e weſt wärre,
84	36	weiter	0	ja	dei wol en Sitz in Herrenhuſe härre verdeint, un dat te dem male
84	37	weiter	0	ja	dat blot ut Mißgunſt verbleben ſie, wie wol hei en olen befeſtigten
84	38	weiter	0		Grundbeſitz, un dorch ſien Wapen en ganz olen Adel naewieſet härre.
84	39	leer	0		
84	40	absatz	4	ja	De Stimmunge vor Otte Veihwann word immer beter, un as hei
84	41	weiter	0	ja	nu Abends mit der junken Gräfinne von All bi Enne danzet, un bi en
84	42	weiter	0	ja	Fruenzen un Frölens wie bi en Officiers gladde Amören upewieſet, un
84	43	weiter	0	ja	ok bi Herrn von Nothhuſen ſek frindlich un beſcheiden upeſpeelet harre,
85	1	weiter	0	ja	da kamm hei in de Rehe, un word von Allen anekeken, as de glue
85	2	weiter	0	ja	Morgenſteren, wenn et tau en Anſtanne geit, oder de upgahende Mand,
85	3	weiter	0		wenn de Mäkens up ehren Leiweſten hopet.
85	4	leer	0		
85	5	absatz	4	ja	De ole Pachter von der Worth up en Nettelhowwe namm dit
85	6	weiter	0	ja	wahr, un vertelle nu en Buern un Junkers vel von den Veihwannſchen
85	7	weiter	0	ja	Peren, un wat dei alle utterichten in Stanne wärren. Hei wolle
85	8	weiter	0	ja	ſe dat wieſen, un en Probetrecken an ener Charſewolte anſtellen laten,
85	9	weiter	0	ja	wenn Otte dat verleube, un er ſilben bi ſien wolle, denn Otte härre
85	10	weiter	0	ja	eigentlich allene en Verſtändniß der von, wie en mit Peren ummegahn
85	11	weiter	0	ja	mößte, un wie einer richtig te feuern härre. Otte wärre, dat mößt 'en
85	12	weiter	0	ja	ſeggen, oberhaupt en ganz ſeltſamen Minſchen, de ſtudirt härre, un alles
85	13	weiter	0	ja	uten FF verſtünne. In en Ackerbu könne ſek Keiner mit ene meten,
85	14	weiter	0	ja	dat härre hei ſchonſt als halfwuſſen Burſſen ewieſet dorch ſine Drai-
85	15	weiter	0	ja	nagie un dorch ſine Wäterwieſchen up er olen Worth un in Nettlingen;
85	16	weiter	0	ja	dat wärre aber alles gar niſt tien dat, wat hei te Stanne brocht härre
85	17	weiter	0	ja	gegen dat Obergahn un Oberflauten dorch Indämmunge un Afftöge; ja
85	18	weiter	0	ja	da ginge ene Keiner ober, dat härre hei as Pachter, de doch nu ok all
85	19	weiter	0	ja	bi Jahren wärre un vel midde dorchemaket härre, oftenauch eſeihn; dat
85	20	weiter	0	ja	wärre in diſſen Falle ganz wat Uterordentliches mit Otte Veihwann,
85	21	weiter	0	ja	et ſchiene bi nahe, as härre Otte ene Vorahnig, wie dat mit en Stieen
85	22	weiter	0	ja	un Fallen von Water ſtünne, kort, hei vor ſine Perſon glöbe, dat Otte
85	23	weiter	0		dat Water biſpreken könne.
85	24	leer	0		
85	25	absatz	4	ja	Dat was nu allwol en bettchen Vel up de Möhle, un Manchein
85	26	weiter	0	ja	ſchüddele en Kopp un dachte ſien Deil, aber et bleif doch immer en bett-
85	27	weiter	0	ja	chen hängen bi allen, de nich ganz frie von Abergloben wärren, un de
85	28	weiter	0	ja	Kedderagie richte doch ſau vel ut, dat bi Enne de Renndaes Otte ſin
85	29	weiter	0	ja	Name mank de Perſonen enennt word, de wol paſſig der tau wärren,
85	30	weiter	0		de Diekhauptmanns-Stidde vor de Grafſchaft te obernehmen.
85	31	leer	0		
85	32	absatz	4	ja	Den annern Dag, wo de Prämien utegeben worren, wärren Veih-
85	33	weiter	0	ja	wanns Pere nich prämiirt, wie wol ſe vel Bifall efunnen harren; da
85	34	weiter	0	ja	word de ole Pachter, de immer noch up en Pries oder ene Anerken-
85	35	weiter	0	ja	nunge hopet harre, quitterig. Hei leit Otte ſine Rappen vor de grote
85	36	weiter	0	ja	Wolte ſpannen un wolte under Upſicht von Scharſeelüen ene lanke Stein-
85	37	weiter	0	ja	bank gladde, ohne mal de Pietſche ter Hand te nehmen, denn de Rappen
85	38	weiter	0	ja	trecken up et Wort; un as ditt Stückſchen under groter Tauſtimmig von
85	39	weiter	0	ja	en Landlüen eſpeelt harre, da ſette ſek Otte mit ſinen olen Pachter
85	40	weiter	0		up, un beie redden wedder na er Worth un na en Nettelhowwe.
86	1	absatz	4	ja	Von der Tied word et nich ſtille up er olen Worth un up en
86	2	weiter	0	ja	Nettelhowwe. Alle Welt wolle de Pere ſeihn, de as Renner, Trecke-
86	3	weiter	0	ja	pere un as Schaulpere bruket weren konnen. Dat Beräumen word
86	4	weiter	0	ja	grot, un Veihwanns Stuten un Hengeſte harren dat Prä vor allen
86	5	weiter	0	ja	andern, un ehre Ramsnäſen un afhängigen Kruppen gillen von nu an
86	6	weiter	0	ja	as en richtig Teicken ener reinen Raze. Otte ſilben bekümmere ſek da
86	7	weiter	0	ja	wennig umme un leit dat Geſchäfte ſinen Pachter ober, de denn balle
86	8	weiter	0	ja	en groten Hupen Föllens vor düer Geld verkofte un dabi immer ene
86	9	weiter	0	ja	Stimme tau er Diekhauptmanns ſtidde inhandele. Recht was dat nu
86	10	weiter	0	ja	allwol nich, aberſt de Pachter meine, ſau en lüttchen Vorthel, de keinen
86	11	weiter	0	ja	Minſchen kränke, wärre wohl midde te nehmen, denn en Oeconome han-
86	12	weiter	0	ja	dele mit realen Grötten. De Buern dachten ok ſau, un de Junkers
86	13	weiter	0	ja	wußten ok wat ehre nächeſte Vorthel was, un ſau kamm et denn, dat
86	14	weiter	0	ja	Otte bi er Wahl de mehrſten Stimmen kreig un Hauptmann word ober
86	15	weiter	0		de Dieke.
86	16	leer	0		
86	17	kapitel	0		En Diekhauptmann, un wat er ut ward.
86	18	leer	0		
86	19	absatz	4	ja	Vor't Mehrſte kehrt niee Beßen gut, aberſt wenn ſe erſt en bett-
86	20	weiter	0	ja	chen afefeget ſind, un de afeſtötten Rieſer ſtruppe henſtaht, un denne den
86	21	weiter	0	ja	olen Dreck te ſcharpe fatet, denn is dat ok ſau hen, denn gift dat wat
86	22	weiter	0		te mäkeln, un denn is dat allebot te borſtig ſcharpe un te düermaig.
86	23	leer	0		
86	24	absatz	4	ja	Otte fate ſin niee Amt feſte an. Hei leit dat Nothwennigſte te
86	25	weiter	0	ja	erſt vor hogen Pries utbetern darumme, dat bi nich utergewöhnlichen
86	26	weiter	0	ja	Waterſtanne kein grot Schae ſcheihn könne; un da up ſtelle hei den
86	27	weiter	0	ja	Andrag, ne grote Summe te bewilligen, wenn de Grafſchaft ganz eſichert
86	28	weiter	0	ja	weren ſolle. Da mößten de Wälle terüggeſett, un dat Bedde von Fluſſe
86	29	weiter	0	ja	breier emaket un gladder utebaggert weren, dat was ſau ſine unantaſt-
86	30	weiter	0	ja	bare Meinunge, un davon leit hei nich af. Dat gaf nu vel Hickhack,
86	31	weiter	0	ja	denn wenn dat Geld koſten deit, denn ſind wie Buern un Junkers nich
86	32	weiter	0	ja	te Huſe, denn gift dat en ganzen Hupen Oberklauke, de alle in der Bi-
86	33	weiter	0	ja	lae von ehren Bregenkaſten de kißlichſten Beſorgniſſe ober te grote Ut-
86	34	weiter	0	ja	gaben, de an Enne unnütze ſcheihn utwieſet; aber under keinen Umſtän-
86	35	weiter	0	ja	nen de Verantwörung te obernehmen denket, obſchonſt ſe von allen Un-
86	36	weiter	0		tefreenen geren ehört werd un ſek in ehrer Oppoſitſchon freuet.
86	37	leer	0		
86	38	absatz	4	ja	Otte leit ſek dadorch nich erre maken. Hei ſtelle ene Rechnunge
86	39	weiter	0	ja	up, dat bi enen richtigen Dammſchutze de Vorthel ſau grot wärre, dat de
86	40	weiter	0	ja	Koſten in fief Jahren wedder ewunnen ſien können. Mit er Verantwö-
87	1	weiter	0	ja	runge, da was hei fluchs bi er Hand, dei obernamm hei mit ſiner eige-
87	2	weiter	0	ja	nen Perſon, vor der ſe en helleſchen Regart harren, wie wol hei nich
87	3	weiter	0	ja	vel verleiſen konne. De Dämme worren fertig, un de Segen kamm der
87	4	weiter	0	ja	hinder dorch, ſau gar als hei e mal enödigt word, einen Damm dorch-
87	5	weiter	0		teſteken un en Water Aftog te geben.
87	6	leer	0		
87	7	absatz	4	ja	Dat brochte nu Otte helleſchen in Beraum. De Underbiamten un
87	8	weiter	0	ja	Arbeiers, de nu mehr Gehalt un höggern Lohn verdeinen, un de Buern
87	9	weiter	0	ja	un Gutsbeſitters, de ehre Pläne vor en Water edecket ſeihn, un dabi
87	10	weiter	0	ja	doch noch ut er Gräſige ene vulle Innahme harren, de wärren alle vor
87	11	weiter	0	ja	ehren Hauptmann vullup innenohmen, un ſau kreig denn Otte na gerae
87	12	weiter	0	ja	en ganz nietlichen Swanz, de hinder ehne hertrecke; manſt de Edellüe,
87	13	weiter	0	ja	obſchonſt ſe ehne in ehrer Sellſchop upneihmen, de wärren doch ſau in
87	14	weiter	0	ja	Stillen, von wegen ſiner frien Anſichten, nich recht up ene te ſpreken;
87	15	weiter	0	ja	denn ein Mal was hei en Eddelmann, un dat andere Mal, da was hei
87	16	weiter	0	ja	en frieen Buer un en Sotſchaldemokraten, de Alles von der Apartigkeit
87	17	weiter	0	ja	der Minſchen un von lieken Rechte, dat mit en Minſchen up de Welt
87	18	weiter	0	ja	ekomen wärre, hernehmen wolle. De Barone aberſt wärren immer
87	19	weiter	0	ja	noch der Meinunge, dat et blot twieerlei Minſchen, Junkers un Dein-
87	20	weiter	0	ja	ſten geibe. Un as nu Otte Veihwann dat grote Wort frie up en Land-
87	21	weiter	0	ja	dae utſprok, Vorrechte un Stänne kenne hei nich, hei kenne blot Arbeits-
87	22	weiter	0	ja	däthigkeiten, de en da na te taxiren härre, wat ſe utrichten deen un
87	23	weiter	0	ja	produciren; dat aber de Adel, de ſek doch ſüß immer dorch ſine Nobleſſe
87	24	weiter	0	ja	un Opperfähigkeit utteike, jetzund noch nich de Frae beantwört härre,
87	25	weiter	0	ja	wie vel hei en Lanne nützet un gutedahn, da was dat vullens nich
87	26	weiter	0	ja	edropen, denn bether, dat moßten ſek de Eddellüe ſilben ſeggen, da
87	27	weiter	0		harre de Adel en Lanne noch keine Druben edrahn.
87	28	leer	0		
87	29	absatz	4	ja	De Eddellüe un de Geiſtlichkeit de maken drumme ok ene Stem-
87	30	weiter	0	ja	merice gegen Otte, un heilen ehne vor, dat hei nich bi en Rechte blie-
87	31	weiter	0	ja	ben dee, dat von Olders her von ehren Vorfahren inerichtet un feſte
87	32	weiter	0	ja	ſtellt wärre, un dat bi ener Nivelirunge, wie Veihwann ſe hebben wolle,
87	33	weiter	0	ja	de Welt nich beſtahn könne, obſchonſt Otte nawieſe, dat dat Leben, wie
87	34	weiter	0	ja	bi en Enteln ſau ok in Volke ſek ändern dee, un dat ſchonſt in er
87	35	weiter	0	ja	Bibele eſeggt wärre, dat Alles lieke un kein Barg un kein Dahl mehr
87	36	weiter	0	ja	ſien ſolle. Vernunftgrünne un Zitate hülpet aber niſt, wenn de Min-
87	37	weiter	0	ja	ſchen na ehren Willen ordeilt, un ſau härre dat Otte verdreiten un ok wol
87	38	weiter	0	ja	ſparen konnt, manſt dat ſchoch nich, hei was nu ein Mal in de Rage
87	39	weiter	0	ja	komen. Glieks na en Rennen was hei in Huſe det Grafen von
88	1	weiter	0	ja	All-bi-Enne innefeuert. Hei harre ſek vor den ſchönen Kranz bedanket
88	2	weiter	0	ja	un was von dieſer Tied an bi der junken Gräfinne geren eſeihn. Se
88	3	weiter	0	ja	harre ehne leiw, un beie harren ſek ent'ander en bettchen te deipe in de
88	4	weiter	0	ja	Oen ekeken, un da was denn de natürliche Folge, dat ſe in Korten
88	5	weiter	0	ja	en Paar wärren, wat de ole Grafe gar nich ungeren ſach, denn Otte
88	6	weiter	0	ja	was ein ganzen Kerel, un mit den Grafen von All-bi-Enne, da gung
88	7	weiter	0	ja	dat te Enne. De Hochtied word efiert, un Otte kreig ter Mitgaft, —
88	8	weiter	0	ja	de Graf harre vele Veddern un Wäſchen bi Howwe — en glautnieen
88	9	weiter	0	ja	gräflichen Anhang un Swanz bi alle deme, dat hei en Liberalen ſpele
88	10	weiter	0		un mit en Conſervativen niſt te dauen hebben wolle.
88	11	leer	0		
88	12	absatz	4	ja	Kund- un Frindſchaft bi en Corps, un Veddernſchaft in er Fo-
88	13	weiter	0	ja	milig hät allebot wat te bedüen, un ſau word Otte dorch ſienen libera-
88	14	weiter	0	ja	len Anhang un dorch ſiene gräflichen Veddern in korten Landrath, un
88	15	weiter	0	ja	denne in dat Afgeordnetenhus ewählt, un ſau kamm et denn, dat hei
88	16	weiter	0		bi Howwe balle enämſet un in Beacht enohmen word.
88	17	leer	0		
88	18	kapitel	0		Tor Situatſchon.
88	19	leer	0		
88	20	absatz	4	ja	To diſſer Tied nu ſtund dat ganz buntche un dumme bi Howwe.
88	21	weiter	0	ja	De ole König harre ene grote Verwand- un Kundſchop in Lanne un
88	22	weiter	0	ja	na Butten hen, un et was da te malen mode, dat Jedweder, de en
88	23	weiter	0	ja	Bettchen bedüen wolle, ſek e ne lüttche Menagerie heilt. Sau harre
88	24	weiter	0	ja	denn ſin Brauer in Middag en Dubbeladler un wenn dei ſchraule, denn
88	25	weiter	0	ja	ducke ſek dorch dat ganze Land all Quek un Heunerveih, weil ſe meinen,
88	26	weiter	0	ja	dat ſe etreen weren ſollen. Sin Swager in Morgen, de heilt ſek en
88	27	weiter	0	ja	groten Bären, un wenn dei brumme, denn zittern alle lüttchen Bären-
88	28	weiter	0	ja	treckers; denn de Bäre was tückiſch. In Middernacht, da belle e ne
88	29	weiter	0	ja	grote Dogge, un hule dei, denn wake Alles ut en Slape up, un Neiner
88	30	weiter	0	ja	wußte wor hei ſek begriepen un wat hei tenächeſt anfaten ſolle. Up en Water
88	31	weiter	0	ja	da trecke en grot iſernen Arpel un fiſche de beſten Goldfiſche weg; aberſt
88	32	weiter	0	ja	dat was alles Niſt, wenn de rohen Apen in Abend ehre Gekriſche an-
88	33	weiter	0	ja	fängen, un en olen Könige ober dat Rinnbek in de Appelgarens un in
88	34	weiter	0	ja	de Wienbarge fallen wollen. Denne word dat utermaten unruhig in
88	35	weiter	0	ja	Lanne; denn vor en Apen, da harren ſe en helleſchen Reſpect, de harren
88	36	weiter	0	ja	ſe all ofte luſet un de Parrücke verdreiet. De Einen kreen et denn in
88	37	weiter	0	ja	de Knoken, un de Anderen in de Zympathie. De nu Haſenharten harren,
88	38	weiter	0	ja	de ducken ſek, un leggten de Ohren an en Kopp, de aberſt Zympathie
88	39	weiter	0	ja	feulen, de maken et den Apen na mit allerhand Apenſtreichen, ehre Fru-
88	40	weiter	0	ja	ens aber mit en upgeſtokenen Hinterkoppe un en hogen Updrag up en Steert,
89	1	weiter	0	ja	weil des, dat ſe damidde ehre Afſtammunge verdecken wollen un grote
89	2	weiter	0		Luſt harren an Schunkelperen un Wippeſpeel.
89	3	leer	0		
89	4	absatz	4	ja	Sau was dat na Butten hen; in Lanne aber, da was e ne grote
89	5	weiter	0	ja	Menge von lüttchen Veddern, Wäſchen un Mähmen, de trecken alle an
89	6	weiter	0	ja	Niedhamel, un wenn ſe bi Howwe liberal un vor de Frieheit wärren,
89	7	weiter	0	ja	denn ſpelen de Lüttchen reactſchonär. Et was keine Indracht mehr, aber
89	8	weiter	0	ja	vel Wedderſpel. Wenn dat Gewarbe frie ſien ſolle, denn wollen de
89	9	weiter	0	ja	Städte Gilden maken, un wenn de Ummetreckig nich mehr ewehrt weren
89	10	weiter	0	ja	ſolle, denn verlangen de lüttchens Patchackers Paßkarten, Heimathſchiene
89	11	weiter	0	ja	Börgergeld un en Nawies von en richtigen Utkomen. Mit en Gewarbe
89	12	weiter	0	ja	ſtund dat ok ſau hen, de anſtännige ole Ehrenhaftigkeit was nich mehr,
89	13	weiter	0		un wenn et freuer heit:
89	14	leer	0		
89	15	vers	8		„Vor ringen Pries
89	16	vers	8		Gue Waare
89	17	vers	8		Up lange Jahre
89	18	vers	8		Tau ehrlichen Nieß“ —
89	19	leer	0		
89	20	weiter	0		ſau heit dat jetzund:
89	21	leer	0		
89	22	vers	8		„Billig un ſlecht,
89	23	vers	8		Is allebot recht.
89	24	vers	8		Ward licht producirt,
89	25	vers	8		Ward Vel conſumirt.
89	26	vers	8		Verdeint mott weren balle,
89	27	vers	8		De Dummen werd nich alle!“
89	28	leer	0		
89	29	absatz	4	ja	De Geſellens, de da ſeihn, dat ehre Meſters bie korter Tied un
89	30	weiter	0		leerbehren Arbeit rieke worren, de fängen dat ok an, un ſungen:
89	31	leer	0		
89	32	vers	8		„Den Sönndag frie,
89	33	vers	8		Den Mandag blau.
89	34	vers	8		Den Alldag nich der bi;
89	35	vers	8		Arbeien noch, wotau? —
89	36	vers	8		Latet de Buern thalen,
89	37	vers	8		Willt ſe Waare halen,
89	38	vers	8		Beter mött de Meſters lohnen.—
89	39	vers	8		Wei willt uſe Knoken ſchonen.“
89	40	leer	0		
89	41	absatz	4	ja	Dabi wolle dat Geſchäfte nu leſt ut nich mehr gahn, un ganz von
89	42	weiter	0	ja	ſilben wuſſen na gerae ene grote Menge Fulenzers up, de ſek nu up
89	43	weiter	0	ja	Bedreierie un Deiberie legte. Alles wolle hauſiren gahn, un Nemmes
89	44	weiter	0	ja	wolle wat dauen; dabi aberſt wärren ſe helleſchen von ſek innenohmen,
90	1	weiter	0	ja	obſchonſt ehre Kopp blot up en nächeſten Dag natedenken verſtund.
90	2	weiter	0	ja	Se wußten, dat ſe leddige Maens, un de Mehrthal der Füſte harren,
90	3	weiter	0	ja	un dreuen, mit ehren grobben Hännen Alles te caponiren, un wenn et
90	4	weiter	0		ginge, Alles uptetheren, denn ſe wärren Omnivoren.
90	5	leer	0		
90	6	absatz	4	ja	De Nakomen von Kerkenoe, de ſchreben ditt Unheil en natürlichen
90	7	weiter	0	ja	Verſtanne tau, dei immer blot up et Reale richtet wärre un neinen
90	8	weiter	0	ja	Halt hebben könne, wenn hei nich dorch en Kerenſpruch tau ſek ſilben
90	9	weiter	0	ja	keime. Se leiten drumme ehre Kinders ene grote Menge von Verſen
90	10	weiter	0	ja	utwennig lehren, un meinen ſau den Untuchtsdübel freutiedlich dalteholen,
90	11	weiter	0	ja	allene wenn de Kinner ran wuſſen, denn word de Lebensluſt grötter,
90	12	weiter	0	ja	as de Lehre, un denne globe de junke Tautucht, dat ſe ehren Gefallen
90	13	weiter	0	ja	nagahn mößte, un ſau wärren alle Sprüche un Verſe verwindweiht, un
90	14	weiter	0		de Untucht word ter Tucht.
90	15	leer	0		
90	16	absatz	4	ja	De Richters, de nu ſau en Unweſen wol härren ſtüern un ſtrafen
90	17	weiter	0	ja	konnt, de deen dat ok nich, denn ſe wärren te humane un meinen, tien
90	18	weiter	0	ja	Lüe, de ehre Lebedae immer mit Noth un Sorge te dauen ehat härren,
90	19	weiter	0	ja	da mößt en milde ſien; ſei wüßten, weil ſe ok an en Hungerdauke tocken,
90	20	weiter	0	ja	dat an beſten wie Einen te Maue wärre, de ſinen Liew mit en Smacht-
90	21	weiter	0	ja	reimen tehope trecken mößte. Sau was denn vel ful un afſtarbig in
90	22	weiter	0	ja	Lanne, un dat härre ſcheier en innern Krawall geben konnt, wenn de
90	23	weiter	0	ja	Untefreenen nich na butten hen ewieſet worren wärren, weil des, dat
90	24	weiter	0	ja	da vel eſchreben, eloen un eweult word, wat mit wennigen Utnahmen
90	25	weiter	0	ja	en mehrſten Mann bidrop, bet up de von Borgne na, de kehren ſek an
90	26	weiter	0		Niſt, de drillen ehre Mannſchop, un alle Welt löwe ehre Inſtruktſchon.
90	27	leer	0		
90	28	absatz	4	ja	Tau ſau e ner verquicketen Tied word nu Otte na Howwe biraupen,
90	29	weiter	0	ja	weilen hei eines Daes — hei harre grademal wedder de Swansfeddere
90	30	weiter	0	ja	ut ſiner Sweſter Swanshimme in en Hännen ehat — in Afgeordneten-
90	31	weiter	0	ja	huſe en groten Ummeſwung aneſeggt harre, un weilen en grot Part
90	32	weiter	0	ja	Howlüe, de in ſiner Frind- un Swagerſchaft ſtunnen, immer noch vel
90	33	weiter	0		up ene heilen, un an ſine Kunſt, dat Water te beſpreken, globen.
90	34	leer	0		
90	35	absatz	4	ja	De ole König namm ene frindlich up un wieſe ene alle Herrlich-
90	36	weiter	0	ja	keiten un Schätze ſeines Riekes, de hei in ſiner Hushöllig harre. Leſt ut
90	37	weiter	0	ja	trecke hei ok de Feddere vor, de ene von ſiner Mudders her obermaket
90	38	weiter	0	ja	was. Diſſe Feddere ſtimme un juſtemente mit Otte ſiner Feddere oberein,
90	39	weiter	0	ja	un wie ſe ſe in en Hännen harren, da oberkamm ſe beie, den olen König
90	40	weiter	0	ja	ſau wol wie Otte, dat ſe ehre Vaderland grot un frie maken wollen
90	41	weiter	0		von allen Fienden, de bi Innen un de Butten wärren.
91	1	absatz	4	ja	Majeſtäten, reip Otte, dat mott anders weren. Jue Voggel draff
91	2	weiter	0	ja	vor en Adler jues Brauers nich de Fittchen hängen laten; de Dubbel-
91	3	weiter	0	ja	adler kann hinder de Leithamels henfleihn; jue Voggel ſall in Rauhe
91	4	weiter	0	ja	ſine Rupen vertheren. De Bäre von juen Swager, de kann ut ſinen
91	5	weiter	0	ja	duſtern Wolde her im Sommer Kamele un Dromedars anbrummen
91	6	weiter	0	ja	un in Winter inefroren Mamutsfleiſch freten. De Dogge in Norden
91	7	weiter	0	ja	legget wie en Mulkorf an, un de rohen Apen jahet wie ober alle
91	8	weiter	0	ja	Barge. Ek bin zwars kein groten Prophete, de Alles vorher wetten
91	9	weiter	0	ja	kann, man et verdücht mek, dat, wenn ek mine Lampe anſtecke, un in
91	10	weiter	0	ja	minen Speil kieke, denn ward mek dei wol ſeggen, wat Alles ſcheihn
91	11	weiter	0	ja	kann. Ok en Laken hebbe ek, dat gift mek Spieſe un Drunk, wenn ek
91	12	weiter	0	ja	„min Diſchken decke dek“ raupe, aber wat hülpet dat Alle? — Mit
91	13	weiter	0	ja	Vorutſicht un Oberleggig kann en bi ſau ener Werrniſſe wennig ut-
91	14	weiter	0	ja	richten, mit Klaukheit allene kann en keinen Hund hinder en Oben weg-
91	15	weiter	0	ja	locken, un alltevel Spieſunge maket träe. Eins is er, dat geiht ober
91	16	weiter	0	ja	Alles, Geld un Gold, dat is das Wahre; vor Geld kann en ſek wat
91	17	weiter	0	ja	köpen, vor Geld kann en Alles krieen: Frinne, Horſame, Sklaven, un
91	18	weiter	0	ja	wat dat Beſte is, Keiner ward von Gelle ſatt, immer hungerger un
91	19	weiter	0	ja	döſtiger ward wer ein mal anelicket hat, un darumme, Majeſtäten, mött
91	20	weiter	0	ja	wie da vor ſorgen, dat et nich an Gelle un Golle mangelt. Majeſtäten!
91	21	weiter	0	ja	latet mek up Reiſen gahn, umme dat ek Gold un Macht finne, denn
91	22	weiter	0		Beies mott eſocht weren un kummt nich in Slape.
91	23	leer	0		
91	24	absatz	4	ja	De ole König harre erſt ſin Bedenken derbi; et was grade in
91	25	weiter	0	ja	der Erentied, dat Otte reiſen wolle, un bi Howwe was vel Arbeit un
91	26	weiter	0	ja	Anſpann nödig, allene hei gaf na un leit Otte afreiſen. Otte kam in
91	27	weiter	0	ja	de Riekesſtadt un föddere kleineke mit en König ſinen Brauer un mit
91	28	weiter	0	ja	allen Veddern, Wäſchen un Möhmen. Da word en König ſien
91	29	weiter	0	ja	Voggel inelaen, tau en groten Verſöhnungs-Oſſenbraen, manſt de
91	30	weiter	0	ja	Kuckuk was grade noch in er Eierleggig un konne nich afkomen.
91	31	weiter	0	ja	Darober wärren nu de Menagerieholders, vorbat de lüttchen, hellſchen
91	32	weiter	0	ja	verdreitern un tückſch, aber Otte begüſeke ſe wedder un vertelle vel
91	33	weiter	0	ja	von er Frindſchop mit en groten Bären; de nieren Apen aber ver-
91	34	weiter	0	ja	wieſe hei up dat Land wor de Zavoynkohl waſſet un make ſe lüſtern
91	35	weiter	0	ja	up rheiniſche Druben. Sau bleif denn Free, un Otte konne nu ſeuken
91	36	weiter	0	ja	na Golle un na Macht, manſt Gold was wennig te finnen, un wat de
91	37	weiter	0	ja	Macht anbedrop, ſin lüttge Grotſtaat word verſpottet. Dat verdrot
91	38	weiter	0	ja	Otte uter Maten, un in ſinen Ingrimme gung hei grämlich wieer. Da
92	1	weiter	0	ja	kamm hei in ene grote Sandweuſte, wo entle Kienen ſtunnen, un hei
92	2	weiter	0	ja	härre geren allen Sand tau Golle un alle Fören tau Piken maket;
92	3	weiter	0	ja	man wat hülpet hoge Wünſche ut ingrämſchen Harten, da was kein
92	4	weiter	0	ja	Gold- un kein Pikenſmed un de Heideblaume honnige nich. Otte ſochte
92	5	weiter	0	ja	un leggte ſek mal wedder up et Spören. Hei gung en Tappen na, de
92	6	weiter	0	ja	ſek in Sanne afedrücket harren, allene de Sand was te loſe, hei ſtund
92	7	weiter	0	ja	nich un gaf keinen richtigen Afdruck un keine klare Utkunft von wo ut,
92	8	weiter	0	ja	un tau weme ſe hengingen. Indeß der Tappen worren mehre, un Otte
92	9	weiter	0	ja	de ſe probe, word dat wies, dat dat ile Eſſeltrappen wärren, un dat
92	10	weiter	0	ja	ſe alle na einen Teele henlopen deen. Hm, ſeggte hei bi ſek, dat is
92	11	weiter	0	ja	ja wunderſam ſnurrig, ek ſeuke na Golle, un aller Utſicht na kome ek
92	12	weiter	0	ja	mank de Eſſels. Dat drop in, Otte kamm en Sporen na an ene grote
92	13	weiter	0	ja	Möhle, da was en roth Schild anne, un da ſtund uppe mit fetter
92	14	weiter	0		Schrift:
92	15	leer	0		
92	16	vers	8		Hier ward Alles te Golle vermehlt.
92	17	leer	0		
92	18	kapitel	0		De Möhle un de Knüppel im Sack.
92	19	leer	0		
92	20	absatz	4	ja	Otte gung umme de Möhle rum un ſochte ob da Water, Wind
92	21	weiter	0	ja	oder Damp drieben dee; aberſt et was Alles ſtille. Hei kloppe drumme
92	22	weiter	0	ja	an, un et kamm en Geſelle, de harre ober en fähmſchienigen Rock grote
92	23	weiter	0	ja	Pluderärmels etrecket un keik e ne half fraend, un doch wedder ſtolte
92	24	weiter	0		ober de Schulder an.
92	25	leer	0		
92	26	absatz	4	ja	Niſt vor ungut, ſäe Otte, nademe dat hei ſinen Peckel afenohmen
92	27	weiter	0	ja	un en guen Dag eboen harre, ek dachte, ditt wärre e ne Möhle, un ek
92	28	weiter	0	ja	härre geren, juen Schille na, müldern ehulpen. Kann ek keine Arbeit
92	29	weiter	0	ja	krieen? — Arbeit is hier enaug, twere de Knappe an. Hei trecke ſine
92	30	weiter	0	ja	Feddere hinder en Ohre weg, ſchreif Otte in un gaf ene de Anwieſunge
92	31	weiter	0		dat hei de Eſſels futtern un utmeſſen ſolle.
92	32	leer	0		
92	33	absatz	4	ja	Bi de Eſſels mag ek nich, ſäe Otte, ek wolle müldern, aber nich
92	34	weiter	0	ja	Heckerling ſnieen gahn, ek ſeihet all in, hier ward dat Niſt, hier is
92	35	weiter	0		kein Water, kein Wind un kein Damp.
92	36	leer	0		
92	37	absatz	4	ja	Kein Water, Wind un Damp? lache de Knappe. Jü werd jüg
92	38	weiter	0	ja	verwundern, hier is Alles, wat ſek en richtig Mülder man wünſchen
92	39	weiter	0	ja	kann. Ditt is ene ganz afſonderliche Möhle, un de erſte Statſchon is
92	40	weiter	0	ja	bi de Eſſels. Wer dei ordentlich te drieben un te futtern weit, de
92	41	weiter	0		kann Gold mehlen.
93	1	absatz	4	ja	No, da umme bin ek ja her ekomen, meine Otte, un up jue Wort
93	2	weiter	0		nehm ek en Deinſt an.
93	3	leer	0		
93	4	absatz	4	ja	De Knappe drücke up en Knopp an Pulte, da klingele dat dorch
93	5	weiter	0	ja	dat ganze Hus. Ene grote Dör dee ſek up, un et kam en ander Knappe,
93	6	weiter	0	ja	de was gut bi Liewe, ſau dat en dene wol vor en richtigen Mülder
93	7	weiter	0	ja	härre anſeihn konnt, manſt Mehlſtow harre de ok nich up er Kledage.
93	8	weiter	0	ja	Hinder diſſen ſah Otte dorch de Dör en groten Hupen Schriebers, de
93	9	weiter	0	ja	harren et helleſchen hille, un ehre Schrieberien, dei höre ſek ſau tau,
93	10	weiter	0		as en Möhlrad, dat ſutchen ummegeit.
93	11	leer	0		
93	12	absatz	4	ja	Bi de Eſſels! reip de erſte Knappe den tweiten tau, un de tweite
93	13	weiter	0	ja	brachte Otte ober ene grote Däle up en wieen gerümigen How, de was
93	14	weiter	0	ja	ganz taueſloten, un de Meß, de da upehüpet was, dat wärren ile Gold-
93	15	weiter	0	ja	appels, un ut allen Stalldören, da keken de Langohren un reipen ehre
93	16	weiter	0		ya, ya, ya!
93	17	leer	0		
93	18	absatz	4	ja	Otte kreig ene Anwieſunge tau er Futterig un en Inblick in dat
93	19	weiter	0		grote Möhlengeſchäfte.
93	20	leer	0		
93	21	absatz	4	ja	In en erſten Stalle, da wärren de gemeinen Eſſels, de kreen
93	22	weiter	0	ja	knappe un ſoer Futter, un geiben bi veler Arbeit man füf Procent von
93	23	weiter	0	ja	Reingewinne in de Möhle; aberſt obſchonſt ſe an wenigſten inbrochten
93	24	weiter	0	ja	ſau gullen ſe doch vor de erſten Eſſels in Lanne. Se harren ok en
93	25	weiter	0	ja	hallwegen Prickel, un meinen, ſe lieweren hauptſächlich dat Material vor
93	26	weiter	0		dat Möhlengeſchäfte, weil des, dat ſe en grötteſten Hupen utmaken.
93	27	leer	0		
93	28	absatz	4	ja	De Anwieſer meine, de ſind eigen te nehmen, de latet ſek vel ge-
93	29	weiter	0	ja	fallen, man ſtörrig draff ſe Neiner maken, wenn ſe nich partikſch weren
93	30	weiter	0	ja	ſöllt, un te gut holen drafen ſe ok nich, denn ſüß prikelt ſe de Haber
93	31	weiter	0		un bi greunen Futter blaſet ſe liechte up.
93	32	leer	0		
93	33	absatz	4	ja	O; ſeggte Otte, mit den Veih weit ek umme te gahn, mit dei
93	34	weiter	0	ja	Eſſels hebbe ek as Junge ſchon ofte te dauen ehat. Gut, ſäe de Up-
93	35	weiter	0	ja	ſeiher, denn lat unſch glieks in en tweiten Stall gahn, wo de Warkeſſels
93	36	weiter	0		upeſtallt ſind.
93	37	leer	0		
93	38	absatz	4	ja	Hier ſtunnen nu allerhand Eſſels, wie en ſe ſeltſchen up einen
93	39	weiter	0	ja	Blecke te drepen plegt. Te erſt, un ehre Hupe was nich de lüttcheſte,
93	40	weiter	0	ja	wärren upeſtallt de Mach-Handel-Eſſels. De harren alle ene Rams-
93	41	weiter	0	ja	näſe, as wärren ſe ut en Morgenlanne rober ebrocht, de dreuen vel
93	42	weiter	0	ja	korte un lanke Waare, as Spel- un Siedentüg, Pepper, Koffee, Dübels-
93	43	weiter	0	ja	dreck un olen Peteröl, un jammern un meuen ſek af, dat ehre Gewarbe-
93	44	weiter	0	ja	ſchien ſe tau en Schiengewarbe bringen mößte. Se maken vel Wöre
94	1	weiter	0	ja	un grote Procente, aber de Möhle harre wennig der von, denn ſe ver-
94	2	weiter	0		theren te vel.
94	3	leer	0		
94	4	absatz	4	ja	Anders was dat mit den Eſſels, de in Duſteren trecken, de ſlepen
94	5	weiter	0	ja	Kollen — Iſen — un Zuckerwark, un weil ſe vel un harre te kauen
94	6	weiter	0	ja	kreen, ſau leiten ſe ok vel vor de Möhle fallen; ſe moßten drumme,
94	7	weiter	0		as Mehrbegünſtigte, accerat epläet un efuttert weren.
94	8	leer	0		
94	9	absatz	4	ja	Up diſſe folgen nu de Muleſſels, de harren en helleſch Snuten-
94	10	weiter	0	ja	wark. Ehre Arbeit was leerbehren, allheil Fraſen, Slagwöre un An-
94	11	weiter	0	ja	prieſungen, de ſe in partikſchen Sudel- un Woſtebladern inwickeln un
94	12	weiter	0	ja	dallegten. Se iwern vel un wollen partout nich eſtempelt un na er
94	13	weiter	0	ja	Tollmate behandelt ſien, denn dat ginge tien alle geiſtige Frieheit, vor-
94	14	weiter	0	ja	nut da ſei doch de wahre Geiſtesnahrunge un dat reine Gold ut en
94	15	weiter	0	ja	deipeſten Gedankenſchachte heruphalen mößten. No, ob dat ſau was?
94	16	weiter	0	ja	dat was ne Frae; denn ſeer ſe frie wärren von er Stempelſtüer, da
94	17	weiter	0	ja	ſach en vel Blech un Talmigold in Umlope, manſt dat ſe ſware Waare
94	18	weiter	0	ja	an Marcht un in de Möhle brocht härren, da von wolle de Upſeiher
94	19	weiter	0	ja	nich vel eſeihn hebben, un von Otte, da konnen ſek dat noch nich ver-
94	20	weiter	0	ja	mauen ſien, dat dei dat glieks utſpinteſiren konne, dei was ja nu
94	21	weiter	0		eben erſt in't Geſchäfte treen.
94	22	leer	0		
94	23	absatz	4	ja	De Upſeiher ſäe tau Otte, mit dene warſt du noch wat te dauen
94	24	weiter	0	ja	krieen, de ſind allkäuiſch, de dreihet ehre Futter mehr denn thein mal
94	25	weiter	0	ja	in Mule rum; et ſind vor't Mehrſte Kribbenſetters, Linewebers un
94	26	weiter	0	ja	Studirte; aberſt dorch ne ordentliche Schaule ſind ſe nich elopen, un
94	27	weiter	0	ja	von e ner Examenprobe, da draf en nein Wort von fallen laten; denn
94	28	weiter	0	ja	denne ſchrieet ſe lue up, ober Beindrächtigunge der frien Wiſſenſchaft
94	29	weiter	0	ja	Wahre dek vor dei, dei raunt en ander wat in ehre lanken Eſſelsohren
94	30	weiter	0	ja	un weil ſe en ſtänkrigen Athen hätt, ſau blift immer ſau en Bettchen
94	31	weiter	0		von ehren Eſſelſtanke ſitten.
94	32	leer	0		
94	33	absatz	4	ja	Bange maken gilt nich, meine Otte, ok dei Sorte kenne ek, wenn
94	34	weiter	0	ja	en dene wat in de Swinge ſpicht, denn licket ſe neggen Dae der na,
94	35	weiter	0	ja	as wärr' et ile Honnig. Aberſt alle Weder! da ſeihe ek noch en
94	36	weiter	0	ja	Hupen, de ſind mal fiene holen! — De hätt ja blanke Glanzwichſe up
94	37	weiter	0	ja	en Häuwen un draet gollene Kedden up ehrer witteſtiebeten Boſt,
94	38	weiter	0	ja	de mött wat under en Häuen hebben, ſüſſ härren ſe wol nich ſau hoge
94	39	weiter	0		Angeſtröhren upeſett.
94	40	leer	0		
94	41	absatz	4	ja	Ach wat! ſäe de Upſeiher, vel hätt dei ok nich under en Häuen,
94	42	weiter	0	ja	aberſt ſe ſind helleſchen empfindlich tien Verküllunge un tien dat leiwe
95	1	weiter	0	ja	Weder. Se quaket, as de greunen Lowütſchen, wenn dat glaumet, un
95	2	weiter	0	ja	dat Water ſtigt, un ſe verkrupet ſek, wenn dat Water fallt, obſchonſt
95	3	weiter	0	ja	wecke der mank ſind, de mehr up et Fallen, as up et Stieen ſpekelirt.
95	4	weiter	0	ja	No, Du warſt ſe ja noch beter kennen lehren; wenn dei man Popiere
95	5	weiter	0		enaug kriect, denn hat dat mit dene keine Noth.
95	6	leer	0		
95	7	absatz	4	ja	Wat Dübel! Dat hebbe ek ja min Lebedae nich ehört, reip Otte,
95	8	weiter	0	ja	dat en Eſſel Popier fritt. Nee, Popier fretet ſe ok nich, twöre de
95	9	weiter	0	ja	Knappe an, aberſt Popiere ſind ehre beſte Futteragie, un ohne Popiere
95	10	weiter	0	ja	kummeſt Du bi dei Eſſels nich ut; wenn Du dei aber ſicher uttedauen
95	11	weiter	0	ja	weißt, denn; makeſt Du de beſten Geſchäfte vor de Möhle, vor de Eſſels,
95	12	weiter	0		un vor dek ſilben.
95	13	leer	0		
95	14	absatz	4	ja	Dat nimmet mek Wunder! — Wo'r ſall ek Popiere her krieen,
95	15	weiter	0		dat ek de Eſſels futtere? —
95	16	leer	0		
95	17	absatz	4	ja	Dat kummet blot drup an, dat Du dek up de Eſſelie gut ver-
95	18	weiter	0	ja	ſteihſt; en Eſſel is gar ſau dumme nich, dat weißt Du doch von Bileams
95	19	weiter	0	ja	Eſſel her. Keddere Du man kleineke, un lat et ter rechten Tied nich
95	20	weiter	0	ja	an Lobhudelieen fehlen, denn ſaſt Du mal ſeihn, wat alle de Eſſels te
95	21	weiter	0		Wee bringet.
95	22	leer	0		
95	23	absatz	4	ja	Damidde gung de Upſeiher af un wieſe Otte ene grote Pumpe,
95	24	weiter	0	ja	de up et Stiehn un Fallen inerichtet was un ene lüttche Preſſe harre,
95	25	weiter	0	ja	ut der, na deme, dat en de Schruben antrecke, allerhand Popiere, graue,
95	26	weiter	0	ja	blaue, witte, keimen, de mit groten Nummern un velen bunten, heidniſchen
95	27	weiter	0		Blaumen bedrucket werren.
95	28	leer	0		
95	29	absatz	4	ja	Otte was nu allene mank de Eſſels un keik ſek de Watertröge un
95	30	weiter	0	ja	de Pumpe an. Hei grübele ober dat Räderwark na un ſach in de
95	31	weiter	0	ja	Tröge, de en Stiehn un Fallen nawieſen, Hauſſe un Baiſſe, ja nademe,
95	32	weiter	0	ja	dat de üpperſte Schrube anetrecket word. Bi ſiner Munſterunge gung
95	33	weiter	0	ja	ene ganze Tied hen, un de Eſſels worren, weilen ehre Futterungstied
95	34	weiter	0	ja	kamm, unruhig un maken en abſcheulich Spitakel un Gekrieſche. Da
95	35	weiter	0	ja	moßte nu abſolut wat ſcheihn, wenn dat keinen Krawall nich geben
95	36	weiter	0	ja	ſolle. Otte reip ſe oftemalen ter Rauhe, aberſt wat hilpet en Kummando,
95	37	weiter	0	ja	wenn de Schetteln leddig ſind? — Otte ſach dat in, un meine, mit
95	38	weiter	0	ja	gladden Wören mößten Einen wol mal ober ene Mahltied weghilpen
95	39	weiter	0	ja	künnen, un hier heite dat „Tied ewunnen, is Alles ewunnen“. Hei
95	40	weiter	0	ja	ſteig drumme de Tritte na er groten Futterkiſte rup, hei fate de Swinge,
95	41	weiter	0	ja	as wolle hei ſe vull Habern dauen un en Stof dorchſeben; fluchs word
95	42	weiter	0	ja	et ſtille in Stalle, un de Eſſelsköppe richten ſek alle der Kiſte tau, un
96	1	weiter	0	ja	Otte harre ſine Freude dran, as hei ober de velen Snuten un Lang-
96	2	weiter	0	ja	ohren keik, de alle up ene luern deen, wat hei wol ut der leddigen Kiſte
96	3	weiter	0		noch utkramen künne.
96	4	leer	0		
96	5	absatz	4	ja	Hei verneige ſek vor der Verſammlunge un wieſe de leddige Swinge.
96	6	weiter	0	ja	— Verehrte, hoge Herrn von grauen Mäntel, ſprok hei, wenn jü diſſe
96	7	weiter	0	ja	Swinge anſeiht, ſau wieſet ſek dat ut, dat ſe leddig is, un dat de grote
96	8	weiter	0	ja	Futterkiſte ok neinen Habern mehr barget; et is alſau ene knappe
96	9	weiter	0	ja	Tied, un dat drücket jüg un drücket mek, jüg, weilen dat Möhlenge-
96	10	weiter	0	ja	ſchäfte nich mehr flotte ummegeiht, un mek, weil ek bi allen Amorte-
96	11	weiter	0	ja	ſatſchonen un Extraordinarien neie Gelegenheit finne, jüg under de Arme
96	12	weiter	0	ja	te griepen. Deme mott afehulpen weren, — afehulpen weren, reipen de
96	13	weiter	0	ja	Eſſels —, dat Anſeihn der Möhle, un de Ehre von miner Stellunge
96	14	weiter	0	ja	lätt dat nich anders tau, un ek gebe min feſte Wort, dat ek Alles dauen
96	15	weiter	0	ja	will, den Credit der Möhle wedder uptehilpen un jue verquitterte Lae
96	16	weiter	0	ja	wedder uptebetern. (Uptebetern, hört!) Tied ewunnen, Alles ewunnen!
96	17	weiter	0	ja	Eine inzige Mahltied, de ein Mal oberſlaen ward, bringet er Möhle
96	18	weiter	0	ja	ſau vele Millionen in, dat en der midde de Pumpe wedder in Gang
96	19	weiter	0	ja	bringen, un en Credit up et thein- un twintigfake verhöggern kann.
96	20	weiter	0	ja	Mit juer Inwilligunge, un up en Henwies, dat dadorch ene grote Er-
96	21	weiter	0	ja	ſparniſſe ſchieht, werd de Papiere ſocht, un denne kann de Pumpe mit
96	22	weiter	0	ja	er Snellpreſſe ſau vel liewern, dat et nich mit rechten Dingen tau gahn
96	23	weiter	0	ja	mößte, wenn wie nich alle heidenmäßig vel Geld krieen wollen, un uſe
96	24	weiter	0	ja	Stüern un Taubußen mit Plaſier geben können. (Mit Plaſier! ſäen
96	25	weiter	0	ja	de Eſſels.) Latet mek Tied, un in Korten werd jü ſeihn den Segen,
96	26	weiter	0	ja	de in jue Kribbe fallt. Ek bin nich vor en Sparſyſtem, Gietz is en
96	27	weiter	0	ja	Laſter un bringet kein Geld under de Lüe. Alles mott flott un frie,
96	28	weiter	0	ja	un Jedweder in ſiner Apartigkeit eſchützet weren. Frien Ackerbu, frie
96	29	weiter	0	ja	Gewarbe, frie Preſſe, frien Handel, Alles mott frie weren, wat nich
96	30	weiter	0	ja	mit juer Inwilligunge under dat Geſetze brocht ward. Frieheit under
96	31	weiter	0		en Geſetze! dat leuwen de Eſſels.
96	32	leer	0		
96	33	absatz	4	ja	Diſſe Rede make en grot Upſeihn bi de Eſſels, un obſchonſt ſe
96	34	weiter	0	ja	alle hungrig wärren, ſau harren ſe doch ſau vel inebrocket ekreen, dat
96	35	weiter	0	ja	ſe vor ditt Mal de Mahltied verpaſſen un gar nich an et Kauen dachten.
96	36	weiter	0	ja	Se leiten Otte hoch leben, un up ſine Frae, ob ſe ſine Vorſläe an-
96	37	weiter	0		nehmen wollen, reipen ſe Alle: Ya! ya! ya!
96	38	leer	0		
96	39	absatz	4	ja	Da up gung Otte an de Pumpe un trecke de Schruben an, un
96	40	weiter	0	ja	de Preſſe gung halwee umme, un de Popiere werren von allen Eſſels,
97	1	weiter	0	ja	ſau wol von de, de innen wärren, as von de, de butten weien, haſtig
97	2	weiter	0	ja	enohmen, un et was ene Luſt, wie dat grote Trittrad von en Eſſels
97	3	weiter	0	ja	etreen word, un wie de Lumpen te Treſoren wärren, un wie ſek de
97	4	weiter	0	ja	Goldappels up en Möhlenhowwe mehren. De Luſt an en Geſchäfte
97	5	weiter	0	ja	namm bi en Möhlenknappen tau, un de Schriebers harren enaug te
97	6	weiter	0	ja	dauen, dat ſe de groten Summen te hope tellten, de alle in dat Möhlen-
97	7	weiter	0		geſchäfte keimen.
97	8	leer	0		
97	9	absatz	4	ja	Otte make alle Statſchonen bet in die Oberrekenkamer dorch, un
97	10	weiter	0	ja	denne word hei, as en utgelehrten Müldergeſellen, frie eſproken un kreig
97	11	weiter	0	ja	tau Lohne en prächtigen, ſtaatſchen Goldeſſel midde. Dene namm hei
97	12	weiter	0	ja	nu midde up Reiſen na ſinen olen König, dei ſek da wol ober freuen
97	13	weiter	0		konne.
97	14	leer	0		
97	15	absatz	4	ja	Seer des, dat Otte de Goldmülderie lehre, harren ſek de Wee
97	16	weiter	0	ja	helleſchen ummewandelt. De vele Sand, de do te malen mit Eſſel-
97	17	weiter	0	ja	trappen oberſeiet was, as Otte in de Möhle kamm, de was nu mit
97	18	weiter	0	ja	ſtaatſchen Hüſern un greunen Lowgarens bebuet. Mankedorch trecke ene
97	19	weiter	0	ja	grote breie Strate, de up dat Water tau gung, wor de drei Inſeln von
97	20	weiter	0	ja	Nettels Nakomen inne leien. Hier wolle Otte erſt mal vorkieken un
97	21	weiter	0	ja	ſek en Gaeſtock köpen, de do te malen in Borgdörp bi en Stockfabrikanten
97	22	weiter	0	ja	Holtke an gladdeſten edreſſelt un lakirt werren. Hei heilt drumme ſtille
97	23	weiter	0	ja	un gung en Meſter umme en guen Dagſtock an; allene de Meſter meine,
97	24	weiter	0	ja	wer en guen Stock hebben wolle, de mößte ſek dene ſilben timmern, hei
97	25	weiter	0	ja	wolle aber der bi ſien, wenn Otte ſinen Goldeſſel in et Rad ſtellen dee.
97	26	weiter	0	ja	Dat namm Otte an, un et word en raren Witthaſſeln edreſſelt, de ganz
97	27	weiter	0	ja	ut Luſten kloppe, wenn et tau en Slaen gung. De Meſter biſach ſek
97	28	weiter	0	ja	den Stock, un as hei ene an ſiner Handhabe na ſiner Armforſche
97	29	weiter	0	ja	eprobet harre, da ſtok he ene in en Sack. Hei bund ene mit Baſte tau
97	30	weiter	0	ja	un beſprok ene „Stöckel, Stöckel blief in Sack, hier in diſſen Leben,
97	31	weiter	0	ja	Free unſch te geben; hett et aber ut en Sack, no denn wett te beben,
97	32	weiter	0		Holtke, Voggelke, Geben.“
97	33	leer	0		
97	34	absatz	4	ja	Otte bedanke ſek bi ſinen Meſtere un namm Afſchied. Blitz geren
97	35	weiter	0	ja	wärre hei mit ſinen Eſſel un ſinen Stocke ok e mal bi ſinen Veddern
97	36	weiter	0	ja	in Kerkenöe inekehrt, aberſt da lag noch Alles in deipen Globensdrome,
97	37	weiter	0	ja	un weilen ein Voe ober en andern kamm, dat hei na Howwe komen
97	38	weiter	0	ja	ſolle, leit hei ſine ſwarte Verwandſchaft in Rauhe, un reiſe ober de ole
97	39	weiter	0		Worth ſinen Könige tau.
98	1	kapitel	0		Vor en Kriee.
98	2	leer	0		
98	3	absatz	4	ja	Hier bi Howwe was nu ſer Ottes Mülderie un Dreſſeliee aller-
98	4	weiter	0	ja	hand Kribbelkerig vorekomen, un et was ene ganze Aeſige Unrath ut-
98	5	weiter	0	ja	teräumen. De ole König harre zwars all vel vorboten laten; hei harre
98	6	weiter	0	ja	dene von Warkö Gewarbefrieheit egeben, de Tollgrenze upehoben un
98	7	weiter	0	ja	en Münzverdrag emaket, ok harre hei ene Einigunge in Globensſachen
98	8	weiter	0	ja	inefähmelt, un was eben der bi, mit ſinen Frinnen ene Conventſchon
98	9	weiter	0	ja	interichten, up dat hei Alles einen wolle tau en Beſten ſines Lannes,
98	10	weiter	0	ja	in Globensſachen, Credit un Heerweſen; aber all ſin Afmeuen was
98	11	weiter	0	ja	ummeſüſſ; feuere hei hotte up er Frieſtrate, denn gung dat ſinen
98	12	weiter	0	ja	Veddern te wiet rechts, un denn leiten de Hü angahn, un de Wae heilt
98	13	weiter	0	ja	an, un de Pere bleben ſtahn; gaff hei na, un leit de Töggel links an-
98	14	weiter	0	ja	recken, denn harren ſek de Veddern wedder beſunnen un reipen: hotte,
98	15	weiter	0		hotte, hotte!
98	16	leer	0		
98	17	absatz	4	ja	Ane Moleſten geit dat, wenn Emmes wat utrichten will, ſcheier
98	18	weiter	0	ja	nein mal ganz af; aber ſaune Stemmerie was ok en olen guen König
98	19	weiter	0	ja	te vel. Hei word mißmäuig up ſine Veddern un Frindſchop, vornut, as
98	20	weiter	0	ja	ſine ole Möhme ehne umme Hülpe angung, un Nemmes mit ene te
98	21	weiter	0	ja	hope gahn wolle. Ditt ſtünd ſau: Den olen König ſine Möhme was
98	22	weiter	0	ja	te dem male, as Otte von ſiner Reiſe wedder na Howwe kamm, Widde-
98	23	weiter	0	ja	weſche, un harre ehren Söhnen un Döchtern all ehre Arfdeil un Midde-
98	24	weiter	0	ja	gaft egeben, man allene vor de beien jüngeſten Mäkens, da was dat
98	25	weiter	0	ja	Land- un Arfgut noch nich afelaten, de ſtunnen noch under Tucht un
98	26	weiter	0	ja	Vormundſchaft. Diſſe beien Mäkens nu, de Twillinge, un Wäſchen
98	27	weiter	0	ja	wärren von en olen König, de heilen helleſchen grote von't ander, un
98	28	weiter	0	ja	harren ſek all ganz freu dat Wort egeben, dat ſe ehre Lebedae nich
98	29	weiter	0	ja	von en ander laten wollen. Se wuſſen te hope up un harren ſek leiw,
98	30	weiter	0	ja	as en Paar Inzeparabels, un de ganze Minſchheid freue ſek ober de
98	31	weiter	0	ja	beien Deren, de in de Mäkensjahre keimen, un rieke, gladde Jungfern
98	32	weiter	0	ja	wärren. Ehre Vormund, obſchonſt hei all oldere, harre doch en lüſtern
98	33	weiter	0	ja	Oe up de beien Mündels, vorbat up ehre Middegaſt. Hei harre ſek
98	34	weiter	0	ja	drumme von ehrer Frindſchop verſpreken laten, dat ehne de, de ene an
98	35	weiter	0	ja	nächeſten ſtund, anetruet weren ſolle, un dachte all dran, dat de andere,
98	36	weiter	0	ja	weil des, dat ſe beie nich von en't ander laten wollen, denn ok bi ene
98	37	weiter	0	ja	intrecken mößte. Datau ſtimme na butten hen bi de Bäre, de Arpel
99	1	weiter	0	ja	un de rohen Apen, un bi innen en grot Part von lüttchen Patchakers
99	2	weiter	0	ja	von Bräuern, Sweſtern un Vaddern, ſau dat de Vormund ſek in Har-
99	3	weiter	0	ja	ten ſchonſt da up freue, dat hei nu balle de beien Inzeparabels bi ſek
99	4	weiter	0		infängen könne.
99	5	leer	0		
99	6	absatz	4	ja	De Frigat was inefähmt un in beſter Utſicht, denn en nächeſten
99	7	weiter	0	ja	ut der Frindſchop, den harre hei utekoft, un et konne Nemmes gegen de
99	8	weiter	0	ja	Hochtied Inſprake dauen, as alene man de ole König, ſin Brauer in
99	9	weiter	0	ja	Middag un de ole Mudders; de ole Mudders aberſt was malakſch un
99	10	weiter	0	ja	krank, un harre all ehre Gut all afegeben, de Brauer aber gönne den
99	11	weiter	0	ja	olen König nich, dat dei ober dat Fortkomen ſiner Wäſchen te erſt en
99	12	weiter	0	ja	Wort midde te ſeggen hebben ſolle, un de andere Frindſchaft meine, wat
99	13	weiter	0	ja	ein mal verſproken wärre, dat mößte ok eholen weren, un ſe härren
99	14	weiter	0	ja	blot en Recht der tau de beien Twillinge in Upſicht un Schutz te neh-
99	15	weiter	0	ja	men, dat ſe aberſt de Plicht härren, ok dat Verſpreken der beien Twil-
99	16	weiter	0	ja	linge te achten, dei ewig bi en ander blieben wollen, da harren ſe niſt
99	17	weiter	0	ja	ober, ſe tucken de Schuldern, un meinen en Wort von Kindern egeben,
99	18	weiter	0		härre niſt te bedüen, un oberhaupt wärre en Wort kein Dönderſlag.
99	19	leer	0		
99	20	absatz	4	ja	Sau was denn en grot Jammern un Wenen bien Mäkens, un en
99	21	weiter	0	ja	abſcheulig Hulen un Wehklaen bi er olen Mudders, de vor Sorge umme
99	22	weiter	0		ehre Kinner keine Nacht ſlapen konne.
99	23	leer	0		
99	24	absatz	4	ja	Der Frindſchaft was dat ok nich ganz recht um et Harte, aberſt ſe
99	25	weiter	0	ja	wage niſt un dee niſt, un de ole König, dei wol geren ehulpen härre,
99	26	weiter	0	ja	dene helt ſin Brauer et Wedderſpel; da ſtorf ganz unverſeihens de Vor-
99	27	weiter	0	ja	mund von en beien Twillingen, un nu meine ſin Nafolger, hei härre dat
99	28	weiter	0		grötteſte Recht, up er Stunds de Inzeparabels intefängen.
99	29	leer	0		
99	30	absatz	4	ja	As de Mäkens ditt hören, da werren ſe ſtrebe un wehren ſek,
99	31	weiter	0	ja	un weil ſe vel Anhang harren, ſau gaf dat groten Krawall. De Na-
99	32	weiter	0	ja	folger in er Vormundſchaft, dei word ok biſtrich un leit ſine grote Dogge
99	33	weiter	0	ja	los, un hiße de beien junken Sweſtern ober dat Geeſtland, bet an de
99	34	weiter	0	ja	Stidde, de von der Rennig nu Rennsborg het, un et was up en Haar,
99	35	weiter	0	ja	un de Dogge härre ſe fatet; aber en Wort, dat ſek fromme Herzen
99	36	weiter	0	ja	egeben, is en feſte Bollwark, dat kein Fiend breken kann, vel wenniger
99	37	weiter	0	ja	ſauen döniſchen Hund. De beien Sweſtern heilen ehre Wort, dat ſe bi
99	38	weiter	0	ja	en ander blieben wollen, wenn ſe ſek ok verwünſchen mößten. As nu
99	39	weiter	0	ja	de Dogge nächer kamm, un ſe nich mehr utwieken konnen, da hucken ſe
99	40	weiter	0	ja	beie in et Meer, un jedwede word ene Seerauſe. De Dogge renne na;
99	41	weiter	0	ja	aberſt umme de Rauſen ſlinge ſek ſau vel Tang, un et wuß ſau vel
100	1	weiter	0	ja	Schelk un Rohr up, dat dat böſe Deiert nich ran ſwimmen konne. Da
100	2	weiter	0	ja	hule dat Beiſt vor Wuth un ſette wedder an et Land un kleie vor In-
100	3	weiter	0	ja	grimm un Iwer grote Löker in en Bodden, un ſmatt grote Sandhupen
100	4	weiter	0	ja	up, as woll et de beien Rauſen te Lanne belagern, man dat Water was
100	5	weiter	0	ja	en Rauſen gut un ſpeule den Sand in de Deipe. De beien Rauſen-
100	6	weiter	0	ja	blaumen vor bi na, de Sandkuhlen un de Dämme aberſt, de de Dogge
100	7	weiter	0	ja	uppeſmetten harre, de bleben ok, un hetet drumme noch hütigen Daes
100	8	weiter	0		de dönſchen Warke.
100	9	leer	0		
100	10	absatz	4	ja	De ole Mudders von beien Twillingen harre ſek nu grulich; ſe
100	11	weiter	0	ja	wene bittere Thranen un gung noch mal en olen König an, dat hei
100	12	weiter	0	ja	doch endlich ſine beien Wäſchen erlöſen un von den grobben Beiſte frie
100	13	weiter	0	ja	maken ſolle. Ditt ſchach gerade, as Otte Veihwann mit ſiner Vaddern-
100	14	weiter	0	ja	gabe, ſinen Goldeſſel un ſinen Knippel in Sacke na Howwe kam. Maje-
100	15	weiter	0	ja	ſtäten, ſäe hei, de Mülderiee un de Dreſſeliee is nu vorbi, Alles te
100	16	weiter	0	ja	Majeſtäten beſten Deinſte. Latet de Bedreubeten un Nothlieenden nich
100	17	weiter	0	ja	mit leddiger Hand von jüg, juer Möhme Thranen gaht mek te Harten
100	18	weiter	0	ja	un jue un juer Söhne Wort is en beien Rauſen as Pand egeben, hül-
100	19	weiter	0		pet, Majeſtäten, jü ſind de Nächeſte der tau.
100	20	leer	0		
100	21	absatz	4	ja	Veihwann, ſprok de ole König, wie jü denket, ſau feule ok ek. Et
100	22	weiter	0	ja	is ene Schanne, dat ſek mine Wäſchen tau Seerauſen verwünſchen un
100	23	weiter	0	ja	ſek vor der Dogge verkrupen mött, temalen mine tappern Kriegeslüe ver-
100	24	weiter	0	ja	ſproken hätt, ſe wollen ſe hülpen. Nu wieſet, ob ſek jue Eſſel un jue
100	25	weiter	0	ja	Stock ok bewährt. Dat hat keine Noth, de willen ſek wohl maken, meine
100	26	weiter	0	ja	Veihwann, aber ek hebbe leſen: „Wutt Du oppern, ſau verſöhne Dek te vor
100	27	weiter	0	ja	mit Dinen Brauer“ un drumme wärre et gut, wenn jü juen Brauer
100	28	weiter	0	ja	middeneihmet, eier wie de Dogge mit en Stocke drauen; de Dogge is
100	29	weiter	0		gut Frind mit en Arpel, en Bären un en rohen Apen.
100	30	leer	0		
100	31	absatz	4	ja	No, wenn dat einmal ſcheihn mot, ſau mag et er umme ſien;
100	32	weiter	0		aber et ſwant mek, min Brauer hat Nücken, un ſin Adler hat twei Köppe.
100	33	leer	0		
100	34	absatz	4	ja	Otte gung nu hen an en Howw von en König ſinen Brauer
100	35	weiter	0	ja	un begüſeke ehne un föddere kleineke, dat de beien verwünſcheten
100	36	weiter	0	ja	Prinzeſſinnen ok ſine Wäſchen wärren un en Anrecht up de Hülpe von
100	37	weiter	0	ja	ehrer Mutter Brauer härren, dat dat ganze Land ſek da hellenſchen ober
100	38	weiter	0	ja	freuen wolle, wenn de beien Königsbräuer einen Strang trecken un de
100	39	weiter	0	ja	Twillinge erlöſen, dat ſe der nacher jeder na Wunſche de Mäkens under
100	40	weiter	0	ja	de Haube bringen künnen, un dat von nu an in de ole aneborene Frind-
100	41	weiter	0	ja	ſchaft — ſe wärren doch Bräuer — nein Hickhack, un Wedderſpel mehr
100	42	weiter	0		komen ſolle.
101	1	absatz	4	ja	Den olen König ſin Brauer höre dat geren un dachte bi ſek: Geit
101	2	weiter	0	ja	din Brauer allene de verwünſchten Prinzeſſinnen te erlöſen, denn kannſt
101	3	weiter	0	ja	Du dek dat Mul wiſchen un haſt dat Nakieken, geiſt Du midde un
101	4	weiter	0	ja	wahrſt en Bettchen Dinen Vorthel, ſau treckeſt Du de Fettfeddern un
101	5	weiter	0	ja	haſt dat Räumen dervon: din Brauer mag denn ſeihn, wie hei dek wed-
101	6	weiter	0		der los ward.
101	7	leer	0		
101	8	absatz	4	ja	Hei ſeggte de Hülpe tau un lehne den olen Könige ene Forke tau
101	9	weiter	0	ja	en Stecken. Alle Welt freue ſek ober de Indracht, un jedweder jubele,
101	10	weiter	0		dat nu de beien Seerauſen erlöſet weren ſollen.
101	11	leer	0		
101	12	kapitel	0		De Kriee.
101	13	leer	0		
101	14	absatz	4	ja	Nich lange drup, da keimen ſe te hope an der Stidde, wo ſek de
101	15	weiter	0	ja	beien Twillinge verwünſchet harren, un heilen Rath, wie ſe de Dogge
101	16	weiter	0	ja	ſtille maken un an en Bänd nehmen wollen. Dat was nu ſau licht-
101	17	weiter	0	ja	ferrig nich; denn an der Verwünſchungsſtidde, da harren ſek en Paar
101	18	weiter	0	ja	Veddern upeſtellt, de wollen nich wieken, aber ok nich midde anfaten;
101	19	weiter	0	ja	ſe heilen da up, et mößte Alles bi en Olen blieben, un ſtunnen ſau den
101	20	weiter	0	ja	beien Bräuern in en Wee. Da word de ole König verdreitern un wieſe
101	21	weiter	0	ja	ſine Veddern weg, un dat gaf en groten Hupen Groll un Verdruß, dene
101	22	weiter	0		de Afewieſeten midde na Huſe neihmen.
101	23	leer	0		
101	24	absatz	4	ja	Dat was de erſte Unfree. De tweite kamm dervon, dat de Lehns-
101	25	weiter	0	ja	forke, as de Königesſohn up en Sliee an et andere Euber make, de
101	26	weiter	0	ja	Milbe up er linken Halbe nich te rechter Tied dervon in Kenntniß ſette,
101	27	weiter	0	ja	dat de Milbe, weil de Forke glieks los ſtok, ſek nu nich in de Dogge
101	28	weiter	0	ja	infreten konne, un dat de Dogge nu dervon renne un Rietut namm. Da
101	29	weiter	0	ja	ober leiten nu de Muleſſels en abſcheulig Räumen dorch alle Welt
101	30	weiter	0	ja	lopen, un vertellen vel von der Forke ehren blanken Tacken; de Milbe
101	31	weiter	0	ja	aber verſpotten ſe, weil dei in et leddige Neſt der Dogge te ſpäde ko-
101	32	weiter	0		men was.
101	33	leer	0		
101	34	absatz	4	ja	Den olen König un Otte was ditt hellſchen ſchanierlich, de Dogge
101	35	weiter	0	ja	aberſt kamm glücklich dervon, un et duere nu ene ganze Wiele, bet ſe ſe
101	36	weiter	0	ja	ober et Water jeuen un ehr tauraupen konnen: „Tewe geiſt'e, wutt de
101	37	weiter	0		na Hus!“ —
101	38	leer	0		
101	39	absatz	4	ja	De beien Sweſtern worren indeſſen erlöſet, obſchonſt manche rohe
101	40	weiter	0	ja	Blautdruppe up ehre witte Winterkled follt, de wol härre konnt eſpar
101	41	weiter	0	ja	weren, wenn de Milbe te rechten Tied Naricht ekreen härre. Se keimen,
101	42	weiter	0	ja	weil ſe noch nich riepe wärren, wedder under Vormundſchaft, un weil
101	43	weiter	0	ja	e ſek dat Wort egeben harren, dat ſe ewig bi en ander blieben wollen,
102	1	weiter	0	ja	ſau word dat ſau inerichtet, dat jedweder Brauer eine Wäſche ter Up-
102	2	weiter	0		treckig kreig, dat ober beie teſamme ſe bevormunden.
102	3	leer	0		
102	4	absatz	4	ja	Dat was nu de dridde Anlat tau en Unfreen. Was de König
102	5	weiter	0	ja	ſtrenge, denn was ſin Brauer lüiſch, heilt de Eine up Ordnunge, denne
102	6	weiter	0	ja	vertrecke de Andere ſin Mäken, un de Mäkens ſilben wärren mit ehrer
102	7	weiter	0	ja	Vormundſchaft ok nich tefreen un feulen ſek nich behäbe. De Muleſſels
102	8	weiter	0	ja	geiben tau en heikeln Gerichte noch ehren Semp, un de von Rennsborg
102	9	weiter	0	ja	afewieſeten Veddern ſmatten da noch Pepper an. Da, as de Hickhack
102	10	weiter	0	ja	noch grötter word, da word de Lehnsforke terügge raupen, un alle lütt-
102	11	weiter	0	ja	chen Bären- un Löwentüchter keimen in er ſtolten Riekesſtadt wedder
102	12	weiter	0	ja	te hope un berahen ſek, un ſtimmen alle da in oberein, dat ſe den olen
102	13	weiter	0	ja	König wollen Executſchon ſchicken; in Stillen aber deilen ſe all ſin Land
102	14	weiter	0		un wollen ehne wedder tau en Marquis maken.
102	15	leer	0		
102	16	absatz	4	ja	As de König un Otte Veihwann ditt hören, da worren ſe unruhig
102	17	weiter	0	ja	in Gebläute, un Otte ſprok: De Verſammlunge hat kein Recht tien einen,
102	18	weiter	0	ja	de vor et Ganze ene andere Meinunge hat as de andern, Executſchon
102	19	weiter	0	ja	uteſpreken, un wenn de Verſammlunge von ehren Vornehmen nich aflätt
102	20	weiter	0	ja	un up Executſchon beſteiht, denn het dat Krieg, un wenn dat Krieg gift,
102	21	weiter	0		dene latet wie maſchiren.
102	22	leer	0		
102	23	absatz	4	ja	Ditt verdrot nu de Veddern in er Riekesſtadt uter maten, un ſe
102	24	weiter	0	ja	maken ene abſcheulige Weuleriee bi en Mach-Handel-Eſſels, bi en Mul-
102	25	weiter	0	ja	eſſels un bi en Deckhahnen un Kappelhahnen, de von Kerkenoe herober
102	26	weiter	0		komen wärren.
102	27	leer	0		
102	28	absatz	4	ja	Krieg können ſe gar nich bruken, meinen ſe, da tau härren ſe gar
102	29	weiter	0	ja	keine Tied. Se mößten wat verdeinen, denn dat Möhlengeſchäfte ginge
102	30	weiter	0	ja	ſlappe umme, un de Popiere ſtünnen ſlecht, un et wärre oberhaupt nich
102	31	weiter	0	ja	mehr paſſig mit Krieg te drauen. De Entele mößte ſek under de Mehr-
102	32	weiter	0	ja	heit begeben, ſeggten de Kappelhahne, un de Stärkere mößte chriſtlich
102	33	weiter	0	ja	terügge gahn, wenn da kein Brauermord, wie bi Kain un Abel, utkomen
102	34	weiter	0	ja	ſolle, un datau können ſei ehre Wort nich geben, un dat ganze Volk
102	35	weiter	0	ja	könne dat mit Gelle nich underſtützen, da tau härren ſe kein Geld, un
102	36	weiter	0		da tau wollen ſe ok nich bithalen.
102	37	leer	0		
102	38	absatz	4	ja	Saune Rede was nu Otte gar nich nehme un brochte ehne ganz
102	39	weiter	0		uter ſek. Hei gung drumme der mank un ſprok lue un verſtändlich.
102	40	leer	0		
102	41	absatz	4	ja	Dei frommen Lüe, dei hätt gut föddern un ehre lanken utwenig
102	42	weiter	0	ja	elehrten Litaneyen von chriſtlicher Duldunge un Nageben afteleyern, de
102	43	weiter	0	ja	holt ehre linke Backe nich hen, wenn ſe wat up de rechte krieet, de denket
103	1	weiter	0	ja	nich der an, ſek as gedullige Lämmer afſchlachten te laten, wenn ehre
103	2	weiter	0	ja	Brauer all dat Slachtemeſt ſcharpet. Wat is dat vor en Snack von
103	3	weiter	0	ja	Kain un Abel un Brauermord? — hätt wie nich Alles edahn, as wie uſen
103	4	weiter	0	ja	Brauer upfodern tau er Erlöſunge uſer verwünſcheten Prinzeſſinnen,
103	5	weiter	0	ja	de wie doch mit der Tauſtimmig von Allen nich under der Macht der
103	6	weiter	0	ja	Dogge laten konnen? — Hätt wie nich in aller Frindſchaft te hope
103	7	weiter	0	ja	de Vormundſchaft obernehmen, un nu krieet wie et mit heimlicher Weule-
103	8	weiter	0	ja	riee te dauen, mit Uprauer, mit drauen un mit Executſchon? Wie künnt
103	9	weiter	0	ja	et nich taugeben, dat uſe Mitbörgers in ehren Hüſern bedrauet un mit
103	10	weiter	0		Inquartirunge un Contributſchon belegt werd.
103	11	leer	0		
103	12	absatz	4	ja	Executſchon het Krieg, un Krieg koſtet Geld, dat is wiſſe, un wenn
103	13	weiter	0	ja	unſch nich gutwillig Geld egeben ward, denn nehmet wie et, wo
103	14	weiter	0	ja	wie et krieen könnt, un et is jue Schae, wenn jü unſch nich mit
103	15	weiter	0	ja	vullen Hännen entien komet; denn geiht et unſch ſlechte, denn geiht et
103	16	weiter	0	ja	jüg ſchon lange nich gut, werd wie eſtrafet, denn werd jü eſlan, geiht
103	17	weiter	0	ja	et unſch an Kragen, denn geiht et jüg an't Leben. Drumme kein Fedder-
103	18	weiter	0	ja	leſen mehr, gebet Geld! Et is nu einmal nich anders, Executſchon het
103	19	weiter	0		Krieg, un Krieg is kein Brauerſtückſchen.
103	20	leer	0		
103	21	absatz	4	ja	De Eſſels keken ſek en ander an un maken lanke Ohren, un as
103	22	weiter	0	ja	nu Nemmes dat Wort namm, da nicken ſe alle mit en Koppe, un de
103	23	weiter	0	ja	Muleſſels neihmen ſek up un ſchreben in allen Blädern, et wärre
103	24	weiter	0	ja	Swäche un Malatſchigkeit, wenn einer da noch wat der gegen ſeggen
103	25	weiter	0	ja	wolle, wat Veihwann ſau glippe un klar utenanner eſett härre, un wie
103	26	weiter	0	ja	wol ſe erſt etwiewelt un ganz anders edacht harren, ſau meinen ſe nu,
103	27	weiter	0	ja	dat et an er Tied wärre Patriotismus te wieſen, un et word en grot
103	28	weiter	0	ja	Kriegesjubel, et gaff keine findlichen Bräuer mehr, et wärren er man
103	29	weiter	0	ja	blot noch Slowaken un Muſefallenkerels, un alle leiten nu Gold fallen
103	30	weiter	0		un maken de Kriegslae vull.
103	31	leer	0		
103	32	absatz	4	ja	Nademe, dat Otte diſſe Rede daen, un ſek de Stimmunge rummer-
103	33	weiter	0	ja	eſmetten harre, da gung hei na ſinen König. Majeſtäten! jue Frindſchop
103	34	weiter	0	ja	meint dat nich ehrlich, ſäe hei, ſe hätt en groten Rath afeholen, un de
103	35	weiter	0	ja	Executſchon is vor der Dör. Ek hebbe mine Lampe aneſtoken un min
103	36	weiter	0	ja	Speil wieſet mek Krieg. Teuben is nich un et is beter ſlaen as Släe
103	37	weiter	0	ja	krieen. Ek rahe drumme, dat Majeſtäten dat Wort der tau gebet, dat
103	38	weiter	0	ja	ek minen Knüppel ut en Sacke late. Wat? ſeggte de König, Veihwann
103	39	weiter	0	ja	meinet jü vorwahr, dat min Brauer un mine Frindſchop mek mit Krieg
103	40	weiter	0	ja	obertrecken können! — Dat kann nich miglich ſien, ſe ſind immer ſau
104	1	weiter	0	ja	frindlich tien mek eweſt, un wat härren ſei un ek er von, dat wie unſch
104	2	weiter	0	ja	bläuige Köppe halen; ek möchte nich de erſte ſien, de Blaut verſpritchen
104	3	weiter	0	ja	dee, Blaut is en raren Saft, un Blaut pläcket, un de Pläcken gaht
104	4	weiter	0	ja	nich lichte ut; is dat aber ſau, as jü vermauet, ſau mött wie unſch
104	5	weiter	0	ja	ſichern, un drumme willen wie de Mannſchop up en Krüzewee laten;
104	6	weiter	0	ja	denn de wille Jagd meiet en Drieweg; oder ſe geiht der hinder dorch,
104	7	weiter	0		meine Veihwann, un drumme, dat rah ek, latet maſchiren.
104	8	leer	0		
104	9	kapitel	0		De Krieg.
104	10	leer	0		
104	11	absatz	4	ja	De ole König ſchuppere ſek noch un gaf dat Commando de Wee
104	12	weiter	0	ja	te beſetten! aberſt de Voen, de de Naricht henbringen ſollen, wärren
104	13	weiter	0	ja	lahm elegt, de Blitzpere harren de Iſen verloren, un ſau kam dat, dat
104	14	weiter	0	ja	Veihwann ſin Wille dorcheſett word; denn ſin Updrag konne nich afbe-
104	15	weiter	0	ja	ſtellt weren. De Knüppel word elöſet, un de Goldeſſel obergaff ſek un
104	16	weiter	0	ja	leit fallen, as härre hei wat inekreen, un dat Laken Deckedek gaff
104	17	weiter	0	ja	Spieſe un Drank. Et bullern de Waens dorch dat wiee Land un de
104	18	weiter	0	ja	Erdbodden dröne von Hauwiſen der Pere, de Straten bebbern von en
104	19	weiter	0	ja	Marſchtritte der Mannſchop, oberall blitze't un dändere't, un de Barge
104	20	weiter	0	ja	zittern von'en Hurrahraupen der Kriegeslüe; de ole König hänge ſine graue
104	21	weiter	0	ja	Mäntele ober un ſette ſinen Helm up, hei beſteig ſine ole Stute
104	22	weiter	0	ja	„Sadoben“ un trecke ſinen Degen. Da werbele et in er Lucht as von
104	23	weiter	0	ja	Snieplocken ut Blie- un Iſenſpäunen, un in en leiwen Weder, dat ober
104	24	weiter	0	ja	en Böhmer Wold hentrecke un dalleit, as de Königsſohne mit ſinen
104	25	weiter	0	ja	Lehmops hinder en Bargen herkamm, da worren de Fiende beringet un
104	26	weiter	0	ja	verbiſtert. Et word ene grote Slacht eſlaen, de tau en ewigen Ange-
104	27	weiter	0		denken von en frommen olen Könige Königes Dank enennt word.
104	28	leer	0		
104	29	absatz	4	ja	Alles gung glücklich af, un as nu ok en König ſin Voggel dat
104	30	weiter	0	ja	lüttche Rowveih un de Löwen verjahet harre, da make hei Free te
104	31	weiter	0	ja	Siegborg un wolle Alles biholen, wat ſine praven Zaldaten innenohmen
104	32	weiter	0	ja	harren. Hei was vuller Siegesluſt, aber Otte höre en Bären brummen
104	33	weiter	0	ja	un de rohen Apen krieſchen, un harre enaug te dauen, de ſtille te krieen.
104	34	weiter	0	ja	Wie dat ſchach, dat is Nemmes wies eworren; aberſt man kann ſek dat
104	35	weiter	0	ja	all denken; dem Bären word wiſſe Honnig an en Bart eſmert, un de
104	36	weiter	0	ja	rohen Apen worren de Appels un de Druben ewieſet, manſt nich tau
104	37	weiter	0	ja	en Anbieten, nee, man blot tau en Beſeihn, wat Otte „Lat dek du
104	38	weiter	0	ja	narren“ heit; mit den frommen Deckhahnens aber kamm en oberein,
104	39	weiter	0	ja	dat alltevel Segen en Minſchen nich gut wärre, un dat ene Wanne
104	40	weiter	0	ja	ſien mößte tüſchen Mein un Dein. Dat word denn ok na velen
105	1	weiter	0	ja	Hen un Herterjen te Enne brocht dorch Anectiren, Cediren un Uplaten,
105	2	weiter	0	ja	un as dat Alle ſcheihn was, da gung Otte under en Mach-handel-bom
105	3	weiter	0	ja	up er olen Worth un fund under ehne en gelen Appel von Geres
105	4	weiter	0	ja	Gurte, de was riepe un hei namm ene up, un brochte ene ſinen olen
105	5	weiter	0	ja	König, un ſprok: de is riepe un de andere mott ok balle affallen, aber
105	6	weiter	0	ja	ek kann ene noch nich riepe te ſeihn krieen, ſchüddele nich te freu, Fall-
105	7	weiter	0	ja	obet kriegt lichte Pläcken un fult, de Tied riepet Alles, un de tweite
105	8	weiter	0		Appel ward jüg ok in en Schot fallen.
105	9	leer	0		
105	10	absatz	4	ja	De ole König, wie wol hei ſchonſt Anbietſchon harre, was nich
105	11	weiter	0	ja	rachgierig, hei gaff na, un et word wedder Rauhe, manſt en grot
105	12	weiter	0	ja	Hupe Niedhammels un de rohen Apen konnen dat nich oberwinnen, dat
105	13	weiter	0	ja	de ole König ſek na ſinen Strapazen in en warmen Bae utrauhen
105	14	weiter	0	ja	wolle, da meinen ſe, et wärre de beſte Tied der tau, in ſine Wienbarge
105	15	weiter	0		un Appelgarens intefallen.
105	16	leer	0		
105	17	absatz	4	ja	Se fängen, weil des, dat dat under en wiſſen Schiene von Recht
105	18	weiter	0	ja	ſcheihn ſolle, de Nergelie mit en Schienkope von ener lüttchen Garen-
105	19	weiter	0	ja	ecke an, de, weil ſe ſe nich afluchſen konnen, von da an Luxenborg
105	20	weiter	0	ja	enämſet word, un ſau vel Kummer un Kribbelkerig make, vornut, weil
105	21	weiter	0	ja	ut en Kope Niſt word; aber ſe leiten nich na. En Salbader, den ſe
105	22	weiter	0	ja	den olen König tauſchicken deen, de harre in Bae bi en König en un-
105	23	weiter	0	ja	ſeerſchen Plack anedropen, de en olen König lichte in Ragie brochte,
105	24	weiter	0	ja	wenn en dene anröhen dath. Dütt was ene Liekdöre von hohen't
105	25	weiter	0	ja	Oldern her, de en olen Könige juſtemente boben en Harten ſatt un von
105	26	weiter	0	ja	der de Wörteln bet in en Kopp trecken. Diſſe drei Wörteln wärren:
105	27	weiter	0	ja	Stolt up de Apartigkeit, Stolt up de Fomilig un Stolt up dat ganze
105	28	weiter	0		dütſche Land.
105	29	leer	0		
105	30	absatz	4	ja	Na en Updrae von en groten Könige der rohen Apen nu, make
105	31	weiter	0		ſek de Bader ran un ſolle die Liekdöre operiren.
105	32	leer	0		
105	33	absatz	4	ja	De ole König ſegte, lat dat gut ſien, dat ſitt mek an Harten; de
105	34	weiter	0	ja	Bader aber meine, de Wörteln ſauner Liekdöre, de mößten ut en
105	35	weiter	0		Grunne nohmen weren, un hei beitze drober hen. —
105	36	leer	0		
105	37	absatz	4	ja	Da reip de König: dat brennt! aber et mag hen gahn, de Rof
105	38	weiter	0	ja	ſtött ſek balle wedder af. De Bader griene, un wieſe ſien Meſt tau en
105	39	weiter	0	ja	Utſnieen von den ineſieketen Kreienoe, dat in der Fomilig arflich was.
105	40	weiter	0	ja	Da ſprok de König: dat ſchient mek, as wärre et nich anteſeihn un
105	41	weiter	0	ja	afteholen, denn dat geiht in de Glieder, doch ek will min Möglichſtes
105	42	weiter	0		dauen, dat ek de Glieder ſtille hole.
106	1	absatz	4	ja	Da lache de Bader vor Luſt ut vullen Liebe, hei fate ene Moppſe
106	2	weiter	0		un wolle den König brandteiken un binnen.
106	3	leer	0		
106	4	absatz	4	ja	Dat was te vel, da teratt de König de Bänne un ſchriee lue
106	5	weiter	0	ja	up vor Entrüſtunge un Weihdae: „Ek ſolle mine Näſe beſchimpen un
106	6	weiter	0	ja	mine Fomilig beſmeren? ek ſolle mek un min ganze Volk bekläckern un
106	7	weiter	0	ja	up ewige Tied verſpotten laten? — Wat nich geiht, geiht nich. De
106	8	weiter	0	ja	ewige Richter ſall en Sticken ober unſch breken, aberſt frie willt wie
106	9	weiter	0		blieben bet in en Dot vor witt, ſwart un roth.“
106	10	leer	0		
106	11	absatz	4	ja	Nu wedderhalle un dorchdröne dat dat ganze Land, un all Volk
106	12	weiter	0	ja	word vull Iwer un Groll up de rohen Apen von wegen der quaten
106	13	weiter	0	ja	Behandlunge ſines leiwen grieſen Königes. De rohen Apen erklären
106	14	weiter	0	ja	en Krieg un ſochten Biſtand bi den niedhämlichen Veddern un Wäſchen
106	15	weiter	0	ja	un bi allen Untefreenen, de do te malen immer noch in heimlicher Find-
106	16	weiter	0	ja	ſchaft leben ober den Verdrag von Siegborg, ober de Anecſchonen un
106	17	weiter	0	ja	ober den Striet in Sachen det Globens, det Gewarbes un der Stüern.
106	18	weiter	0	ja	Man de Groll up de rohen Apen was noch grötter, as de Unfreen in
106	19	weiter	0	ja	Lanne. De Veddern un Wäſchen, wie wol et ſe nich ganz midde was,
106	20	weiter	0	ja	gungen mit en olen König, un jedweder fate na en Degen un ſtelle ſek
106	21	weiter	0	ja	under dat Gewehr. Otte Veihwann knütte ſinen Sack wedder up, un
106	22	weiter	0	ja	de Knüppel word los. De Goldeſſel make von ſilben Kladderadatſch
106	23	weiter	0	ja	un Snedderain—tain—tain, dat et de Art harre, un ober alle Iſen-
106	24	weiter	0	ja	bahnen breie ſek dat Veihwannſche Diſchdauk ut mit allerhand Leiwes-
106	25	weiter	0	ja	gaben von Stullen, Koffee un Toback, un nein Minſche harre Noth,
106	26	weiter	0		un et word vel verthert un noch vel mehr edrunken.
106	27	leer	0		
106	28	absatz	4	ja	Da maken ſek de rohen Apen, de neinen Biſtand funnen, Boll-
106	29	weiter	0	ja	warke, as de Multwörme un verkropen ſek in er Ere, aber en König
106	30	weiter	0	ja	ſine Lüe puſten ſe wat in de Löckere un dämpen ſe ut. De in et Frie
106	31	weiter	0	ja	keimen, de ketteln ſe in, un ſe fängen ehren Apenkönig un beringen ehre
106	32	weiter	0	ja	grote Apendörp, de aber butten leien, de ſmatten ſe in de Barge, dat
106	33	weiter	0		ehre Nabers lange der an te futtern harren.
106	34	leer	0		
106	35	absatz	4	ja	Sau was denn nu de Apenkrieg ok vorbi un et word wedder Free.
106	36	weiter	0	ja	De Stimmunge ändere ſek, un dei den olen Könige an mehrſten te
106	37	weiter	0	ja	weddern eweſt wärren, de ſtellen nu en Andrag, dat de König ſolle
106	38	weiter	0	ja	Kaiſer weren. De ganze Frindſchop ſo wol, as de biſtrigen Veddern
106	39	weiter	0		reipen lue:
106	40	leer	0		
106	41	vers	8		Hoch en Kaiſer!
106	42	leer	0		
106	43	weiter	0	ja	un dat ganze Volk mit ſamt de Eſſelsmöhle ſtimme midde in, un ſe
107	1	weiter	0	ja	harren nu wat ſe all lange ohne Meue un Blautlaten dorch Einigkeit
107	2	weiter	0		härren krieen konnt.
107	3	leer	0		
107	4	absatz	4	ja	De Kaiſer make Otte tau en Förſten, un Alle keimen heme un
107	5	weiter	0	ja	fieern Feſte un heilen Hochtied; Otte aber gung wedder under en
107	6	weiter	0	ja	Mach-handel-bom up er olen Worth, un fund den tweiten Appel, de
107	7	weiter	0	ja	derwilen riepe worren un afefallen was, un brochte ene ſinen frommen
107	8	weiter	0		olen Kaiſer tau en ewigen Angedenken.
107	9	leer	0		
107	10	absatz	4	ja	De beien Appels, de an Geres Liewgurte ſeten harren, wärren
107	11	weiter	0	ja	nu wedder bi en ander, aber de eine was up ſiner Sunnenhalbe pläckig,
107	12	weiter	0	ja	weil des, dat Keiner, as dat Kaiſerhoch dorch dat Land döndere, ene
107	13	weiter	0	ja	mit Vorſicht upefänget harre, un et ward nu wol noch manch ein
107	14	weiter	0	ja	Sommer un Winter der ober hengahn, ehr de Pläcke dof un tuff werd.
107	15	weiter	0	ja	Otte un de ole König harren ehre Plicht edahn, un de Swansfeddern
107	16	weiter	0	ja	harren ſe der tau ebrocht. De Vöſſe, de Miäntchen un de Spinne
107	17	weiter	0	ja	harren dat Spor ewieſet, un de junken Dannen mit ehrer Handreckig
107	18	weiter	0	ja	un ehren Upſcheiten na en Sunnenlichte, un de flietigen Immen mit
107	19	weiter	0	ja	ehren Honnigdronen harren tau en Streben na den hogen Tele upefodert;
107	20	weiter	0		dat Graumänneken aber harre Alles tehopefatet in:
107	21	leer	0		
107	22	vers	8		„Ehre de Meinheit un wahre de Apartigkeit.“
107	23	leer	0		
107	24	absatz	4	ja	Seer des, dat ditt Wort gänge un gebe, von Otte un en olen
107	25	weiter	0	ja	grieſen Könige befolget word, kamm nu de Frieheit vor en Enteln, vor
107	26	weiter	0	ja	de Fomilig, vor en Stamm un vor dat ganze Volk, aber de Spauk
107	27	weiter	0	ja	von Vorrecht un Verdeinſt ſpeuket noch in velen Köppen na, un dat
107	28	weiter	0	ja	kann ok nich anders komen, denn de Olen ſtarbet ut, un de Junken
107	29	weiter	0	ja	werd nich klauk vor Jahren. De von Warkoe gebet immer noch vel up
107	30	weiter	0	ja	Gut un Geld, de von Borgoe up Ehre un Inſtructſchon, un de von
107	31	weiter	0	ja	Kerkenoe, wie wol ſe all ofte ehren Rock ewendt hätt, bliebet noch immer
107	32	weiter	0	ja	bi en Baukſtaben ſtahn, un baukſtabiret na oler Wieſe fort, d—a—t—,
107	33	weiter	0	ja	dat moßt du globen. Dat Laken Deckedek gift noch alle Dae Spieſe
107	34	weiter	0	ja	un Drank, man mott et man richtig uttebreien verſtahn, un ut en Speil
107	35	weiter	0	ja	kann en noch jeder Tied dat Weder vorherſeggen, wenn en de Lampe
107	36	weiter	0	ja	anteſteken verſteiht, wie uſe Wederprophete Docter Flunkerfaut. De
107	37	weiter	0	ja	Knüppel in Sacke is niet lakirt wedder ineſtoken, un ek will et Keinen
107	38	weiter	0	ja	rahen, ehne wedder rut telaten, denn denne gift et en Unglücke. De
107	39	weiter	0	ja	Goldeſſel is zwars, weilen hei te vel laxirt hat, under einen groten
107	40	weiter	0	ja	Krach tehopeſchoten; aber bi alle deme ſchient hei ſek, wie ſelige Docter
108	1	weiter	0	ja	Geſerig ſeggt, wedder te verhalen; denn de Swansfeddern ſind gut
108	2	weiter	0	ja	upehoben, un de Globe an de Swansjungfer Gere loppet immer noch
108	3	weiter	0	ja	dorch dat dütſche Land. Zwars hat ſe Nemmes eſeihn, aber as Victoria
108	4	weiter	0	ja	is ſe oberall uperichtet mit engen Gurte un gladder Boſt. Epluſtert is
108	5	weiter	0	ja	ſe noch hütigen Daes, et fehlt ehr immer noch ein Paar Feddern in
108	6	weiter	0	ja	ehren Fittigen; wenn aber ein mal Ein kummet, de den Gurt te löſen
108	7	weiter	0	ja	verſteiht, denn ſind ſek ok dei Feddern wedder, un denn kummet Gere
108	8	weiter	0	ja	unſch ganz terügge, un dat Mal as gladde, junke Frue. Ehre Boſt
108	9	weiter	0	ja	ward denn rund, ehre Gurt deit ſek ut enander, un ſe word denne All-
108	10	weiter	0	ja	Lannes-Mutter. Manſt da ward wol noch en bettchen Tied ober hen-
108	11	weiter	0	ja	gahn, un da ward noch manch Wunder ſcheihn mötten, denn wie ſind
108	12	weiter	0		itzund knappe bi en dridden Wunder anekomen.
108	13	leer	0		
108	14	kapitel	0		De Wunder un de Peiter-Fiſcherſche.
108	15	leer	0		
108	16	absatz	4	ja	Dat erſte Wunder, wat wie bi lebet hät, dat was en Rock ohne
108	17	weiter	0	ja	Nath. Wie en Rock ohne Nath emaket weren kann, dat is all wunder-
108	18	weiter	0	ja	lich enaug, aberſt noch vel wunderbarer was et, dat ene lahme Fiſcherſche
108	19	weiter	0	ja	bi ſinen Anſeihn wedder beinig un dänzerig word. Dat tweite Wunder
108	20	weiter	0	ja	was de Upnahme ohne Pläcke, ſau ne Art Parthenogenie, wor de
108	21	weiter	0	ja	Wibekens keine Chapeaus mehr nödig hätt, un de Bottervöggels ganz
108	22	weiter	0	ja	allene utfleiht; dat dridde Wunder aber, un da ſin wie noch inne, dat
108	23	weiter	0	ja	kam da uppe rut, dat Peiter Fiſchers ſine Frue den Pantuffel ſau hoch
108	24	weiter	0	ja	behre, dat ſe ohne Fehl den Nägel immer up en Kopp drepen moßte.
108	25	weiter	0	ja	Wie dat kamm? dat kamm ſau. De ole Peiter-Fiſcher harre eines
108	26	weiter	0	ja	Daes en Manntche fänget un ſiner Fruen vertellt, dat de Butt in de
108	27	weiter	0	ja	See harre ſpreken konnt. De Frue harre ene denn lange extert, dat
108	28	weiter	0	ja	hei dorch ſin Bidden un Beddeln et bi en Manntche dahen brochte, dat
108	29	weiter	0	ja	ſine Frue de üpperſte in der Chriſtenheit word. Dat was nu all wol
108	30	weiter	0	ja	vel, un ſe härre da ſchonſt enaug anne hebben konnt, aber ene ole
108	31	weiter	0	ja	Mudders kann vorwahr nich te vel krieen, vorbat, wenn et ehre Kinder
108	32	weiter	0	ja	bedrippet. As ſe nu det Morgens ut ehren ſwaren Sorgendrome up-
108	33	weiter	0	ja	wake, weil des, dat noch vele von ehren Krabaten as Heiden upwuſſen
108	34	weiter	0	ja	un andere oberklauke Kinders von ehrer Memme niſt wetten wollen, da
108	35	weiter	0	ja	meine ſe, wenn du doch wärreſt, as de leiwe Gott. Et was grade in
108	36	weiter	0	ja	er Morgenſchämmerig, un ſe keik dorch et Fenſter, as Mand un Sunne
108	37	weiter	0	ja	te lieker Tied an Hewen ſtunnen, un ehre glaume Lucht ober de Betts-
109	1	weiter	0	ja	büre utgoten; da meine ſe, Joſua hat doch na ſinen Willen Mand un
109	2	weiter	0	ja	Sunne tau en Stillſtanne brocht, worumme ſolle ek dat nich ok künnen?
109	3	weiter	0	ja	Se gaff mit en Ellebogen ehren olen Peiter Einen in de Ribben. Peiter,
109	4	weiter	0	ja	wat ſleppeſt du un läſt dine Frue ſek in Kummer afmeuen? — De
109	5	weiter	0	ja	Sunne ſteit all hoch an Hewen, un de Mand kruppet balle under, ſtah
109	6	weiter	0	ja	fluchs up un gah flink na en Manntche, un bidde ne, dat hei mek ohne
109	7	weiter	0	ja	Fehl maken, un ober Sunne, Mand un Sterne, un ober de ganze Welt
109	8	weiter	0		ſetten ſolle.
109	9	leer	0		
109	10	absatz	4	ja	Wat wolle Peiter-Fiſcher maken? — Sine beſte Halbe harre dat
109	11	weiter	0	ja	ſau ewollt, ſine Ribben deehn ehne weih, tau ener Freupreddig mit
109	12	weiter	0	ja	heikeln Wören ſpöre hei kein Verlangen mehr, hei heilt ſek vor en fried-
109	13	weiter	0	ja	ſam, ſimpeln Mann, dei ſiner Fruen nich geren wat in en Weg legte
109	14	weiter	0	ja	un ſau gung hei denn, wie wol et ehne nich grade na Koppe was. Hei
109	15	weiter	0	ja	hucke fluchs in de Buxen un leip ilig; denn hei höre hinder ſek dorch
109	16	weiter	0		bi innen ſine Frue ſchillen un ſchraulen.
109	17	leer	0		
109	18	absatz	4	ja	Hei kamm an't Water un ſmatt ſine Angel un reip na en Manntche.
109	19	weiter	0	ja	De Manntche tocke allwol, aber hei batt nich, hei ſpele mit en Worm,
109	20	weiter	0	ja	et was kein Weder in Antoge, un en Butt hat ſine Tied, wo hei bitt,
109	21	weiter	0		un wo hei nich bitt.
109	22	leer	0		
109	23	absatz	4	ja	Sau kamm et denn, dat Peiter-Fiſcher en ganzen Dag verangele
109	24	weiter	0	ja	un Niſt utrichte; ſine Frue aberſt dachte, anzant de Mann angeln gung,
109	25	weiter	0	ja	wat liehſt du hier noch in dinen Sorgenbedde? — hätt de Weltlichen
109	26	weiter	0	ja	all ſau vel ewunnen, wat wolleſt du nich bi dinen Geiſtlichen utrichten?
109	27	weiter	0	ja	de Manntche is en gut Mann, un Peiter gilt vel bi en Manntche. Se
109	28	weiter	0	ja	ſprung haſtig up un ſchref vele Breiwe un Rundſchriebens, dat ſe von
109	29	weiter	0	ja	Stunne an unfehlbar wärre, un dat er de ganze Chriſtenheit horſam
109	30	weiter	0		ſien mößte.
109	31	leer	0		
109	32	absatz	4	ja	Dat make vor't Erſte en grulig Upſeihn, un de Groten up ehren
109	33	weiter	0	ja	Schüddelſtäulen kreen dat Bebbern in de Knoken; denn ſe wußten, dat
109	34	weiter	0	ja	Peiter-Fiſcher dat Angeln verſtund, un dat et nu de Groten ok emal
109	35	weiter	0	ja	drepen konne. Silbeſt den olen guen Kaiſer word nich gut te Sinne,
109	36	weiter	0	ja	denn wat was da te maken, wenn de Breiwe von Peiter-Fiſcher ſiner
109	37	weiter	0	ja	Fruen gillen deen? — Mit en Regimente was et denn ute, vornut, as
109	38	weiter	0	ja	de Deckhahnen un Kappelhahnen in Lanne rummerherleipen un en Lüen
109	39	weiter	0	ja	vertellen, dat de Breiwe von Himmel efallen wärren. Sien Wort gult
109	40	weiter	0		denn nich mehr, un et gult denn ok kein Eid un Fahnenſweren.
110	1	absatz	4	ja	De ole Kaiſer leit drumme Veihwann komen, un Otte ſtok ſine
110	2	weiter	0	ja	Lampe an un keik in en Speil; aber de Speil wieſe niſt, as en grot
110	3	weiter	0		gladde Glas, up deme ſek de Lucht un de blaugraue Hewen ſpeile.
110	4	leer	0		
110	5	absatz	4	ja	Majeſtäten, dat is ile Spauk un Wind mit den Breiwen, ek ſeihe
110	6	weiter	0	ja	niſt un höre niſt, nich e mal en Hahnenkrieſch lätt ſek vernehmen, dei
110	7	weiter	0	ja	up en nien Dag henwieſe. Wind mag dat allwol ſien, ſäe de Kaiſer;
110	8	weiter	0	ja	aber Wind maket Rumor un ek will Rauhe hebben, Veihwann, jü mött
110	9	weiter	0	ja	wedder en Spore nagahn un ſeihn, wor de Wind herkummet un wo
110	10	weiter	0		he henweihet.
110	11	leer	0		
110	12	absatz	4	ja	Dat is ſwar ſpören, Lucht lätt keine Tappen, un ek ſin kein
110	13	weiter	0	ja	Voggel, de en Idealen naflicht, ek hole mek an't Reale. Latet unſch
110	14	weiter	0	ja	en Tun oder ene Sparre maken, denn fänget ſek wol de Wind, un wie
110	15	weiter	0	ja	komet denn under Wind un künnt uſe Mäntele dreihn, je nademe, dat
110	16	weiter	0		ſek de Wind rümmerſchmitt.
110	17	leer	0		
110	18	absatz	4	ja	Obſchonſt nu de grieſe Kaiſer, as en frommen Zoldaten, nich vel
110	19	weiter	0	ja	da up heilt, de Mäntele na en Winne te dreihn, ſau gaff hei doch na,
110	20	weiter	0		un de Sparre word na er Opportunität inerichtet.
110	21	leer	0		
110	22	absatz	4	ja	Der olen Peiter-Fiſchers Fruen Windmülderiee gung von nu an
110	23	weiter	0	ja	knapper umme, un ehre Deckhahnen un Kappelhahnen worren leeg, denn
110	24	weiter	0	ja	de Sparre ſparre de Feuerig af, un ſe harre minne an dat theinte
110	25	weiter	0	ja	Koren antebieten. Mit Peiter-Fiſcher ſienen Peiter-Pennigen word dat
110	26	weiter	0	ja	ok na gerae immer wenniger, un der Peiter-Fiſcherſchen ehre Hushällig
110	27	weiter	0	ja	kamm immer mehr in Verfall, vornut, as ſe ſek nu wenniger mit er
110	28	weiter	0	ja	Melkeriee afgaff un ſek mehr up de Bilderiee un dat hillige Blautfleiten
110	29	weiter	0	ja	legte. De hilligen Jungfern blödden von nu an ut ſebben Löckern, un
110	30	weiter	0	ja	de hillige Mudders ſtund up en Kerkenfenſtern, up en Bömen un boben
110	31	weiter	0	ja	en hilligen Lurtchenſpringe, aberſt bi allen groten Wunder, dat da was,
110	32	weiter	0	ja	kamm doch dat Wunder, dat Peiter-Fiſchers Frue nich mehr fehlen
110	33	weiter	0	ja	konne, as uſe leiwe Herr Gott nich te Stanne un ehre Hus verſchrumpe
110	34	weiter	0	ja	wedder tau e ner lüttchen Fiſcherköthe. Dat was ſlimm un brochte bi
110	35	weiter	0	ja	ehren Kinnern en grot Jammern un Weihklaen te Wee, dat nu in
110	36	weiter	0	ja	heimlichen Groll un Untefreenheit utarte vornut, as Otte von en Kaiſer
110	37	weiter	0		ſinen Jagdfalken lehne un up Beitzen gung.
110	38	leer	0		
110	39	absatz	4	ja	De Falke flog ter Höchte, un Otte renne na. Ober Kerkenoe
110	40	weiter	0	ja	ravire de Falke in groten Bogen un heilt ſek boben e ner lüttchen
110	41	weiter	0	ja	Hütte am Euber, un ſtund un wibbere mit ſinen Fittchen. Otte höre
110	42	weiter	0	ja	en ſwar Anken un Wimmern, as wenn e ne ole Frue in en Leſten
111	1	weiter	0	ja	liet. Hei wolle in de Hütte, aber umme de Köthe was en Slohn,
111	2	weiter	0	ja	dene hei ſilben plantet harre, un ober den hei nu nich weg komen konne.
111	3	weiter	0	ja	De Dören wörren rund umme ene hocheſchoten, un tau en Slotte, dat
111	4	weiter	0	ja	vor de Dör von der lüttchen Köthe hänget was, da harre hei keinen
111	5	weiter	0	ja	Slöttel. Nu wenke Otte den Falken af un de Falke make wedder en
111	6	weiter	0	ja	groten Bogen un ſtund boben ener groten Bucht an er See, wo Peiter-
111	7	weiter	0	ja	Fiſcher up ſine Angel keik. He! reip Otte, Peiter, wat fiſchſt du da
111	8	weiter	0	ja	un verangelſt dine Tied? diene Frue liet in en Leſten, lop un ſlut mek
111	9	weiter	0		de Köthe up.
111	10	leer	0		
111	11	absatz	4	ja	Wat? — mine Frue in en Leſten un in ener lüttchen Köthe? ek
111	12	weiter	0	ja	hebbe ſe ja in en groten Slotte laten un hope, dat dat Slott tau en
111	13	weiter	0	ja	groten Weltendome ward, un dat mine Frue unfehlbar ſien ſall; manſt
111	14	weiter	0	ja	de Manntche hat noch nich ebetten un eſproken. Dat mag ſien, ſäe
111	15	weiter	0	ja	hei, aberſt upſtund anket ſe, un ek globe, dat geiht an't Starben,
111	16	weiter	0		wenn wie nich balle hülpet.
111	17	leer	0		
111	18	absatz	4	ja	Otte un Peiter-Fiſcher leipen nu immer umme dat lüttche Hüſeken
111	19	weiter	0	ja	rum, einer achter en andern dor. Otte ſach ene verfallene Köthe, un
111	20	weiter	0	ja	Peiter-Fiſcher ſach en grot allmächtig Slott; aber beie harren keinen
111	21	weiter	0	ja	Slöttel der tau. Otte, dei ſüß lichte ober Alles weg kamm, dene word
111	22	weiter	0	ja	dat ditt mal doch te bedenklich, un bi ener olen Frue in et Fenſter te
111	23	weiter	0	ja	ſtiehn, dat was ehne denn doch te ſchanierlich, un Peiter-Fiſcher harre
111	24	weiter	0	ja	as hei det morgens ilig tau en Angeln leip, den Husſlöttel vergetten.
111	25	weiter	0	ja	Et was grote Noth, de Hewen was tauenält, un Nemmes konne in Himmel
111	26	weiter	0	ja	komen. Härre nich uſe Herr Gott en Inſeihn ehat, da härre dat ſlimm
111	27	weiter	0	ja	konnt weren, aberſt de gue Vaer lebe noch, un richte dat te dem male
111	28	weiter	0	ja	ſau in, dat Jedweder ſek in ſinen Harten ſau en lüttchen Privathimmel
111	29	weiter	0	ja	upbuen un alle himmliſche Luſt langen konne, wenn hei man der na
111	30	weiter	0		leben wolle.
111	31	leer	0		
111	32	absatz	4	ja	Ob Peiter-Fiſcher noch e mal in ſinen Himmel kamm, dat hebbe
111	33	weiter	0	ja	ek in Otte ſinen Speil nich konnt ſeihn, un ob Otte Veihwann in ſinen
111	34	weiter	0	ja	Harten ſau ne lüttche Himmelskamer fund, da könne ek anne twieweln
111	35	weiter	0	ja	denn bi allen Streben na en Groten un Natſchonalen was hei doch
111	36	weiter	0	ja	helleſchen vor ſine Apartigkeit un et blaume de Klewer un et wauchere
111	37	weiter	0	ja	de Nettele. Ek kann mek erren, denn mine Ohren ſind all en bettchen
111	38	weiter	0	ja	dof, un mine Oen ſind vor Older thranig eworren; et will mek ſau
111	39	weiter	0	ja	vorkomen, as leipen beie, Otte un Peiter-Fiſcher noch immer umme
111	40	weiter	0	ja	en Slohn von Peiter-Fiſchers Fruen Köthe rum, un künnen et Lock nich
112	1	weiter	0	ja	finnen, ſeer de niee, hoge Löggenſtein von Kanoſſa up en Borgbarre up-
112	2	weiter	0	ja	erichtet word. Allene manſt de ole gue König un Kaiſer, dat hebbe ek
112	3	weiter	0	ja	eſeihn un weit ek wiſſe, dei hat in ſinen Harten ſinen Himmel efunnen
112	4	weiter	0		un pläet ſek nu in ſinen Older.
112	5	leer	0		
112	6	absatz	4		Hei heilt up ſine Apartigkeit aber hei achte de Meinheit ob Alles.
112	7	leer	0		
112	8	leer	0		
112	9	impressum	0		Buchdruckerei von A. W. Zickfeldt. Oſterwieck a. H.
